DEMREL07,DEMID07,DEMSN07,RELPCG07,RELOCG07,SIBIND07,CH07PRWT,CH07WT,PCGRES07,OCGRES07,ASMRES07,CHRES07,TDRES07,CCDRES07,IWER07,SBLNUM07,BIOPR07,BIOGPR07
2,148,3,7,8,5,26.309999,28.836,1,1,1,1,1,0,3004,96,4,1
2,196,3,1,4,1,28.834,32.106998,1,5,1,1,1,1,3004,1,1,2
2,196,4,1,4,1,28.472,32.171001,1,5,1,1,1,1,3004,1,1,2
2,7756,3,4,9,5,17.815001,19.204,1,1,1,1,1,1,3004,0,3,2
2,1411,2,1,0,1,44.492001,0,1,0,5,5,5,5,3031,2,2,2
2,1411,4,1,0,1,43.655998,0,1,0,5,5,5,5,3031,2,2,2
2,904,3,1,4,5,20.993999,24.527,1,1,1,1,1,1,3040,1,1,2
2,2208,2,4,0,1,15.006,17.343,1,0,1,1,1,1,3037,2,3,2
2,2208,3,4,0,1,14.784,16.868999,1,0,1,1,1,1,3037,2,3,2
2,6733,2,1,0,5,2.21,2.401,1,0,1,1,1,1,3023,0,2,0
2,6742,3,1,0,1,8.2589998,9.0030003,1,0,1,1,5,1,3010,2,2,2
2,6742,4,1,0,1,8.2510004,9.1079998,1,0,1,1,1,1,3010,2,2,2
2,2668,3,1,4,1,46.384998,51.127998,1,1,1,1,1,1,3008,1,1,2
2,2668,4,1,4,1,45.209999,48.314999,1,1,1,1,1,1,3008,1,1,2
2,940,3,1,4,1,9.6300001,10.293,1,1,1,1,1,1,3021,2,1,2
2,940,4,1,4,1,9.6300001,10.293,1,1,1,1,1,1,3021,2,1,2
2,7955,4,1,10,5,5.823,6.099,1,1,1,1,1,1,3008,2,2,2
2,293,3,3,6,5,31.872999,34.278999,1,1,1,1,1,1,3008,96,4,0
2,2831,2,1,0,5,1.773,1.887,1,0,1,1,1,1,3034,96,2,2
2,5288,2,1,0,5,5.7059999,6.2069998,1,0,1,1,1,1,3034,1,2,2
2,1214,3,1,4,5,21.320999,22.431,1,1,1,1,1,1,3037,1,1,2
2,2199,3,2,4,5,27.518,29.57,1,1,1,1,1,1,3017,1,3,0
2,732,3,4,2,5,26.964001,28.566,1,1,1,1,1,1,3037,96,3,0
2,751,3,3,6,5,8.0790005,8.7609997,1,5,1,1,5,1,3002,96,4,2
2,1528,3,1,4,5,24.048,27.565001,1,1,1,1,1,0,3041,96,1,2
2,3357,4,1,4,5,26.639999,28.027,1,1,1,1,1,1,3041,2,1,2
2,2180,3,1,4,5,35.441002,38.390999,1,1,1,1,1,1,3041,1,1,2
2,181,4,1,4,5,18.35,21.677,1,1,1,1,1,1,3041,1,1,2
2,514,3,1,4,1,24.877001,26.872999,1,1,1,1,1,1,3008,1,1,2
2,514,4,1,4,1,24.847,27.228001,1,1,1,1,1,1,3008,1,1,2
2,1546,3,1,4,5,22.134001,0,1,5,5,5,5,5,3041,2,1,2
2,3656,3,7,8,5,14.023,15.661,1,1,1,1,1,1,3008,96,4,1
2,3677,3,1,10,5,19.780001,21.802,1,1,1,1,1,1,3038,96,2,2
2,6574,3,1,7,5,10.064,10.472,1,1,1,1,1,1,3018,0,1,2
2,7981,3,1,4,1,16.941999,17.518999,1,1,1,1,1,1,3023,3,1,2
2,7981,4,1,4,1,16.666,17.360001,1,1,1,1,1,1,3023,3,1,2
2,7031,5,1,4,5,67.625,72.514999,1,1,1,1,1,1,3012,2,1,2
2,5098,3,1,4,5,28.169001,29.256001,1,1,1,1,1,1,3007,1,1,2
2,546,3,1,4,5,28.479,30.349001,1,1,1,1,1,0,3035,2,1,2
2,7518,3,1,0,5,8.7550001,9.4119997,1,0,1,1,1,1,3021,9,2,2
2,3468,3,1,4,5,14.53,15.627,1,1,1,1,1,0,3048,2,1,2
2,4197,3,1,4,5,27.886999,0,1,5,5,5,1,5,3031,0,1,2
2,1347,3,3,6,1,36.164001,40.995998,1,1,1,1,1,1,3012,96,4,0
2,1347,4,1,4,1,34.492001,37.372002,1,1,1,1,1,1,3012,0,1,2
2,5293,3,1,4,1,24.871,25.084,1,1,1,1,1,1,3018,1,1,2
2,5293,4,1,4,1,24.841999,25.329,1,1,1,1,1,1,3018,1,1,2
2,117,4,1,4,5,21.155001,23.448999,1,1,1,1,1,1,3029,2,1,2
2,2888,2,1,7,1,11.574,13.075,1,1,1,1,5,1,3037,1,2,2
2,2888,3,1,7,1,11.333,12.384,1,1,1,1,1,1,3037,1,2,2
2,1562,2,4,2,5,13.31,0,1,1,5,5,5,5,3031,96,2,0
2,3466,3,1,5,1,21.643,24.118999,1,5,1,1,1,1,3048,1,2,2
2,3466,4,1,5,1,21.552,23.896,1,5,1,1,1,1,3048,1,2,2
2,915,3,1,4,1,21.968,25.174999,1,1,1,1,1,1,3033,2,1,2
2,915,4,1,4,1,21.402,23.620001,1,1,1,1,1,1,3033,2,1,2
2,2886,3,1,4,5,37.661999,39.355999,1,1,1,1,1,1,3048,9,1,2
2,3408,3,1,4,5,24.065001,24.705,1,1,1,1,1,1,3048,1,1,2
2,2214,4,1,4,5,22.320999,25.034,1,1,1,1,1,1,3029,3,1,2
2,2967,3,1,4,1,14.371,0,1,1,5,5,5,5,3040,1,1,2
2,2967,4,1,4,1,14.354,0,1,1,5,5,5,5,3040,1,1,2
2,1621,4,1,4,5,5.7129998,0,1,1,5,5,5,5,3049,4,1,2
2,161,2,1,0,1,46.082001,50.966,1,0,1,1,1,1,3008,1,2,0
2,161,3,1,0,1,44.68,47.776001,1,0,1,1,1,1,3008,1,2,0
2,4537,4,1,4,5,23.077999,25.528,1,1,1,1,1,1,3007,1,1,2
2,6856,3,1,0,5,34.098,37.463001,1,0,1,1,1,1,3028,9,1,2
2,2064,2,1,0,5,22.778,25.218,1,0,1,1,1,1,3032,2,2,2
2,1472,3,1,4,1,14.238,16.834999,1,1,1,1,1,1,3037,2,1,2
2,1276,3,1,4,5,22.014,25.917999,1,1,1,1,1,1,3032,9,1,2
2,1472,4,1,4,1,13.578,15.057,1,1,1,1,1,0,3037,2,1,2
2,5265,3,1,4,1,19.514999,22.681,1,1,1,1,1,1,3003,1,1,2
2,5265,4,1,4,1,18.684999,20.93,1,1,1,1,1,1,3003,1,1,2
2,3002,3,1,4,5,27.539,28.820999,1,1,1,1,1,9,3012,1,1,0
2,1868,3,1,5,1,13.187,14.248,1,1,1,1,1,9,3017,3,2,2
2,1868,4,1,5,1,13.316,14.765,1,1,1,1,1,0,3017,3,2,2
2,4460,3,1,4,5,26.552,28.111,1,1,1,1,1,1,3039,0,1,2
2,4066,5,1,4,5,31.627001,34.202,1,1,1,1,1,1,3029,3,1,2
2,1168,3,1,4,5,14.332,15.753,1,1,1,1,1,1,3008,0,1,0
2,3839,3,1,4,5,30.323,31.627001,1,1,1,1,1,1,3018,1,1,2
2,2431,3,1,4,5,19.695999,0,1,1,5,5,5,5,3029,0,1,2
2,6857,3,1,4,5,18.313999,19.613001,1,1,1,1,1,1,3037,2,1,2
2,123,3,1,5,5,41.459999,45.217999,1,1,1,1,1,1,3012,2,2,2
2,2532,4,1,0,5,14.603,15.094,1,0,1,1,1,1,3035,2,2,2
2,2651,3,1,4,5,13.366,14.385,1,1,1,1,1,9,3026,1,1,2
2,3122,3,1,4,5,13.609,15.057,1,1,1,1,1,1,3021,0,1,0
2,8143,3,1,4,5,20.687,0,1,1,5,5,1,5,3023,1,1,0
2,1233,3,1,4,5,31.686001,34.736,1,1,1,1,1,1,3033,9,1,2
2,7355,2,1,0,1,60.043999,68.755997,1,0,1,1,5,1,3037,1,2,0
2,7355,3,1,0,1,57.339001,62.515999,1,0,1,1,5,1,3037,1,2,0
2,758,3,1,4,5,18.267,19.424999,1,1,1,1,1,1,3024,0,1,2
2,614,3,1,4,1,22.149,24.226999,1,1,1,1,1,1,3042,1,1,2
2,614,4,1,4,1,21.718,23.444,1,1,1,1,1,1,3042,1,1,2
2,44,2,1,0,5,31.294001,34.159,1,0,1,1,1,1,3041,1,2,2
2,1850,3,4,1,5,25.228001,25.393999,1,1,1,1,1,1,3031,1,1,2
2,1055,3,1,4,1,13.506,14.4,1,1,1,1,1,1,3018,1,1,2
2,1055,4,1,4,1,13.147,13.859,1,1,1,1,1,1,3018,1,1,2
2,1114,3,1,4,5,60.483002,64.518997,1,1,1,1,1,1,3018,1,1,2
2,3023,3,1,4,1,19.233,21.066,1,1,1,1,1,0,3041,1,1,2
2,3023,4,1,4,1,18.725,20.153,1,1,1,1,1,0,3041,1,1,2
2,4158,2,1,0,5,23.750999,0,1,0,5,5,1,5,3039,0,2,2
2,1585,2,1,0,5,13.846,15.25,1,0,1,1,1,1,3040,96,2,0
2,2061,4,1,4,5,17.867001,19.542999,1,1,1,1,1,1,3048,1,1,2
2,485,3,1,4,5,21.422001,23.761999,1,1,1,1,1,1,3032,1,1,2
2,6950,4,1,4,5,14.131,15.634,1,1,1,1,1,1,3032,4,1,2
2,2581,3,1,4,5,16.089001,17.993,1,1,1,1,1,1,3040,0,1,2
2,1096,3,1,4,5,18.549,19.805,1,1,1,1,1,1,3038,0,1,2
2,6089,3,1,0,1,35.111,0,1,0,5,5,5,5,3049,1,1,2
2,6089,4,1,0,1,34.924,0,1,0,5,5,1,5,3049,1,1,2
2,8151,3,1,4,1,27.981001,0,1,5,5,5,5,5,3049,2,1,2
2,8151,5,1,4,1,27.086,0,1,5,5,5,5,5,3049,2,1,2
2,4961,3,1,4,5,0,14.93,5,1,1,1,1,1,3003,2,1,2
2,515,3,1,0,1,4.0739999,4.7750001,1,0,1,1,1,1,3010,1,2,2
2,515,2,1,0,1,3.9820001,4.4959998,1,0,1,1,1,1,3010,1,2,2
2,1593,2,1,0,5,4.2410002,4.9759998,1,0,1,1,1,1,3010,3,3,2
2,132,2,1,0,5,4.1550002,4.777,1,0,1,1,1,1,3010,3,2,2
2,3971,3,1,4,5,25.283001,28.070999,1,1,1,1,1,1,3015,9,1,2
2,2795,3,7,8,5,21.815001,22.702,1,1,1,1,1,1,3044,96,4,1
2,2826,2,1,0,5,42.015999,47.606998,1,0,1,1,1,0,3016,1,2,2
2,1938,4,1,4,1,8.5500002,8.7060003,1,1,1,1,1,1,3001,2,1,2
2,1938,5,1,4,1,8.5500002,8.7060003,1,1,1,1,1,1,3001,2,1,2
2,1883,4,1,4,5,8.0360003,8.7489996,1,1,1,1,1,1,3032,1,1,2
2,1709,2,1,0,5,16.483999,18.374001,1,0,1,1,1,1,3032,1,2,2
2,4036,3,1,4,5,41.261002,0,1,1,5,5,5,5,3031,1,1,2
2,3454,3,1,4,5,21.99,23.291,1,1,1,1,1,1,3018,0,1,2
2,3595,3,1,5,5,10.048,11.5,1,1,1,1,1,1,3050,1,2,2
2,5148,3,1,4,5,21.917999,22.815001,1,1,1,1,1,0,3013,1,1,2
2,3646,3,7,0,5,31.736,0,1,0,5,5,5,5,3031,96,4,1
2,7479,3,1,4,5,29.445,31.691,1,1,1,1,1,1,3029,1,1,2
2,6918,3,1,4,1,18.681999,20.341,1,1,1,1,1,1,3007,1,1,0
2,6918,4,1,4,1,18.49,20.375,1,1,1,1,1,1,3007,1,1,0
2,6891,3,1,4,5,42.321999,46.569,1,5,1,1,5,1,3033,1,1,2
2,2998,3,3,0,5,35.903,37.807999,1,0,1,1,1,1,3033,96,4,0
2,6519,2,1,0,5,30.118,33.104,1,0,1,1,1,1,3023,1,2,0
2,486,4,1,5,1,10.4,11.52,1,1,1,1,1,1,3040,2,2,2
2,486,3,1,5,1,11.34,12.692,1,1,1,1,1,1,3040,2,2,2
2,788,3,1,4,5,26.9,0,1,5,5,5,1,5,3017,0,1,2
2,315,3,1,4,5,12.903,13.646,1,1,1,1,1,1,3020,1,1,2
2,5635,4,1,4,5,5.9190001,6.1160002,1,1,1,1,1,1,3020,2,1,2
2,4274,4,1,4,5,38.450001,42.248001,1,1,1,1,1,1,3010,1,1,2
2,5133,3,1,4,5,20.283001,21.113001,1,1,1,1,1,1,3044,1,1,2
2,4414,4,4,1,5,20.1,22.086,1,1,1,1,1,1,3016,1,1,2
2,1738,3,7,8,5,43.772999,50.797001,1,1,1,1,1,0,3016,96,4,1
2,6165,3,1,4,1,20.483999,22.082001,1,1,1,1,1,1,3002,1,1,2
2,6165,4,1,4,1,20.139999,21.531,1,1,1,1,1,0,3002,1,1,2
2,5076,3,1,4,5,16.112,0,1,1,5,5,5,5,3049,2,1,2
2,204,2,4,14,5,23.223,27.563999,1,1,1,1,1,1,3037,96,3,2
2,2370,3,1,4,1,18.271,19.775,1,1,1,1,1,1,3024,4,1,2
2,2370,4,1,4,1,18.103001,19.239,1,1,1,1,1,1,3024,4,1,2
2,7453,3,1,4,5,23.608,0,1,1,5,5,1,5,3003,1,1,2
2,3461,3,1,4,5,20.353001,22.766001,1,5,1,1,1,1,3003,3,1,2
2,7071,3,1,4,1,3.5669999,3.7160001,1,1,1,1,1,1,3018,1,1,2
2,7071,4,1,4,1,3.5179999,3.6440001,1,1,1,1,1,1,3018,1,1,2
2,3463,3,1,4,1,12.364,13.828,1,5,1,1,1,1,3048,1,1,2
2,2504,3,1,5,1,20.966,22.388,1,5,1,1,1,0,3048,1,2,2
2,3463,4,1,4,1,12.222,13.527,1,5,1,1,1,1,3048,1,1,2
2,2504,4,1,4,1,20.518,21.617001,1,5,1,1,1,1,3048,1,1,2
2,3476,3,1,5,5,5.8959999,0,1,1,5,5,5,5,3048,2,2,2
2,3348,3,1,4,1,18.67,22.143,1,1,1,1,1,1,3048,1,1,0
2,3348,4,1,4,1,18.058001,20.825001,1,1,1,1,1,1,3048,1,1,0
2,7512,5,4,1,5,1.993,2.1960001,1,1,1,1,1,1,3022,2,1,0
2,7070,4,1,4,5,35.316002,38.417,1,1,1,1,1,1,3024,2,1,2
2,4670,3,1,4,5,33.41,36.897999,1,5,1,1,1,0,3004,96,1,2
2,1776,3,1,4,5,23.693001,27.104,1,1,1,1,1,1,3029,0,1,2
2,5177,3,1,4,1,37.543999,39.363998,1,1,1,1,1,1,3008,2,1,2
2,5913,3,1,4,5,24.48,26.211,1,1,1,1,1,1,3023,1,1,2
2,5177,5,1,4,1,36.894001,38.359001,1,1,1,1,1,1,3008,2,1,2
2,6411,4,1,13,5,30.747,35.633999,1,1,1,1,1,1,3048,1,1,0
2,5990,4,1,4,5,12.683,13.299,1,5,1,1,1,1,3048,3,1,2
2,7472,2,1,0,5,11.958,12.492,1,0,1,1,1,1,3031,3,2,2
2,5269,3,1,4,5,42.967999,45.624001,1,1,1,1,1,1,3010,1,1,2
2,8014,4,1,5,5,45.786999,48.998001,1,1,1,1,1,1,3001,2,2,2
2,7987,2,4,0,5,9.5450001,9.9429998,1,0,1,1,1,1,3035,0,3,2
2,3472,3,1,4,5,41.881001,44.93,1,1,1,1,1,1,3008,0,1,2
2,1400,3,1,4,5,20.187,22.295,1,1,1,1,1,1,3029,1,1,2
2,2407,3,1,4,1,19.621,21.454,1,1,1,1,1,1,3029,2,1,2
2,2407,4,1,4,1,19.424999,21.489,1,1,1,1,1,1,3029,2,1,2
2,2579,3,1,4,5,16.204,17.315001,1,5,1,1,1,1,3035,9,1,2
2,1279,3,1,5,1,46.547001,52.687,1,1,1,1,1,1,3038,2,2,2
2,5082,2,1,0,5,21.688999,0,1,0,5,5,5,5,3043,1,2,2
2,1279,4,1,5,1,45.758999,52.048,1,1,1,1,1,1,3038,2,2,2
2,4816,3,1,4,5,3.7119999,4.1409998,1,1,1,1,1,1,3041,1,1,2
2,1871,3,1,0,1,56.452999,61.137001,1,0,1,1,1,1,3002,3,2,2
2,1871,4,1,0,1,55.402,59.472,1,0,1,1,1,1,3002,3,2,2
2,860,3,1,4,5,36.091,37.819,1,5,1,1,1,1,3017,1,1,2
2,1484,3,3,6,5,15.378,16.042,1,1,1,1,1,1,3017,96,4,0
2,3628,3,4,0,5,36.193001,37.362999,1,0,1,1,1,1,3003,1,3,2
2,7710,4,1,4,5,27.761,31.945,1,1,1,1,1,1,3040,1,1,2
2,3698,3,1,4,5,16.473,18.153,1,1,1,1,1,0,3015,96,1,2
2,3425,3,1,4,5,21.587,25.156,1,1,1,1,1,1,3015,1,1,2
2,5916,3,1,4,1,17.298,18.525999,1,1,1,1,1,0,3003,2,1,2
2,5916,4,1,4,1,17.489,19.125,1,1,1,1,1,0,3003,2,1,2
2,3923,4,1,4,5,22.209,25.33,1,1,1,1,1,0,3042,1,1,0
2,773,4,1,4,5,32.490002,35.207001,1,1,1,1,1,0,3047,2,1,0
2,450,3,1,5,5,4.3909998,0,1,1,5,5,5,5,3049,2,2,2
2,7870,2,1,0,5,18.525,19.997,1,0,1,1,1,1,3026,1,2,2
2,7645,2,1,0,5,18.511999,20.617001,1,0,1,1,1,1,3037,1,2,2
2,845,5,1,7,5,39.494999,43.587002,1,1,1,1,1,1,3010,1,2,1
2,3500,3,1,4,5,19.705,20.941999,1,1,1,1,1,1,3043,96,1,2
2,4000,3,1,4,1,11.438,12.307,1,1,1,1,1,1,3043,1,1,2
2,4000,4,1,4,1,11.311,12.078,1,1,1,1,1,1,3043,1,1,2
2,1216,3,1,4,1,34.367001,35.32,1,1,1,1,1,0,3039,3,1,2
2,1216,4,1,4,1,34.519001,35.901001,1,1,1,1,1,0,3039,3,1,2
2,8227,3,1,0,1,14.663,15.299,1,0,1,1,1,1,3013,1,2,2
2,8227,4,1,0,1,14.51,15.197,1,0,1,1,1,1,3013,1,2,2
2,1671,2,1,0,5,48.007,49.963001,1,0,1,1,1,1,3035,0,2,2
2,5361,4,1,4,1,27.771999,30.097,1,1,1,1,1,1,3027,1,1,0
2,5361,3,1,4,1,28.645,32.268002,1,1,1,1,1,1,3027,1,1,0
2,3132,3,1,4,5,21.562,24.289,1,1,1,1,1,0,3027,9,1,0
2,1425,2,1,0,1,45.701,0,1,0,5,5,5,5,3039,2,2,2
2,1425,3,1,0,1,44.733002,0,1,0,5,5,5,5,3039,2,2,2
2,2982,3,1,4,1,21.466,24.612,1,5,1,1,1,1,3037,1,1,2
2,2982,4,1,4,1,21.298,24.650999,1,5,1,1,1,1,3037,1,1,2
2,1971,3,1,5,5,14.152,14.978,1,1,1,1,1,1,3012,1,2,2
2,907,3,1,0,5,19.035999,20.483,1,0,1,1,1,1,3029,1,2,0
2,4137,3,1,4,5,14.451,0,1,5,5,5,1,5,3038,96,1,2
2,5424,3,1,4,5,12.923,13.971,1,1,1,1,1,0,3003,0,1,2
2,1714,3,1,5,5,9.0050001,10.151,1,1,1,1,1,1,3033,2,2,2
2,2900,3,1,4,5,31.124001,33.973,1,1,1,1,1,1,3033,1,1,2
2,6378,3,1,4,5,12.626,13.042,1,1,1,1,1,1,3038,1,1,2
2,4383,3,1,5,5,23.431999,23.884001,1,1,1,1,1,1,3005,1,2,2
2,4256,3,1,5,5,11.086,12.766,1,1,1,1,1,1,3017,1,2,2
2,3354,2,1,2,5,6.8460002,7.224,1,1,1,1,1,1,3023,1,2,2
2,6665,3,1,0,5,20.162001,23.054001,1,0,1,1,1,1,3015,1,2,2
2,2223,2,4,0,1,23.667,25.624001,1,0,1,1,1,1,3015,2,3,2
2,1735,5,2,4,1,27.438,30.097,1,1,1,1,1,1,3015,3,3,2
2,2223,3,4,0,1,23.388,25.115999,1,0,1,1,1,1,3015,2,3,2
2,1735,6,2,4,1,27.58,30.825001,1,1,1,1,1,1,3015,3,3,2
2,2206,3,1,4,5,14.236,15.155,1,1,1,1,1,1,3013,1,1,2
2,468,3,1,4,5,24.549999,25.125,1,1,1,1,1,1,3013,0,1,2
2,1956,4,1,4,5,10.137,10.617,1,1,1,1,1,1,3013,1,1,2
2,793,3,1,6,1,16.747,17.382,1,1,1,1,1,1,3013,4,2,2
2,793,4,1,6,1,16.530001,17.069,1,1,1,1,1,1,3013,4,2,2
2,287,3,1,4,5,11.604,11.855,1,1,1,1,1,1,3013,2,1,2
2,7758,4,1,0,1,19.408001,20.749001,1,0,1,1,1,1,3044,2,2,2
2,6616,4,1,4,5,10.976,11.832,1,1,1,1,1,1,3040,1,1,2
2,7758,3,1,0,1,19.74,21.280001,1,0,1,1,1,1,3044,2,2,2
2,1944,4,1,4,5,20.724001,0,1,1,5,5,5,5,3037,1,1,0
2,6985,3,1,4,5,26.718,30.504999,1,1,1,1,1,1,3037,9,1,2
2,1419,5,1,4,5,35.269001,39.569,1,1,1,1,1,1,3037,2,1,2
2,4834,2,1,0,5,35.339001,0,1,0,5,5,5,5,3047,0,2,2
2,5455,3,1,4,5,23.966999,0,1,5,5,5,5,5,3048,1,1,0
2,3587,3,1,4,5,16.815001,17.955999,1,1,1,1,1,1,3033,1,1,2
2,1467,3,1,4,5,32.764999,33.945,1,1,1,1,1,0,3001,2,1,2
2,5229,2,3,0,5,22.127001,24.596001,1,0,1,1,1,1,3008,96,4,0
2,399,3,1,4,5,16.037001,16.903,1,1,1,1,1,1,3043,1,1,2
2,933,5,4,1,5,25.874001,28.712,1,1,1,1,1,1,3043,2,1,0
2,2590,3,1,4,5,18.086,20.604,1,1,1,1,1,1,3042,2,1,2
2,4295,2,1,0,5,5.8779998,6.5840001,1,0,1,1,1,1,3042,0,2,2
2,3017,3,1,5,1,14.8,16.037001,1,1,1,1,1,0,3040,1,2,2
2,3017,4,1,5,1,14.7,15.861,1,1,1,1,1,1,3040,1,2,2
2,4945,3,1,4,1,28.572001,31.018,1,1,1,1,1,0,3047,2,1,2
2,4945,4,1,4,1,27.917999,30.025,1,1,1,1,1,0,3047,2,1,2
2,4126,4,1,5,5,53.313999,53.011002,1,1,1,1,1,1,3018,2,2,2
2,6516,2,1,0,1,5.9190001,6.7449999,1,0,1,1,5,1,3010,2,2,2
2,1381,2,1,0,5,4.7930002,5.5830002,1,0,1,1,1,1,3010,1,2,2
2,6516,3,1,0,1,5.8270001,6.5609999,1,0,1,1,5,1,3010,2,2,2
2,863,3,1,7,5,5.6589999,6.1810002,1,1,1,1,1,1,3008,3,2,1
2,1060,3,1,4,5,21.232,22.462999,1,1,1,1,1,0,3008,0,1,2
2,3692,3,1,13,5,4.132,4.8610001,1,1,1,1,1,1,3039,1,2,0
2,6537,4,3,0,5,3.447,3.78,1,0,1,1,1,1,3039,96,4,0
2,2606,3,1,0,5,2.0799999,2.349,1,0,1,1,1,1,3039,1,2,0
2,2353,3,1,4,5,21.385,21.929001,1,1,1,1,1,0,3038,1,1,2
2,2053,3,1,4,1,23.705999,26.291,1,1,1,1,1,1,3008,1,1,2
2,2053,4,1,4,1,23.063999,25.191999,1,1,1,1,1,0,3008,1,1,2
2,7314,3,1,0,5,62.673,70.478996,1,0,1,1,1,1,3035,1,2,0
2,195,3,1,4,5,16.011,17.094,1,1,1,1,1,1,3029,9,1,2
2,3260,3,1,4,1,22.870001,25.004999,1,1,1,1,1,0,3029,3,1,2
2,3260,4,1,4,1,22.836,25.396999,1,1,1,1,1,1,3029,3,1,2
2,3494,3,1,5,1,16.464001,18.059999,1,1,1,1,1,1,3021,1,2,2
2,3494,4,1,5,1,16.436001,18.371,1,1,1,1,1,1,3021,1,2,2
2,1441,3,1,4,5,13.167,13.727,1,1,1,1,1,1,3047,1,1,2
2,1451,2,1,0,5,18.368,20.632,1,0,1,1,1,1,3013,2,2,0
2,5201,3,1,6,1,31.84,33.568001,1,1,1,1,1,1,3038,3,2,2
2,5201,4,1,6,1,31.436001,32.935001,1,1,1,1,1,1,3038,3,2,2
2,1635,3,1,4,1,47.823002,53.636002,1,1,1,1,1,1,3033,1,1,2
2,1635,4,1,4,1,45.110001,0,1,1,5,5,1,5,3049,1,1,2
2,5806,3,1,5,5,22.101999,25.551001,1,1,1,1,1,1,3050,0,2,2
2,5070,3,4,1,1,17.570999,19.497999,1,5,1,1,1,1,3024,1,1,2
2,5070,4,4,1,1,17.339001,19.049999,1,5,1,1,1,1,3045,1,1,2
2,5084,3,1,4,5,12.933,14.202,1,1,1,1,1,1,3037,9,1,2
2,5166,3,1,4,1,29.636999,33.597,1,1,1,1,1,0,3002,1,1,2
2,5166,4,1,4,1,29.037001,32.529999,1,1,1,1,1,0,3002,1,1,2
2,2774,3,4,1,5,23.604,26.136999,1,1,1,1,1,1,3038,0,1,2
2,2408,3,1,4,5,38.687,0,1,1,5,5,5,5,3049,1,1,2
2,4353,3,1,4,1,17.674,18.667,1,1,1,1,1,1,3008,1,1,2
2,4353,4,1,4,1,17.184999,17.922001,1,1,1,1,1,1,3008,1,1,2
2,6225,3,1,4,5,19.51,0,1,5,5,5,5,5,3031,0,1,2
2,464,3,1,4,5,18.339001,19.143,1,5,1,1,1,1,3008,2,1,2
2,258,3,1,4,1,23.308001,24.523001,1,5,1,1,1,1,3010,1,1,2
2,258,4,1,4,1,23.104,24.225,1,5,1,1,1,1,3010,1,1,2
2,5053,4,1,4,5,21.164,22.753,1,1,1,1,1,1,3006,1,1,2
2,3053,3,1,14,5,40.273998,43.215,1,1,1,1,1,0,3006,1,2,2
2,5389,3,1,4,5,21.672001,22.367001,1,5,1,1,1,1,3004,2,1,2
2,380,3,1,4,1,13.712,14.288,1,1,1,1,1,1,3002,2,1,2
2,359,3,1,4,5,31.502001,33.907001,1,1,1,1,1,1,3002,1,1,0
2,380,4,1,4,1,13.608,14.139,1,1,1,1,1,1,3002,2,1,2
2,113,2,1,0,5,21.844999,23.740999,1,0,1,1,1,1,3002,0,2,0
2,2277,3,1,0,5,13.856,16.087999,1,0,1,1,5,0,3037,0,1,0
2,1488,3,7,0,5,26.240999,28.822001,1,0,1,1,1,1,3004,96,4,1
2,2139,3,1,4,1,16.346001,17.160999,1,5,1,1,1,1,3002,1,1,0
2,2139,4,1,4,1,16.044001,16.73,1,5,1,1,1,1,3002,1,1,0
2,2417,2,4,0,5,12.735,13.947,1,0,1,1,5,1,3040,96,3,2
2,6424,3,1,4,5,41.575001,43.780998,1,1,1,1,1,0,3010,0,1,2
2,3303,4,1,0,5,13.344,0,1,0,5,5,1,5,3047,1,2,0
2,3317,4,1,4,1,37.696999,39.298,1,1,1,1,1,1,3020,2,1,2
2,3317,5,1,4,1,37.486,38.973999,1,1,1,1,1,1,3020,2,1,2
2,2426,3,1,4,5,21.573999,23.503,1,1,1,1,1,1,3020,96,1,2
2,5360,3,1,4,1,24.864,27.021,1,1,1,1,1,0,3020,1,1,2
2,5360,4,1,4,1,24.632,26.268999,1,1,1,1,1,0,3020,1,1,2
2,244,3,1,4,5,31.483999,34.493,1,5,1,1,1,0,3039,9,1,2
2,5707,3,1,4,5,23.111,25.048,1,5,1,1,1,1,3008,2,1,2
2,7005,2,1,0,5,19.889999,20.556,1,0,1,1,1,1,3046,1,2,2
2,4152,3,1,0,5,37.77,40.681999,1,0,1,1,1,1,3017,1,2,2
2,1644,3,1,4,5,6.9910002,7.3829999,1,1,1,1,1,1,3028,1,1,2
2,2670,2,1,0,1,18.642,22.187,1,0,1,1,1,1,3040,1,2,2
2,2670,3,1,0,1,17.733999,19.75,1,0,1,1,1,1,3040,1,2,2
2,397,3,1,4,5,35.646,40.363998,1,1,1,1,1,1,3040,2,1,2
2,1103,3,1,5,5,21.163,25.747999,1,1,1,1,1,1,3033,96,2,2
2,6939,3,7,8,1,5.6950002,0,1,1,5,5,5,5,3030,1,4,2
2,6939,4,7,8,1,5.7220001,0,1,1,5,5,5,5,3030,1,4,2
2,4529,3,1,7,5,29.879,30.660999,1,1,1,1,1,1,3038,1,1,2
2,4943,3,1,4,5,14.43,14.967,1,1,1,1,1,1,3038,1,1,2
2,3244,3,1,5,5,36.696999,40.069,1,1,1,1,1,1,3033,96,2,2
2,3159,2,1,0,5,25.216999,26.940001,1,0,1,1,1,1,3039,2,2,2
2,6643,3,1,0,5,17.856001,19.283001,1,0,1,1,1,1,3024,1,2,2
2,683,3,1,4,5,14.049,14.412,1,1,1,1,1,1,3018,1,1,2
2,1036,3,1,4,5,41.730999,44.259998,1,1,1,1,1,1,3018,0,1,2
2,4553,3,1,4,5,14.614,0,1,1,5,5,5,5,3031,2,1,2
2,6442,3,1,0,1,14.112,14.762,1,0,1,1,1,1,3043,1,2,2
2,6442,2,1,0,1,14.169,15.012,1,0,1,1,1,1,3043,1,2,2
2,3415,4,1,4,5,26.893,29.547001,1,1,1,1,1,1,3048,2,1,2
2,3731,4,1,4,5,39.577,41.084,1,1,1,1,1,1,3001,2,1,2
2,1072,2,1,0,5,27.631001,30.552999,1,0,1,1,1,1,3010,3,2,2
2,873,2,4,0,1,17.069,18.625999,1,0,1,1,1,1,3010,1,2,2
2,873,3,4,0,1,16.608999,17.584,1,0,1,1,1,1,3010,1,2,2
2,4041,2,1,0,5,50.373001,54.678001,1,0,1,1,1,1,3017,1,2,2
2,4465,3,1,4,5,27.547001,30.417,1,1,1,1,1,1,3017,1,1,2
2,2172,3,1,4,1,12.826,13.746,1,1,1,1,1,1,3044,1,1,2
2,2172,4,1,4,1,12.738,13.6,1,1,1,1,1,1,3044,1,1,2
2,1271,3,1,4,5,21.570999,23.257,1,1,1,1,1,1,3037,1,1,2
2,4979,2,1,0,5,27.195999,29.444,1,0,1,1,1,1,3037,1,2,2
2,1398,4,1,4,5,25.142,27.694,1,1,1,1,1,1,3038,1,1,2
2,3448,3,1,4,1,32.27,34.404999,1,1,1,1,1,1,3018,4,1,2
2,3448,4,1,4,1,31.191999,32.303001,1,1,1,1,1,1,3018,4,1,2
2,3156,3,1,4,5,18.554001,19.162001,1,1,1,1,1,1,3005,2,1,2
2,7126,3,2,4,5,2.062,2.546,1,1,1,1,1,1,3001,1,3,0
2,4543,3,1,5,1,12.739,14.383,1,1,1,1,1,1,3011,1,2,2
2,4543,4,1,5,1,12.359,13.717,1,1,1,1,1,1,3011,1,2,2
2,4172,5,7,8,1,10.234,10.485,1,1,1,1,1,1,3003,2,4,1
2,4172,4,7,8,1,10.443,10.917,1,1,1,1,1,1,3003,2,4,1
2,3172,3,1,4,1,16.739,17.995001,1,1,1,1,1,1,3043,1,1,2
2,3172,4,1,4,1,16.739,17.995001,1,1,1,1,1,1,3043,1,1,2
2,1475,4,1,6,1,25.917,29.030001,1,1,1,1,5,1,3043,1,2,0
2,1475,3,1,6,1,25.917,29.030001,1,1,1,1,5,1,3043,1,2,0
2,4651,3,1,4,5,18.659,19.736,1,1,1,1,1,1,3004,0,1,2
2,1819,3,1,4,5,11.645,12.64,1,1,1,1,1,1,3034,9,1,2
2,5650,3,1,4,5,16.746,17.767,1,1,1,1,1,1,3003,2,1,0
2,108,4,1,4,5,30.167,32.459999,1,1,1,1,1,1,3027,1,1,2
2,1000,3,1,4,5,45.897999,51.637001,1,1,1,1,1,1,3027,9,1,2
2,5418,3,1,4,5,44.405998,47.402,1,1,1,1,1,1,3027,3,1,2
2,131,2,1,0,1,16.243999,18.127001,1,0,1,1,1,1,3014,2,2,2
2,2357,4,1,0,5,60.333,0,1,0,5,5,5,5,3049,2,2,2
2,1898,2,1,0,1,67.921997,72.514999,1,0,1,1,1,1,3014,1,2,2
2,1898,3,1,0,1,67.921997,72.514999,1,0,1,1,1,1,3014,1,2,2
2,131,3,1,0,1,16.228001,18.361,1,0,1,1,1,1,3014,2,2,2
2,393,2,1,0,5,7.9260001,8.4180002,1,0,1,1,1,0,3038,96,2,2
2,4832,2,1,0,5,20.448,21.368999,1,0,1,1,1,1,3044,2,2,2
2,6212,3,1,13,1,24.003,25.754,1,1,1,1,1,1,3008,2,3,0
2,6212,4,4,2,1,23.823999,24.392,1,1,1,1,1,1,3008,2,3,0
2,5006,3,1,4,5,37.304001,40.139,1,1,1,1,1,0,3029,2,2,2
2,5461,2,1,0,1,26.115999,27.660999,1,0,1,1,1,1,3003,2,2,2
2,5461,3,1,0,1,25.381001,26.593,1,0,1,1,1,1,3003,2,2,2
2,4422,3,1,4,5,19.434999,21.884001,1,1,1,1,1,1,3037,0,1,2
2,4838,3,1,4,5,26.414,27.351,1,1,1,1,1,1,3034,2,1,0
2,3183,3,1,4,1,9.474,10.227,1,5,1,1,1,1,3040,2,1,2
2,3183,4,1,4,1,9.2690001,9.7510004,1,5,1,1,1,1,3040,2,1,2
2,5787,3,1,4,5,21.016001,23.854,1,1,1,1,1,1,3033,2,1,2
2,7461,3,1,10,5,44.141998,0,1,5,5,5,5,5,3023,1,2,2
2,1351,2,1,0,1,13.845,15.484,1,0,1,1,1,1,3042,2,2,2
2,1884,4,1,4,5,18.642,21.396,1,1,1,1,1,1,3034,1,1,2
2,1351,3,1,0,1,13.744,15.507,1,0,1,1,1,1,3042,2,2,2
2,774,4,1,4,5,35.242001,37.187,1,1,1,1,1,1,3034,1,1,2
2,2902,3,1,4,1,26.82,28.764,1,1,1,1,1,0,3039,1,1,2
2,2902,4,1,4,1,26.643,28.464001,1,1,1,1,1,0,3039,1,1,2
2,3567,3,1,5,1,47.946999,50.779999,1,1,1,1,1,1,3010,1,2,2
2,2763,5,1,4,5,10.051,10.664,1,1,1,1,1,1,3039,2,1,2
2,3567,4,1,5,1,46.032001,47.313,1,1,1,1,1,1,3010,1,2,2
2,7007,2,1,0,5,13.671,14.163,1,0,1,1,1,1,3037,0,2,2
2,2250,3,1,5,5,28.628,32.161999,1,1,1,1,1,1,3044,9,2,0
2,7643,3,1,4,5,20.756001,23.482,1,1,1,1,1,1,3044,9,1,2
2,867,4,4,0,1,59.402,64.174004,1,0,1,1,1,1,3039,2,1,0
2,867,5,4,0,1,59.729,65.709999,1,0,1,1,1,1,3039,2,1,0
2,5438,3,1,4,5,27.614,31.576,1,5,1,1,1,1,3040,1,1,2
2,2572,2,1,0,1,26.669001,30.101,1,0,1,1,1,1,3040,1,2,2
2,2572,3,1,0,1,26.214001,29.253,1,0,1,1,1,1,3040,1,2,2
2,3336,3,1,4,1,36.311001,38.445999,1,1,1,1,1,1,3040,3,1,2
2,3336,5,1,4,1,35.91,37.778999,1,1,1,1,1,1,3040,3,1,2
2,4782,3,1,5,1,14.228,15.5,1,1,1,1,1,1,3015,1,2,2
2,4782,4,1,5,1,13.921,14.758,1,1,1,1,1,1,3015,1,2,2
2,6569,3,1,7,5,27.924,28.754,1,1,1,1,1,1,3026,2,2,2
2,3138,4,1,4,5,13.608,15.712,1,1,1,1,1,1,3037,1,1,2
2,6448,3,1,4,1,8.7209997,9.6359997,1,1,1,1,1,1,3037,1,1,0
2,6448,4,1,4,1,8.7650003,9.8730001,1,1,1,1,1,1,3037,1,1,0
2,8244,3,4,0,5,8.8540001,9.1009998,1,0,1,1,1,1,3033,3,1,0
2,613,3,1,4,1,17.667999,19.646999,1,1,1,1,1,1,3001,2,1,2
2,613,4,1,4,1,17.245001,18.886999,1,1,1,1,1,1,3017,2,1,2
2,1006,4,1,0,5,3.444,3.7349999,1,0,1,1,1,1,3026,2,2,2
2,2032,3,4,1,1,23.625,25.975,1,1,1,1,1,1,3038,1,1,0
2,2032,4,4,1,1,23.171,25.226,1,1,1,1,1,1,3038,1,1,0
2,4200,2,1,0,5,12.822,14.351,1,0,1,1,1,9,3048,96,2,2
2,4037,5,1,4,5,20.312,20.705999,1,1,1,1,1,1,3048,3,1,2
2,3981,4,1,4,5,36.494999,38.382999,1,1,1,1,1,1,3039,2,1,2
2,2229,4,1,4,5,23.367001,24.792,1,1,1,1,1,1,3039,1,1,2
2,2813,4,1,4,5,14.874,17.094,1,1,1,1,1,1,3041,1,1,2
2,1827,3,1,5,5,65.748001,70.912003,1,1,1,1,1,1,3029,3,2,2
2,4844,4,1,0,5,67.921997,72.514999,1,0,1,1,1,1,3029,2,2,2
2,4375,4,1,4,5,15.76,17.195,1,1,1,1,1,1,3029,1,1,2
2,4305,3,1,4,5,22.870001,25.330999,1,1,1,1,1,1,3038,96,1,2
2,6946,2,1,0,5,67.921997,72.514999,1,0,1,1,1,1,3037,96,2,2
2,5204,5,1,4,5,67.921997,0,1,5,5,5,1,5,3023,2,1,2
2,6752,3,1,4,1,24.077,25.313999,1,1,1,1,1,1,3023,1,1,2
2,6752,4,1,4,1,23.857,24.995001,1,1,1,1,1,1,3023,1,1,2
2,1915,3,1,4,5,15.342,15.888,1,1,1,1,1,1,3020,3,1,2
2,2222,2,1,0,5,13.282,14.342,1,0,1,1,1,1,3039,0,2,2
2,3426,3,1,4,5,27.577,31.533001,1,1,1,1,1,1,3032,96,1,2
2,3737,3,1,4,5,13.966,15.085,1,1,1,1,1,1,3038,0,1,2
2,4062,3,4,1,5,19.468,0,1,1,5,5,1,5,3039,9,1,2
2,5978,2,1,0,1,13.372,14.65,1,0,1,1,1,1,3004,1,2,3
2,5978,3,1,0,1,12.72,13.39,1,0,1,1,1,1,3004,1,2,3
2,3145,4,1,4,5,28.77,31.202999,1,1,1,1,1,1,3040,2,1,2
2,5613,3,1,4,5,32.596001,37.056999,1,1,1,1,1,1,3041,1,1,2
2,1024,3,7,0,5,37.662998,42.875,1,0,1,1,1,1,3010,2,4,1
2,5861,3,1,4,1,14.439,15.363,1,1,1,1,1,1,3010,1,1,2
2,5861,4,1,4,1,14.082,14.82,1,1,1,1,1,1,3010,1,1,2
2,2324,2,1,0,5,10.247,11.29,1,0,1,1,1,1,3026,0,2,2
2,8112,3,1,0,5,17.360001,21.094,1,0,1,1,5,1,3043,1,2,2
2,4996,3,1,4,1,18.684,20.441999,1,1,1,1,1,1,3043,2,1,2
2,4996,4,1,4,1,18.290001,19.462,1,1,1,1,1,1,3043,2,1,2
2,1759,3,1,4,5,17.799999,19.469999,1,1,1,1,1,1,3040,9,1,2
2,4755,3,1,4,5,19.417,21.660999,1,1,1,1,1,1,3048,9,1,2
2,2844,4,1,4,1,38.318001,41.598,1,1,1,1,1,1,3012,2,1,2
2,2844,5,1,4,1,37.442001,40.266998,1,1,1,1,1,1,3012,2,1,2
2,5855,3,1,4,1,17.926001,19.143,1,1,1,1,1,0,3015,5,1,2
2,5855,4,1,4,1,18.007999,19.528999,1,1,1,1,1,0,3015,5,1,2
2,2772,3,1,4,5,12.84,14.756,1,1,1,1,1,1,3015,2,1,2
2,996,4,1,4,5,37.080002,38.747002,1,1,1,1,1,1,3033,1,1,2
2,3299,3,1,4,1,13.935,15.356,1,1,1,1,1,1,3024,2,1,2
2,3287,4,1,4,5,18.569,20.098,1,1,1,1,5,1,3024,2,1,2
2,3299,4,1,4,1,13.569,14.471,1,1,1,1,1,1,3024,2,1,2
2,7318,2,1,0,5,22.502001,0,1,0,5,5,5,5,3044,0,2,2
2,6727,3,1,4,5,20.424,22.84,1,1,1,1,1,1,3029,1,1,2
2,2346,3,1,5,5,36.702999,42.964001,1,1,1,1,1,1,3047,2,2,2
2,2360,2,1,0,5,12,12.878,1,0,1,1,1,1,3048,1,2,2
2,2714,2,1,0,1,35.178001,39.146,1,0,1,1,1,1,3048,1,2,2
2,2714,3,1,0,1,34.814999,37.834999,1,0,1,1,1,1,3048,1,2,2
2,2351,2,1,10,5,19.013,0,1,5,5,5,5,5,3031,1,2,2
2,745,3,1,4,1,26.625,0,1,1,5,5,1,5,3023,2,1,2
2,745,4,1,4,1,25.91,0,1,1,5,5,1,5,3023,2,1,2
2,8278,3,1,0,1,20.031,22.009001,1,0,1,1,1,1,3044,2,1,2
2,8278,4,1,0,1,19.518,21.143999,1,0,1,1,1,1,3044,2,1,2
2,4944,3,1,5,1,11.135,11.607,1,5,1,1,1,1,3013,1,2,2
2,4944,4,1,5,1,11.063,11.499,1,5,1,1,1,1,3013,1,2,2
2,5309,2,1,7,5,46.764999,0,1,1,5,5,5,5,3049,0,2,2
2,8140,3,1,4,1,0,40.167,5,5,1,1,1,1,3038,2,1,2
2,8140,4,1,4,1,0,39.658001,5,5,1,1,1,1,3038,2,1,2
2,2909,3,1,5,5,41.173,46.002998,1,1,1,1,1,0,3013,0,2,2
2,2864,4,1,4,1,35.238998,37.75,1,1,1,1,1,1,3016,2,1,2
2,4184,3,1,4,5,18.162001,19.496,1,1,1,1,1,1,3037,1,1,2
2,2864,5,1,4,1,34.016998,35.359001,1,1,1,1,1,1,3016,2,1,2
2,7715,4,1,4,5,26.391001,28.650999,1,5,1,1,1,1,3001,1,1,2
2,2347,4,1,4,5,26.063,27.443001,1,1,1,1,1,1,3020,1,1,2
2,3099,3,1,4,5,40.506001,41.311001,1,1,1,1,1,1,3019,1,1,2
2,893,2,1,0,1,47.200001,53.997002,1,0,1,1,1,1,3019,1,2,2
2,893,3,1,0,1,45.535,51.136002,1,0,1,1,1,1,3019,1,2,2
2,4953,3,1,0,1,23.163,24.115999,1,0,1,1,1,1,3042,2,2,2
2,4953,4,1,0,1,22.830999,23.639,1,0,1,1,1,1,3015,2,2,2
2,525,3,1,10,1,21.469999,0,1,5,5,5,5,5,3001,1,2,2
2,525,4,1,10,1,20.962,0,1,5,5,5,5,5,3001,1,2,2
2,4215,3,1,4,1,67.921997,72.514999,1,1,1,1,1,1,3044,2,1,2
2,4215,5,1,4,1,67.921997,72.514999,1,1,1,1,1,1,3044,2,1,2
2,1012,3,1,4,1,30.84,31.764,1,1,1,1,1,1,3008,2,1,2
2,1012,4,1,4,1,30.483999,31.26,1,1,1,1,1,1,3008,2,1,2
2,3465,4,1,4,1,3.049,3.277,1,1,1,1,1,1,3046,2,1,2
2,3465,3,1,4,1,3.026,3.1860001,1,1,1,1,1,1,3046,2,1,2
2,2190,3,1,4,5,16.099001,17.169001,1,1,1,1,1,1,3043,0,1,2
2,5789,7,1,4,5,54.612999,61.074001,1,1,1,1,1,1,3002,5,1,2
2,6686,3,1,4,5,53.984001,58.195999,1,1,1,1,1,0,3044,2,1,2
2,6304,3,1,4,5,17.479,18.233,1,1,1,1,1,1,3044,0,1,2
2,7640,2,1,0,1,1.859,2.085,1,0,1,1,5,1,3033,2,2,2
2,7640,3,1,0,1,1.849,2.062,1,0,1,1,5,1,3033,2,2,2
2,7284,2,4,0,5,31.426001,34.912998,1,0,1,1,1,1,3002,0,3,0
2,3395,3,1,4,5,22.066,22.906,1,1,1,1,1,1,3004,0,1,2
2,2569,3,1,4,5,18.681999,0,1,1,5,5,5,5,3049,96,1,2
2,3043,2,1,10,1,21.686001,23.224001,1,5,1,1,1,1,3041,1,3,2
2,3043,3,1,10,1,21.686001,23.224001,1,5,1,1,1,1,3041,1,3,2
2,3471,4,4,2,5,10.53,12.607,1,1,1,1,1,1,3041,2,3,2
2,4587,3,1,4,1,27.695,29.657,1,1,1,1,1,1,3035,1,1,2
2,4587,4,1,4,1,27.379,29.105,1,1,1,1,1,1,3035,1,1,2
2,3371,2,1,0,5,27.781,28.221001,1,0,1,1,1,1,3035,2,2,2
2,1076,3,1,5,5,21.171,24.764,1,1,1,1,1,1,3042,0,2,2
2,1465,3,1,4,5,18.830999,21.202,1,1,1,1,1,1,3042,96,1,2
2,4836,2,4,7,1,20.427,21.042,1,1,1,1,1,1,3004,1,3,2
2,4836,3,4,7,1,20.254,20.808001,1,1,1,1,1,1,3004,1,3,2
2,4319,3,1,4,5,22.591,23.330999,1,1,1,1,5,1,3004,1,1,2
2,5260,2,1,0,1,12.321,13.826,1,0,1,1,1,1,3015,2,2,2
2,5260,3,1,0,1,11.9,12.86,1,0,1,1,1,1,3042,2,2,2
2,4021,5,11,12,5,21.061001,0,1,1,5,5,5,5,3031,0,4,2
2,2427,3,1,4,5,6.0110002,6.987,1,1,1,1,1,1,3015,1,1,2
2,6311,2,1,0,5,8.9219999,9.7399998,1,0,1,1,1,1,3042,1,2,2
2,7033,2,1,0,5,67.921997,72.514999,1,0,1,1,1,1,3031,0,2,2
2,6729,3,1,4,1,42.112999,45.224998,1,1,1,1,1,1,3042,1,1,2
2,6729,4,1,4,1,41.875999,44.799999,1,1,1,1,1,1,3042,1,1,2
2,1355,2,1,0,5,3.5829999,4.0640001,1,0,1,1,1,1,3012,2,2,2
2,7317,3,1,0,5,1.0369999,1.141,1,0,1,1,1,1,3001,1,2,2
2,1570,2,1,0,1,35.439999,39.381001,1,0,1,1,1,9,3023,3,2,2
2,3276,4,1,5,5,41.382999,0,1,1,5,5,1,5,3023,1,2,2
2,1570,3,1,0,1,33.736,36.556999,1,0,1,1,1,1,3023,3,2,2
2,6421,3,1,4,5,21.239,23.24,1,1,1,1,1,1,3012,0,1,2
2,3931,3,1,5,5,47.869999,56.964001,1,1,1,1,1,1,3002,1,2,2
2,3760,3,3,6,1,36.848,44.626999,1,1,1,1,5,1,3012,1,4,2
2,3760,4,2,4,1,35.990002,41.814999,1,1,1,1,5,1,3012,3,3,2
2,316,3,1,4,5,16.416,16.870001,1,1,1,1,1,1,3046,1,1,2
2,2932,3,1,0,5,24.653,26.513,1,0,1,1,1,1,3033,1,2,2
2,3440,3,1,4,1,23.545,24.172001,1,1,1,1,1,1,3039,1,1,2
2,3440,4,1,4,1,22.631001,22.700001,1,1,1,1,1,1,3039,1,1,2
2,1591,2,1,0,1,27.122,31.162001,1,0,1,1,5,1,3033,1,2,2
2,6926,3,1,13,5,19.162001,20.908001,1,1,1,1,1,1,3033,1,2,3
2,1591,3,1,0,1,26.023001,28.393999,1,0,1,1,5,1,3033,1,2,2
2,2044,3,1,4,1,23.195,25.115999,1,5,1,1,1,1,3038,2,1,2
2,2044,5,1,4,1,22.452,23.569,1,5,1,1,1,1,3038,2,1,2
2,5793,4,1,4,5,31.973,38.416,1,1,1,1,1,1,3032,1,1,2
2,2514,3,2,4,5,51.255001,56.595001,1,1,1,1,1,1,3039,96,3,2
2,3761,2,1,0,1,2.421,2.727,1,0,1,1,1,1,3008,1,2,2
2,3761,3,1,0,1,2.4170001,2.7709999,1,0,1,1,1,1,3008,1,2,2
2,2356,3,1,10,5,10.855,11.802,1,5,1,1,1,1,3037,0,2,2
2,5196,4,1,4,5,29.573999,31.896999,1,1,1,1,1,1,3027,1,1,2
2,6132,3,1,7,1,38.321999,40.935001,1,5,1,1,1,1,3035,5,1,2
2,6132,4,1,7,1,38.153999,40.615002,1,5,1,1,1,1,3035,5,1,2
2,4070,3,1,0,1,39.060001,41.699001,1,0,1,1,1,0,3035,2,1,2
2,4070,5,1,0,1,37.879002,39.271999,1,0,1,1,1,1,3035,2,1,2
2,2996,5,1,4,5,67.921997,0,1,1,5,5,5,5,3023,3,1,2
2,779,3,1,4,1,52.240002,59.077,1,1,1,1,1,0,3044,1,1,2
2,779,4,1,4,1,50.293999,54.637001,1,1,1,1,1,0,3044,1,1,2
2,4693,3,1,4,1,8.5559998,9.1529999,1,1,1,1,1,1,3035,1,1,2
2,4693,4,1,4,1,8.309,8.6309996,1,1,1,1,1,1,3026,1,1,2
2,4344,3,1,4,5,8.7449999,9.5120001,1,1,1,1,1,1,3026,0,1,2
2,2037,3,1,4,5,22.365,25.343,1,1,1,1,1,1,3037,9,1,2
2,4748,3,1,4,1,35.618999,38.419998,1,1,1,1,5,9,3048,1,1,0
2,4748,4,1,4,1,35.335999,37.955002,1,1,1,1,5,9,3048,1,1,0
2,4548,4,7,0,5,44.969002,45.632999,1,0,1,1,1,1,3004,1,4,1
2,3678,3,1,4,1,12.951,13.92,1,5,1,1,1,1,3012,1,1,2
2,3678,4,1,4,1,12.951,13.92,1,5,1,1,1,1,3012,1,1,2
2,5753,3,1,4,5,44.765999,47.782001,1,1,1,1,1,1,3012,1,2,2
2,7247,3,1,5,5,26.41,28.77,1,1,1,1,1,1,3047,1,2,0
2,1685,3,1,4,5,19.993,22.945999,1,1,1,1,1,1,3033,9,1,2
2,1177,3,1,4,5,20.780001,24.124001,1,1,1,1,1,1,3033,1,1,2
2,4559,2,1,5,5,18.908001,20.415001,1,1,1,1,1,1,3033,0,2,0
2,939,4,4,2,5,20.224001,22.624001,1,1,1,1,1,1,3038,1,3,2
2,4395,4,8,7,1,31.841,36.293999,1,1,1,1,1,1,3010,1,4,1
2,4395,3,8,7,1,31.792999,0,1,1,5,5,1,5,3010,1,4,1
2,1273,2,4,0,5,24.652,25.829,1,0,1,1,1,1,3040,0,3,2
2,537,3,1,1,5,3.5369999,3.895,1,1,1,1,1,0,3040,9,1,0
2,709,3,1,4,5,2.3900001,2.631,1,1,1,1,5,0,3040,0,1,0
2,221,3,1,4,5,27.73,29.073999,1,1,1,1,1,0,3030,9,1,0
2,1602,2,1,0,5,36.522999,41.289001,1,0,1,1,1,1,3039,96,2,2
2,6221,3,1,4,5,17.330999,18.683001,1,1,1,1,1,1,3044,0,1,2
2,3485,3,1,0,5,25.538,27.298,1,0,1,1,1,1,3047,96,1,2
2,622,3,1,0,1,29.634001,31.811001,1,0,1,1,1,1,3044,2,2,2
2,4477,4,1,4,1,26.931999,28.273001,1,1,1,1,1,0,3044,2,1,2
2,622,4,1,0,1,28.742001,29.983,1,0,1,1,1,1,3044,2,2,2
2,4477,5,1,4,1,26.518,27.663,1,1,1,1,1,1,3044,2,1,2
2,5121,4,1,4,1,48.424,50.623001,1,1,1,1,1,1,3008,2,1,2
2,5121,5,1,4,1,47.873001,49.773998,1,1,1,1,1,1,3008,2,1,2
2,7719,3,1,0,5,24.016001,27.569,1,0,1,1,1,1,3049,1,1,0
2,6092,4,1,4,5,13.413,15.439,1,1,1,1,1,1,3040,1,1,2
2,808,4,1,4,5,12.01,0,1,5,5,5,5,5,3040,1,1,2
2,1867,2,4,0,5,9.3439999,9.7469997,1,0,1,1,1,1,3008,2,3,2
2,7337,2,1,0,5,21.131001,24.197001,1,0,1,1,1,1,3044,1,2,2
2,1951,3,1,4,1,19.841999,21.212,1,1,1,1,1,1,3044,1,1,2
2,1951,4,1,4,1,19.406,20.243999,1,1,1,1,1,1,3044,1,1,2
2,1053,3,1,0,5,9.5600004,10.873,1,0,1,1,1,1,3009,3,2,2
2,3087,3,1,0,5,7.6960001,8.6590004,1,0,1,1,1,0,3009,1,2,2
2,3135,3,1,4,5,20.929001,23.393999,1,1,1,1,1,0,3047,0,1,2
2,5182,2,1,0,5,20.771,21.735001,1,0,1,1,1,1,3029,1,2,2
2,4814,3,1,4,5,17.875999,19.200001,1,1,1,1,1,1,3015,0,1,2
2,2305,3,1,0,5,9.6409998,11.234,1,0,1,1,1,1,3037,1,2,0
2,6134,4,1,5,1,48.786999,51.794998,1,1,1,1,1,1,3022,2,2,0
2,6134,5,1,5,1,49.153999,53.264999,1,1,1,1,1,1,3022,2,2,0
2,6488,3,1,4,5,14.846,15.592,1,1,1,1,1,1,3026,1,1,2
2,4847,3,1,4,5,28,0,1,1,5,5,1,5,3047,9,1,2
2,759,3,1,4,5,16.724001,17.533001,1,1,1,1,1,1,3037,1,1,2
2,6593,3,1,4,5,7.6040001,0,1,5,5,5,5,5,3045,3,1,2
2,4430,3,1,4,1,14.02,15.143,1,1,1,1,1,1,3038,1,1,2
2,4430,4,1,4,1,13.795,14.73,1,1,1,1,1,1,3038,1,1,2
2,7731,3,1,4,5,17.690001,18.5,1,1,1,1,1,1,3041,2,1,2
2,5820,3,1,0,5,27.164,32.673,1,0,1,1,1,1,3042,1,2,2
2,8000,2,1,0,5,19.483,21.445,1,0,1,1,1,1,3044,0,2,2
2,1175,2,1,0,5,55.549999,58.382999,1,0,1,1,1,1,3026,0,2,2
2,3173,4,1,4,5,17.424999,19.631001,1,1,1,1,1,1,3015,1,1,2
2,2814,3,1,4,5,18.912001,20.926001,1,1,1,1,1,1,3015,96,1,2
2,7881,2,7,4,1,9.6000004,0,1,1,5,5,5,5,3031,1,3,2
2,7881,3,7,4,1,9.4899998,0,1,1,5,5,5,5,3031,1,3,2
2,6877,3,1,5,5,67.406998,72.514999,1,1,1,1,1,1,3011,9,2,2
2,5087,3,4,1,5,34.222,37.615002,1,1,1,1,1,1,3011,1,1,2
2,1113,4,1,4,5,24.985001,27.259001,1,1,1,1,1,0,3001,1,1,2
2,1990,3,1,1,5,24.402,26.275999,1,1,1,1,1,1,3013,9,1,2
2,1712,3,1,4,1,38.631001,42.594002,1,1,1,1,1,1,3012,1,1,0
2,1712,4,1,4,1,38.563999,43.353001,1,1,1,1,1,1,3012,1,1,0
2,1517,3,1,4,5,42.027,45.153999,1,1,1,1,1,1,3012,2,1,2
2,3684,3,1,5,5,23.966,24.648001,1,1,1,1,1,1,3033,1,2,2
2,318,2,11,0,5,4.5370002,4.9429998,1,0,1,1,1,0,3019,96,4,0
2,4469,4,1,0,5,5.0009999,5.2259998,1,0,1,1,1,0,3019,2,2,2
2,2973,3,1,4,5,23.767,25.997,1,1,1,1,1,1,3037,9,1,2
2,4643,3,1,4,5,13.387,14.673,1,1,1,1,1,1,3037,1,1,2
2,3493,3,1,4,5,25.503,29.25,1,1,1,1,1,1,3032,9,1,2
2,1649,2,1,0,5,13.389,14.255,1,0,1,1,1,1,3003,0,2,2
2,1362,4,1,10,5,11.817,12.653,1,5,1,1,1,1,3003,1,2,2
2,4347,3,1,4,1,14.587,15.402,1,1,1,1,1,1,3016,1,1,0
2,4347,4,1,4,1,14.455,15.424,1,1,1,1,1,1,3016,1,1,0
2,2069,4,1,4,5,20.02,22.214001,1,1,1,1,1,1,3003,1,1,2
2,3328,4,1,4,5,23.389,24.737,1,1,1,1,1,0,3012,2,1,2
2,3643,2,1,0,1,23.125,23.905001,1,0,1,1,1,1,3036,1,2,2
2,3643,3,1,0,1,22.740999,23.382,1,0,1,1,1,1,3036,1,2,2
2,4591,3,1,4,1,16.461,18.445999,1,1,1,1,1,0,3040,2,1,2
2,4591,4,1,4,1,16.125999,17.507,1,1,1,1,1,1,3040,2,1,2
2,2105,4,1,5,5,14.94,16.320999,1,1,1,1,1,1,3021,3,2,2
2,4397,3,1,4,1,15.171,17.705,1,1,1,1,1,1,3029,1,1,2
2,4397,4,1,4,1,14.77,16.587999,1,1,1,1,1,1,3029,1,1,2
2,2310,3,1,4,1,14.879,0,1,1,5,5,1,5,3029,1,1,2
2,2310,4,4,1,1,14.643,15.728,1,1,1,1,1,1,3029,1,1,2
2,3089,3,1,4,5,29.743,31.917,1,1,1,1,1,1,3019,9,1,2
2,1595,2,1,0,1,15.643,16.672001,1,0,1,1,1,1,3019,1,2,0
2,1595,3,1,0,1,15.367,16.253,1,0,1,1,1,1,3019,1,2,0
2,3255,3,4,0,5,25.76,27.181,1,0,1,1,1,1,3035,0,1,2
2,4695,2,1,0,5,26.393999,28.004,1,0,1,1,1,1,3025,1,2,2
2,1112,3,1,5,5,14.135,0,1,1,5,5,5,5,3049,96,2,2
2,3197,3,1,5,5,4.1149998,4.5110002,1,1,1,1,1,1,3022,2,2,2
2,7197,3,1,4,5,19.183001,19.809999,1,1,1,1,1,1,3012,96,1,0
2,3274,4,1,4,1,0,13.371,5,5,1,1,5,1,3038,2,1,2
2,3274,5,1,4,1,0,13.371,5,5,1,1,5,1,3038,2,1,2
2,3506,4,1,4,5,20.232,21.312,1,1,1,1,1,1,3029,1,1,0
2,2676,3,1,4,1,22.542,24.377001,1,1,1,1,1,1,3029,2,1,0
2,2676,4,1,4,1,22.93,25.489,1,1,1,1,1,1,3029,2,1,0
2,925,3,1,4,5,21.826,25.157,1,1,1,1,1,1,3044,9,1,2
2,3130,3,1,0,5,15.311,17.121,1,0,1,1,1,1,3044,1,2,0
2,6303,3,1,5,5,10.587,11.16,1,1,1,1,1,1,3026,0,2,2
2,1646,3,1,4,1,13.981,15.152,1,1,1,1,1,1,3044,1,1,2
2,1646,4,1,4,1,13.96,15.383,1,1,1,1,1,1,3044,1,1,2
2,2192,3,1,10,5,5.7750001,6.789,1,5,1,1,1,9,3017,1,2,2
2,3689,5,1,4,5,42.116001,45.291,1,5,1,1,1,1,3018,2,1,2
2,4321,3,1,5,5,20.158001,0,1,1,5,5,5,5,3039,1,2,2
2,2093,4,1,4,1,43.736,47.346001,1,1,1,1,1,1,3013,2,1,2
2,2093,5,1,4,1,43.484001,46.879002,1,1,1,1,1,1,3013,2,1,2
2,841,3,1,4,1,26.639999,28.459999,1,1,1,1,1,1,3013,1,1,2
2,841,4,1,4,1,26.024,27.129999,1,1,1,1,1,1,3013,1,1,2
2,8165,3,1,4,5,20.374001,22.415001,1,1,1,1,1,1,3013,96,1,2
2,5516,3,4,2,1,28.966999,32.431,1,5,1,1,1,1,3050,1,3,0
2,5516,4,4,2,1,28.577,31.657,1,5,1,1,1,1,3050,1,3,0
2,2681,3,1,4,1,16.923,17.367001,1,1,1,1,1,1,3018,2,1,2
2,2681,4,1,4,1,16.448,16.549,1,1,1,1,1,1,3018,2,1,2
2,3389,4,1,0,5,29.531,34.400002,1,0,1,1,1,1,3040,1,1,2
2,4367,4,1,4,1,24.271,26.584,1,1,1,1,1,1,3008,2,1,2
2,4367,5,1,4,1,23.802999,25.726,1,1,1,1,1,1,3008,2,1,2
2,5562,3,1,4,5,24.225,25.922001,1,1,1,1,1,1,3026,2,1,2
2,3334,3,1,4,5,21.804001,22.339001,1,1,1,1,1,1,3029,96,1,2
2,445,3,1,4,5,22.716999,24.191,1,1,1,1,1,1,3029,1,1,2
2,1297,4,1,4,5,29.924,0,1,1,5,5,1,5,3031,2,1,2
2,2116,2,1,0,5,20.601,22.278,1,0,1,1,1,1,3029,0,2,2
2,7560,3,1,4,5,18.714001,0,1,1,5,5,5,5,3023,9,1,2
2,7513,3,1,0,5,22.767,26.768,1,0,1,1,1,1,3037,96,2,2
2,3292,3,4,8,5,31.812,36.993999,1,1,1,1,1,1,3037,0,3,1
2,134,3,1,4,1,11.647,12.472,1,1,1,1,1,1,3027,1,1,2
2,134,4,1,4,1,11.514,12.24,1,1,1,1,1,1,3027,1,1,2
2,829,3,4,0,5,26.583,31.174,1,0,1,1,1,1,3003,1,3,0
2,7764,3,1,5,5,15.139,16.497999,1,1,1,1,5,1,3003,0,2,2
2,7729,3,1,4,5,30.334999,34.387001,1,5,1,1,1,1,3003,1,1,2
2,1755,2,1,0,5,4.6350002,4.9380002,1,0,1,1,1,1,3003,0,2,2
2,3019,4,1,4,5,30.483999,33.262001,1,1,1,1,1,1,3040,1,1,0
2,3719,4,1,4,1,11.079,12.668,1,1,1,1,1,1,3050,2,1,0
2,3719,5,1,4,1,10.875,12.046,1,1,1,1,1,1,3050,2,1,0
2,7062,3,1,4,5,7.0929999,7.8969998,1,1,1,1,1,1,3050,1,1,2
2,7576,3,1,4,1,6.2589998,7.0510001,1,1,1,1,1,1,3050,1,1,2
2,7085,3,1,10,5,14.176,15.636,1,1,1,1,1,1,3050,1,2,2
2,7576,4,1,4,1,6.3000002,0,1,1,5,5,5,5,3050,1,1,2
2,516,4,1,4,5,24.125,0,1,5,5,5,1,5,3049,1,1,2
2,3107,3,1,4,1,50.375999,56.104,1,1,1,1,1,1,3038,3,1,2
2,3107,4,1,4,1,49.014,52.792999,1,1,1,1,1,1,3038,3,1,2
2,6511,3,3,4,5,45.793999,47.382999,1,1,1,1,1,0,3013,1,3,2
2,3140,3,1,4,1,37.438999,39.504002,1,1,1,1,1,1,3035,2,1,2
2,3140,4,1,4,1,37.396999,39.952999,1,1,1,1,1,1,3035,2,1,2
2,1173,3,1,4,5,9.2720003,9.5539999,1,1,1,1,1,1,3042,1,1,2
2,712,4,1,4,1,33.952999,38.463001,1,5,1,1,5,1,3038,2,1,2
2,2603,3,1,6,5,8.066,8.5640001,1,1,1,1,1,1,3014,1,2,2
2,6600,3,4,0,1,19.719,20.820999,1,0,1,1,1,1,3014,1,3,2
2,298,3,7,12,5,25.705999,29.976,1,1,1,1,1,1,3014,96,4,1
2,712,5,1,4,1,33.903,39.118,1,5,1,1,5,1,3038,2,1,2
2,6600,2,4,0,1,19.072001,19.599001,1,0,1,1,1,1,3014,1,3,2
2,784,3,1,4,5,14.112,15.258,1,1,1,1,1,1,3014,96,1,2
2,4621,4,1,0,5,9.2770004,0,1,0,5,5,5,5,3049,3,2,2
2,2440,3,1,4,1,24.837,26.412001,1,1,1,1,1,1,3034,2,1,2
2,2440,4,1,4,1,23.719999,24.408001,1,1,1,1,1,1,3034,2,1,2
2,145,4,1,0,5,23.839001,25.593,1,0,1,1,1,1,3033,1,2,2
2,5788,3,1,4,5,27.594,29.409,1,1,1,1,1,1,3006,1,1,2
2,3253,3,1,4,1,16.448,17.462,1,1,1,1,1,1,3039,2,1,2
2,3253,4,1,4,1,16.167,17.038,1,1,1,1,1,1,3039,2,1,2
2,5445,2,1,0,5,17.157,18.318001,1,0,1,1,1,1,3001,96,2,2
2,7679,2,4,0,5,16.794001,17.691999,1,0,1,1,1,1,3025,96,3,2
2,6464,4,1,4,5,25.812,27.191999,1,1,1,1,1,1,3030,1,1,0
2,3240,3,1,4,1,28.041,31.635,1,1,1,1,5,0,3024,1,1,2
2,3240,4,1,4,1,27.257,30.094,1,1,1,1,1,1,3024,1,1,2
2,2054,4,1,4,5,30.691,36.401001,1,1,1,1,1,1,3028,1,1,2
2,6399,3,1,4,5,17.558001,19.007999,1,1,1,1,1,0,3016,96,1,2
2,3261,5,1,5,1,3.4189999,3.881,1,1,1,1,1,1,3045,3,2,0
2,3261,4,1,5,1,3.4449999,3.9349999,1,1,1,1,1,1,3024,3,2,0
2,5804,3,1,4,5,39.856998,44.083,1,1,1,1,1,1,3014,96,1,2
2,5168,3,1,10,5,23.544001,25.811001,1,1,1,1,1,1,3010,96,2,2
2,8233,3,1,4,1,26.455,29.011999,1,1,1,1,1,1,3010,3,1,2
2,8233,4,1,4,1,25.927,28.157,1,1,1,1,1,1,3010,3,1,2
2,7083,3,1,4,1,28.193001,30.118999,1,1,1,1,5,1,3031,2,1,2
2,7083,4,1,4,1,28.157,30.511,1,1,1,1,5,1,3031,2,1,2
2,5473,3,1,0,1,14.526,15.068,1,0,1,1,1,1,3044,2,2,2
2,5473,4,1,0,1,14.369,14.686,1,0,1,1,1,1,3044,2,2,2
2,2721,3,1,21,5,17.296,19.240999,1,5,1,1,1,1,3050,1,2,2
2,3777,4,1,4,5,19.487,22.337,1,1,1,1,1,1,3050,2,1,2
2,1098,3,1,4,5,9.1549997,9.7679996,1,1,1,1,1,1,3050,1,1,2
2,4241,3,1,4,5,20.438999,22.333,1,1,1,1,1,1,3050,1,1,2
2,3155,4,1,4,5,32.792,36.931999,1,1,1,1,1,1,3001,1,1,0
2,2503,3,1,4,5,17.527,18.844999,1,1,1,1,1,0,3016,0,1,2
2,2750,4,1,4,5,17.652,20.323999,1,1,1,1,1,1,3012,1,1,0
2,2969,3,1,5,1,5.8179998,6.4679999,1,1,1,1,1,1,3037,4,2,2
2,2969,4,1,5,1,5.7020001,6.6339998,1,1,1,1,1,1,3037,4,2,2
2,4637,4,1,5,1,6.0209999,6.638,1,1,1,1,1,1,3026,2,2,2
2,4637,2,1,5,1,24.826,26.775999,1,1,1,1,1,1,3026,2,2,2
2,5604,2,1,0,5,28.768,31.452,1,0,1,1,1,1,3035,1,2,2
2,2753,4,1,0,1,44.889,48.860001,1,0,1,1,1,1,3035,4,2,2
2,8180,2,7,0,5,17.783001,0,1,0,5,5,5,5,3049,9,0,2
2,2753,5,1,0,1,45.084999,49.898998,1,0,1,1,1,1,3035,4,2,2
2,2271,3,1,4,5,24.319,25.558001,1,1,1,1,1,1,3020,1,1,2
2,1560,5,1,4,5,34.964001,36.220001,1,1,1,1,1,0,3020,2,1,0
2,2957,2,1,0,5,26.504,29.403999,1,0,1,1,1,1,3020,2,2,3
2,6551,3,4,2,5,8.1079998,8.9910002,1,1,1,1,1,1,3040,96,3,2
2,1402,2,4,14,5,9.2480001,9.493,1,1,1,1,1,9,3033,96,3,2
2,5056,4,4,0,5,32.738998,35.728001,1,0,1,1,1,1,3033,3,3,2
2,1702,2,4,1,5,13.781,15.278,1,1,1,1,1,1,3038,0,3,2
2,823,4,1,4,1,15.834,16.367001,1,1,1,1,1,1,3038,2,1,2
2,823,5,1,4,1,15.834,16.367001,1,1,1,1,1,1,3038,2,1,2
2,6934,3,1,4,5,9.2779999,10.338,1,5,1,1,1,1,3013,0,1,2
2,2109,3,1,5,5,20.51,22.075001,1,1,1,1,1,1,3040,2,2,2
2,3559,3,1,4,5,6.9689999,8.1379995,1,1,1,1,1,1,3010,9,1,2
2,6309,3,1,4,5,1.1339999,1.183,1,1,1,1,1,1,3001,1,1,2
2,3574,4,1,5,1,19.898001,22.392,1,1,1,1,1,1,3001,3,2,2
2,4279,2,4,0,5,4.8010001,5.302,1,0,1,1,1,1,3023,96,3,2
2,3574,5,1,5,1,19.766001,22.118999,1,1,1,1,1,1,3001,3,2,2
2,1043,3,1,5,5,15.419,17.097,1,1,1,1,1,1,3045,0,2,2
2,1403,3,1,4,5,35.410999,38.417,1,1,1,1,1,1,3013,1,1,2
2,3804,3,1,4,1,19.385,21.701,1,1,1,1,1,1,3042,1,1,2
2,3804,4,1,4,1,19.018999,20.962,1,1,1,1,1,1,3042,1,1,2
2,6713,4,1,4,1,13.331,15.246,1,1,1,1,1,1,3042,3,1,2
2,6713,5,1,4,1,12.914,14.355,1,1,1,1,1,1,3042,3,1,2
2,3254,3,1,4,1,17.722,19.184999,1,1,1,1,1,1,3044,1,1,2
2,4690,4,1,4,5,18.666,21.150999,1,1,1,1,1,1,3044,1,1,2
2,3254,4,1,4,1,17.695999,19.476,1,1,1,1,1,1,3044,1,1,2
2,5528,3,1,4,5,20.518999,22.808001,1,1,1,1,1,1,3034,3,1,2
2,3504,3,1,4,5,17.393,18.143999,1,1,1,1,1,1,3023,1,1,2
2,3606,3,1,4,1,20.174999,22.127001,1,1,1,1,1,1,3037,1,1,2
2,3606,4,1,4,1,19.761999,21.075001,1,1,1,1,1,1,3037,1,1,2
2,2570,2,1,0,5,47.442001,0,1,0,5,5,5,5,3047,1,2,2
2,7443,3,3,0,5,0,4.4569998,5,0,1,1,1,1,3038,96,4,0
2,41,3,1,7,5,22.207001,23.096001,1,1,1,1,1,1,3020,1,1,2
2,874,3,1,4,5,60.428001,63.101002,1,1,1,1,1,1,3020,3,1,2
2,4217,2,1,7,5,19.917999,20.582001,1,1,1,1,1,1,3020,2,2,2
2,7212,4,1,4,5,4.6170001,5.027,1,1,1,1,1,1,3015,1,1,2
2,1982,4,1,4,5,24.24,25.959999,1,1,1,1,1,1,3015,2,1,2
2,827,3,1,4,5,21.247,22.094999,1,1,1,1,1,1,3047,96,1,0
2,4635,4,1,5,1,7.244,7.723,1,5,1,1,1,1,3044,1,2,0
2,4635,3,1,5,1,7.3179998,7.711,1,5,1,1,1,1,3044,1,2,0
2,5973,3,1,4,1,53.451,60.560001,1,1,1,1,1,0,3040,2,1,2
2,5973,4,1,4,1,52.229,57.007,1,1,1,1,1,0,3040,2,1,2
2,6791,3,1,4,5,34.313999,37.328999,1,1,1,1,1,1,3037,1,1,2
2,7162,3,1,4,1,19.809999,21.541,1,1,1,1,1,1,3003,1,1,0
2,7162,4,1,4,1,19.666,21.569,1,1,1,1,1,1,3003,1,1,0
2,3584,4,1,4,5,17.365,0,1,1,5,5,5,5,3012,2,1,2
2,6291,3,1,4,1,16.254,17.367001,1,1,1,1,1,1,3012,2,1,0
2,6291,4,1,4,1,16.038,17.011,1,1,1,1,1,1,3012,2,1,0
2,6267,2,1,0,5,11.921,13.131,1,0,1,1,1,1,3012,96,2,2
2,5839,3,1,4,5,39.959999,43.381001,1,1,1,1,1,0,3004,9,1,2
2,4384,3,1,4,5,22.934,23.648001,1,1,1,1,1,0,3046,0,1,2
2,884,3,1,5,1,10.242,10.809,1,1,1,1,5,1,3040,3,2,2
2,884,4,1,5,1,10.186,10.717,1,1,1,1,1,1,3040,3,2,2
2,3028,4,1,4,5,11.401,0,1,5,5,5,5,5,3031,2,1,2
2,5328,3,1,4,5,17.291,17.933001,1,1,1,1,1,1,3037,0,1,2
2,1654,3,1,5,5,20.162001,21.188,1,1,1,1,1,1,3034,1,2,2
2,4098,3,1,4,1,12.478,13.347,1,1,1,1,1,1,3035,1,1,0
2,4098,4,1,4,1,12.328,13.091,1,1,1,1,1,1,3035,1,1,0
2,5587,4,1,4,1,18.232,19.112,1,1,1,1,1,1,3002,2,1,2
2,5587,3,1,4,1,19.243999,21.044001,1,1,1,1,1,1,3002,2,1,2
2,4790,3,1,4,5,36.091,39.939999,1,1,1,1,1,1,3002,0,1,2
2,6216,3,1,4,5,28.327999,29.944,1,1,1,1,1,1,3030,1,1,2
2,6491,3,1,4,1,13.869,14.705,1,1,1,1,1,1,3030,1,1,2
2,6491,4,1,4,1,13.869,14.705,1,1,1,1,1,1,3030,1,1,2
2,2784,5,1,4,5,17.728001,20.336,1,1,1,1,1,0,3039,2,1,2
2,5453,3,1,4,1,24.806,27.792,1,1,1,1,1,0,3039,3,1,2
2,5453,4,1,4,1,24.238001,26.283001,1,1,1,1,1,9,3039,3,1,2
2,5679,3,1,4,1,27.357,29.427999,1,1,1,1,1,1,3039,6,1,2
2,6995,3,1,4,5,28.971001,30.118999,1,1,1,1,1,1,3039,3,1,2
2,5679,4,1,4,1,27.518,30.156,1,1,1,1,1,9,3039,6,1,2
2,6078,3,1,5,5,21.701,24.823,1,1,1,1,1,1,3001,4,2,0
2,5442,3,1,4,5,30.218,32.720001,1,1,1,1,1,0,3017,1,1,2
2,7303,3,1,4,1,31.167999,33.157001,1,1,1,1,1,1,3044,1,1,2
2,7303,4,1,4,1,30.295,31.398001,1,1,1,1,1,1,3044,1,1,2
2,4623,3,1,4,5,25.301001,26.834999,1,1,1,1,1,1,3010,1,1,2
2,7326,2,4,0,1,20.202,0,1,0,5,5,5,5,3031,1,3,2
2,7326,3,4,0,1,19.811001,0,1,0,5,5,5,5,3031,1,3,2
2,5506,2,1,0,5,24.782,0,1,0,5,5,1,5,3023,1,2,2
2,7261,3,1,4,5,8.0579996,8.4619999,1,1,1,1,1,1,3021,1,1,2
2,4333,3,1,4,1,23.027,27.066,1,1,1,1,1,1,3021,1,1,2
2,3827,3,1,4,5,24.879,26.299,1,1,1,1,1,1,3044,9,1,2
2,4333,4,1,4,1,21.627001,23.896,1,1,1,1,1,1,3021,1,1,2
2,6024,4,1,4,5,43.359001,0,1,1,5,5,5,5,3031,2,1,0
2,5040,4,4,1,5,25.076,27.622,1,5,1,1,1,1,3038,1,1,2
2,4361,3,7,8,1,20.238001,22.235001,1,1,1,1,1,9,3014,1,4,1
2,4361,4,7,8,1,26.273001,28.794001,1,1,1,1,1,9,3014,1,4,1
2,6544,2,1,0,5,16.344,17.136999,1,0,1,1,1,1,3014,0,2,2
2,2882,4,1,4,5,19.659,21.238001,1,1,1,1,1,0,3044,1,1,2
2,7571,5,1,4,5,32.182999,35.876999,1,1,1,1,1,0,3037,2,1,2
2,2928,2,1,0,1,17.136,18.827,1,0,1,1,1,1,3050,1,2,2
2,2928,3,1,0,1,16.841999,18.037001,1,0,1,1,1,1,3050,1,2,2
2,2896,2,1,0,5,1.579,1.725,1,0,1,1,1,1,3014,2,2,2
2,2371,3,1,11,1,2.6259999,2.7969999,1,1,1,1,1,1,3018,2,2,2
2,7301,4,1,4,1,18.6,19.784,1,1,1,1,1,1,3018,1,1,2
2,2371,4,1,11,1,2.6229999,2.8299999,1,1,1,1,1,1,3018,2,2,2
2,7301,3,1,6,1,18.862,20.281,1,1,1,1,1,1,3018,1,1,2
2,3960,4,1,4,5,22.118,25.693001,1,1,1,1,1,1,3050,1,1,2
2,6549,4,1,4,5,67.921997,72.514999,1,5,1,1,1,0,3003,2,1,2
2,4840,3,1,4,1,26.02,29.955999,1,1,1,1,1,1,3003,1,1,2
2,4840,4,1,4,1,25.865999,29.59,1,1,1,1,1,1,3003,1,1,2
2,7158,3,1,4,5,38.682999,38.952,1,5,1,1,1,1,3010,1,1,2
2,1473,3,1,10,5,28.055,30.691,1,5,1,1,1,1,3010,1,2,2
2,1384,3,7,8,5,42.007999,43.168999,1,1,1,1,1,1,3010,96,4,1
2,4850,3,1,4,5,19.302999,20.43,1,1,1,1,1,1,3044,1,1,2
2,1366,3,1,4,1,18.483,0,1,5,5,5,5,5,3015,1,1,2
2,1366,4,1,4,1,18.464001,0,1,5,5,5,5,5,3015,1,1,2
2,2940,3,1,4,5,20.507,0,1,1,5,5,5,5,3042,9,1,0
2,6798,3,1,0,1,27.681,31.263,1,0,1,1,1,1,3035,1,2,2
2,6469,3,1,0,5,18.952,20.511999,1,0,1,1,1,1,3035,1,2,1
2,6798,2,1,0,1,26.858,28.924999,1,0,1,1,1,1,3035,1,2,2
2,5708,3,3,6,5,22.233,25.181,1,1,1,1,1,1,3037,96,4,0
2,5982,3,1,4,5,24.521999,26.906,1,1,1,1,1,1,3011,96,1,2
2,5013,4,1,4,1,14.535,15.535,1,1,1,1,1,1,3014,1,1,2
2,5013,3,1,4,1,14.891,16.115999,1,1,1,1,1,1,3014,1,1,2
2,7324,3,1,4,1,21.641001,23.972,1,1,1,1,1,1,3033,1,1,2
2,7324,4,1,4,1,21.618,24.285,1,1,1,1,1,1,3033,1,1,2
2,4758,3,1,4,5,18.070999,18.679001,1,1,1,1,1,1,3020,1,1,2
2,6371,3,1,4,5,27.426001,29.875,1,1,1,1,1,1,3022,0,1,2
2,6678,3,1,13,5,29.937,36.495998,1,1,1,1,1,1,3034,2,2,2
2,2904,3,4,1,1,18.275,20.280001,1,1,1,1,5,1,3043,2,1,2
2,2904,4,4,1,1,17.725,18.983,1,1,1,1,1,0,3043,2,1,2
2,4768,4,1,4,5,19.698,22.725,1,5,1,1,1,1,3003,1,1,2
2,3320,3,1,4,5,10.379,11.226,1,1,1,1,1,1,3027,1,1,2
2,4063,3,1,4,5,33.448002,35.263,1,1,1,1,5,1,3041,1,1,0
2,2792,3,1,4,1,18.309,20.215,1,1,1,1,1,0,3045,2,1,2
2,2792,4,1,4,1,18.076,19.767,1,1,1,1,1,0,3045,2,1,2
2,1942,3,1,5,5,1.0369999,1.059,1,1,1,1,1,1,3022,2,2,2
2,1376,2,1,0,1,2.7079999,3.1819999,1,0,1,1,5,9,3022,1,2,2
2,1376,3,1,0,1,2.631,3.0090001,1,0,1,1,5,1,3022,1,2,2
2,1307,3,1,4,1,1.0369999,1.059,1,1,1,1,1,1,3034,1,1,2
2,1307,4,1,4,1,1.0369999,1.059,1,1,1,1,1,1,3034,1,1,2
2,2419,2,1,0,5,1.684,1.864,1,0,1,1,1,1,3034,2,2,2
2,1670,3,1,10,5,27.617001,29.243,1,1,1,1,1,1,3034,96,2,2
2,1212,2,1,0,1,20.489,22.959,1,0,1,1,1,1,3002,1,2,2
2,1212,3,1,0,1,20.615999,23.621,1,0,1,1,1,1,3002,1,2,2
2,1207,4,1,0,1,30.929001,32.070999,1,0,1,1,1,1,3045,3,2,2
2,2149,4,1,5,5,17.312,19.041,1,1,1,1,1,1,3045,1,2,2
2,94,3,1,4,5,9.0780001,9.9560003,1,1,1,1,1,1,3035,1,1,2
2,7913,3,4,1,1,23.035,23.971001,1,1,1,1,1,1,3045,3,1,2
2,1207,6,1,0,1,30.607,31.865999,1,0,1,1,1,1,3045,3,2,2
2,7913,4,4,1,1,23.035,23.971001,1,1,1,1,1,1,3045,3,1,2
2,540,3,1,4,1,37.897999,41.584999,1,1,1,1,1,1,3007,1,1,2
2,540,4,1,4,1,36.307999,38.368,1,1,1,1,1,1,3007,1,1,2
2,1916,2,1,7,5,65.283997,72.514999,1,1,1,1,1,0,3039,0,2,2
2,1992,3,1,4,5,20.106001,20.629999,1,1,1,1,1,1,3039,0,1,2
2,142,2,1,0,1,7.5440001,9.0649996,1,0,1,1,1,1,3039,1,2,0
2,142,3,1,0,1,7.5890002,9.368,1,0,1,1,1,1,3039,1,2,0
2,777,4,14,17,5,67.921997,72.514999,1,1,1,1,1,1,3026,2,2,0
2,2861,3,1,4,1,18.721001,19.492001,1,1,1,1,1,1,3027,1,1,2
2,2861,4,1,4,1,18.705,0,1,1,5,5,5,5,3027,1,1,2
2,3113,2,1,0,5,3.029,3.234,1,0,1,1,1,1,3038,1,2,2
2,4684,3,1,4,1,23.725,24.952,1,1,1,1,1,1,3008,1,1,2
2,4684,4,1,4,1,23.436001,24.5,1,1,1,1,1,1,3008,1,1,2
2,5188,3,1,4,5,20.555,23.757999,1,1,1,1,1,1,3009,0,1,2
2,3009,3,1,4,5,5.973,6.4530001,1,1,1,1,1,1,3025,9,1,2
2,5057,2,1,0,5,42.153,55.223,1,0,1,1,1,1,3042,96,2,0
2,3289,3,1,4,1,12.655,14.639,1,1,1,1,1,1,3042,2,1,2
2,3289,4,1,4,1,12.16,13.34,1,1,1,1,1,1,3042,2,1,2
2,4159,3,1,4,5,27.423,29.702999,1,1,1,1,1,1,3032,1,1,2
2,4329,3,1,4,5,14.862,16.971001,1,1,1,1,1,1,3037,1,1,2
2,5687,4,1,4,5,26.471001,0,1,5,5,5,5,5,3042,1,1,2
2,3040,3,4,0,1,30.788,32.216999,1,0,1,1,1,1,3033,1,3,2
2,3040,4,4,0,1,30.907,32.743999,1,0,1,1,1,1,3033,1,3,2
2,6759,3,1,5,5,33.492001,28.329,1,1,1,1,5,1,3044,0,2,0
2,2696,3,1,4,5,27.325001,0,1,5,5,5,5,5,3031,96,1,0
2,5558,2,1,0,1,50.124001,54.499001,1,0,1,1,1,1,3044,2,2,0
2,5558,3,1,0,1,49.384998,51.91,1,0,1,1,1,1,3044,2,2,0
2,2372,3,1,4,5,24.389,26.145,1,5,1,1,1,1,3029,0,1,0
2,6452,3,1,0,5,27.105,27.922001,1,0,1,1,1,1,3009,9,2,1
2,6116,3,1,4,5,33.370998,34.305,1,1,1,1,1,1,3029,1,1,0
2,6408,4,1,4,5,23.863001,22.966,1,1,1,1,1,1,3029,1,1,0
2,1687,2,1,0,5,38.243,41.561001,1,0,1,1,1,1,3029,2,2,0
2,1470,2,1,0,5,63.341999,65,1,0,1,1,1,1,3029,0,2,0
2,5003,4,1,4,5,57.52,59.472,1,1,1,1,1,1,3009,1,1,2
2,6967,3,4,1,5,24.885,24.745001,1,1,1,1,5,1,3043,0,1,0
2,5273,3,4,1,1,35.928001,37.042,1,1,1,1,1,1,3016,3,1,0
2,5273,5,4,1,1,35.928001,37.042,1,1,1,1,1,1,3016,3,1,0
2,7006,4,4,1,5,41.971001,42.133999,1,1,1,1,1,1,3044,2,1,0
2,6133,2,1,0,1,16.127001,17.542999,1,0,1,1,1,1,3015,1,2,0
2,6133,3,1,0,1,16.127001,17.542999,1,0,1,1,1,1,3015,1,2,0
2,5893,3,1,4,5,29.783001,31.639,1,1,1,1,1,1,3042,1,1,2
2,6720,3,1,4,5,25.410999,29.525999,1,5,1,1,1,1,3042,1,1,1
2,8106,5,1,4,5,18.388,20.607,1,1,1,1,1,1,3025,2,1,0
2,4815,3,1,4,5,37.667,39.696999,1,1,1,1,1,1,3016,1,1,0
2,5014,2,1,0,5,34.741001,34.243,1,0,1,1,1,0,3036,1,2,0
2,1248,3,1,4,5,39.237999,37.719002,1,1,1,1,1,1,3003,9,1,0
2,1358,3,1,4,1,44.784,45.716999,1,5,1,1,1,1,3011,2,1,0
2,1358,4,1,4,1,42.952,43.441002,1,5,1,1,1,1,3011,2,1,0
2,4176,3,1,4,5,43.030998,43.027,1,1,1,1,1,1,3003,1,1,0
2,2078,3,1,4,5,35.912998,37.34,1,1,1,1,1,0,3019,0,1,2
2,3368,6,1,0,5,22.274,23.462999,1,0,1,1,1,1,3035,2,1,1
2,6061,3,1,4,5,33.039001,33.223,1,1,1,1,1,1,3025,1,1,0
2,7668,4,1,4,5,23.389999,25.216,1,1,1,1,1,1,3026,1,1,0
2,5718,2,1,0,5,45.868999,46.570999,1,0,1,1,1,1,3039,0,2,0
2,2738,4,4,0,5,65.931999,66.883003,1,0,1,1,1,1,3020,2,3,0
2,6609,2,1,0,1,22.107,22.743,1,0,1,1,1,1,3026,1,2,0
2,6609,3,1,0,1,21.826,22.381001,1,0,1,1,1,1,3026,1,2,0
2,3936,3,4,1,5,21.202,22.405001,1,1,1,1,1,1,3026,3,1,0
2,5358,3,1,4,1,21.450001,23.344999,1,1,1,1,1,1,3035,2,1,0
2,5358,4,1,4,1,21.413,23.745001,1,1,1,1,1,1,3035,2,1,0
2,6585,3,1,4,5,54.806,55.597,1,1,1,1,1,1,3026,1,1,0
2,650,3,1,0,5,20.802,21.695,1,0,1,1,1,1,3035,1,2,0
2,6571,3,1,4,5,22.403,23.046,1,1,1,1,1,1,3025,1,1,0
2,1312,3,1,4,5,45.321999,46.914001,1,1,1,1,1,1,3035,2,1,0
2,7466,5,1,4,1,45.205002,47.165001,1,5,1,1,1,1,3025,4,1,0
2,7466,6,1,4,1,44.604,47.252998,1,5,1,1,1,1,3025,4,1,0
2,7552,3,1,4,1,32.622002,31.639,1,1,1,1,1,1,3026,1,1,0
2,7552,4,1,4,1,33.200001,32.696999,1,1,1,1,1,1,3026,1,1,0
2,660,3,1,4,1,20.677,19.940001,1,1,1,1,1,1,3030,1,1,0
2,660,4,1,4,1,21.408001,20.705,1,1,1,1,1,1,3030,1,1,0
2,7831,3,4,1,5,35.464001,37.410999,1,1,1,1,1,1,3008,0,1,2
2,3547,3,1,14,5,20.802999,21.631001,1,1,1,1,1,1,3030,1,2,0
2,6736,2,1,0,5,27.782,29.594,1,0,1,1,1,1,3029,0,2,0
2,4504,4,1,4,1,46.333,49.949001,1,1,1,1,1,1,3015,4,1,0
2,4504,5,1,1,1,44.994999,47.082001,1,1,1,1,1,1,3015,4,1,0
2,1300,3,1,0,1,19.059999,21.278999,1,0,1,1,1,1,3015,3,1,0
2,1300,5,1,0,1,18.004999,19.955,1,0,1,1,1,1,3015,3,1,0
2,6987,3,4,1,5,25.395,27.238001,1,1,1,1,1,1,3034,0,1,0
2,3379,3,1,14,5,65.122002,70.092003,1,1,1,1,1,1,3047,2,2,0
2,3597,4,1,4,5,67.921997,72.175003,1,5,1,1,1,1,3031,3,1,0
2,3721,6,1,4,5,34.935001,35.411999,1,5,1,1,1,1,3031,3,1,0
2,7595,4,1,4,5,35.702999,38.117001,1,1,1,1,1,1,3025,2,1,0
2,7272,5,4,1,5,63.606998,0,1,1,5,5,5,5,3049,2,1,0
2,6641,3,1,6,5,20.037001,20.120001,1,1,1,1,1,1,3030,2,1,0
2,2439,4,1,4,5,48.709,48.138,1,1,1,1,1,1,3035,1,1,1
2,3129,4,1,4,5,51.186001,51.988998,1,5,1,1,1,1,3030,2,1,2
2,3391,6,1,4,5,67.921997,69.669998,1,1,1,1,1,1,3035,3,1,0
2,7836,3,1,4,1,22.344999,0,1,1,5,5,5,5,3030,2,1,0
2,7836,4,1,4,1,21.448999,22.368,1,1,1,1,1,1,3030,2,1,0
2,5016,6,1,4,5,44.550999,44.583,1,1,1,1,1,1,3030,3,1,0
2,8182,3,1,4,1,22.195,22.372999,1,1,1,1,1,1,3030,1,1,0
2,8182,4,1,4,1,21.913,22.41,1,1,1,1,1,1,3030,1,1,0
2,5305,3,1,4,5,63.299999,67.790001,1,1,1,1,1,1,3035,1,1,0
2,3451,3,1,4,5,22.344999,24.114,1,5,1,1,1,1,3030,1,1,0
2,2386,3,1,4,5,22.933001,23.745001,1,1,1,1,1,1,3035,9,1,0
2,2450,3,1,4,5,22.195,22.372999,1,1,1,1,1,1,3035,9,1,0
2,6582,3,1,4,1,21.721001,21.799,1,1,1,1,1,1,3030,2,1,0
2,6582,4,1,4,1,21.284,21.277,1,1,1,1,1,1,3030,2,1,0
2,4852,6,1,4,5,43.591999,43.450001,1,1,1,1,1,1,3033,5,1,0
2,6045,5,1,4,5,57.333,59.362,1,5,1,1,1,1,3008,3,1,0
2,6634,3,1,4,1,63.513,72.283997,1,1,1,1,1,1,3035,1,1,0
2,6634,4,1,4,1,59.675999,65.948997,1,1,1,1,1,1,3035,1,1,0
2,6069,3,4,1,1,24.827999,25.127001,1,1,1,1,1,0,3035,1,1,0
2,6069,4,4,1,1,24.766001,25.646,1,1,1,1,1,0,3026,1,1,0
2,5329,3,1,0,1,67.921997,72.514999,1,0,1,1,1,1,3016,3,2,0
2,5329,4,1,0,1,67.921997,72.514999,1,0,1,1,1,1,3016,3,2,0
2,6151,5,4,1,5,64.494003,71.793999,1,1,1,1,1,0,3015,3,1,0
2,7109,3,1,5,5,23.188,22.863001,1,5,1,1,1,1,3036,2,2,2
2,4578,3,1,4,1,43.311001,38.317001,1,5,1,1,1,1,3011,1,1,0
2,4578,4,1,4,1,40.897999,36.146999,1,5,1,1,1,1,3011,1,1,0
2,4074,3,1,4,1,39.567001,41.922001,1,1,1,1,1,1,3026,1,1,0
2,4074,4,1,4,1,36.459,37.723999,1,1,1,1,1,1,3026,1,1,0
2,7777,3,1,0,5,20.245001,20.371,1,0,1,1,5,1,3035,1,1,0
2,8098,4,1,0,5,51.830002,53.158001,1,0,1,1,1,1,3025,3,2,0
2,6998,4,1,4,5,20.725,20.601999,1,1,1,1,1,1,3035,2,1,0
2,7323,5,1,4,5,34.865002,0,1,5,5,5,5,5,3049,2,1,0
2,6323,4,1,14,1,67.921997,72.514999,1,1,1,1,1,1,3035,7,2,0
2,6323,6,1,14,1,67.921997,72.514999,1,1,1,1,1,1,3035,7,2,0
2,691,3,1,4,5,22.933001,23.745001,1,1,1,1,1,1,3035,2,1,0
2,5836,3,1,4,1,30.402,32.293999,1,1,1,1,1,1,3030,2,1,0
2,5836,5,1,4,1,30.584999,31.065001,1,1,1,1,1,1,3030,2,1,0
2,336,3,4,9,1,27.454,28.228001,1,1,1,1,1,0,3015,5,3,0
2,336,5,4,9,1,26.889999,27.493,1,1,1,1,1,0,3015,5,3,0
2,5156,2,1,0,5,24.42,28.577,1,0,1,1,1,1,3015,0,2,0
2,5628,2,1,0,5,18.433001,20.618999,1,0,1,1,1,1,3015,1,2,0
2,1797,3,1,7,5,20.587,21.155001,1,1,1,1,1,0,3015,3,2,2
2,7542,3,4,1,1,26.731001,26.885,1,1,1,1,1,1,3015,1,1,0
2,7542,4,4,1,1,26.079,26.101999,1,1,1,1,1,0,3015,1,1,0
2,3979,3,4,1,1,46.603001,48.168999,1,1,1,1,1,1,3036,1,2,2
2,3979,4,4,1,1,44.042,43.937,1,1,1,1,1,1,3036,1,1,2
2,3588,4,1,7,5,23.403999,24.016001,1,1,1,1,1,1,3031,0,2,1
2,4424,3,1,4,1,36.339001,43.646999,1,1,1,1,1,1,3025,1,1,0
2,4424,4,1,4,1,34.360001,39.055,1,1,1,1,1,1,3025,1,1,0
2,3576,4,1,4,5,22.445999,22.681999,1,1,1,1,1,1,3035,1,1,0
2,3940,3,1,4,1,22.261999,22.870001,1,5,1,1,1,1,3030,5,1,0
2,3940,4,1,4,1,21.52,22.287001,1,5,1,1,1,1,3030,5,1,0
2,4103,3,1,4,1,33.973999,36.521,1,5,1,1,1,1,3030,2,1,2
2,4103,4,1,4,1,32.351002,34.088001,1,5,1,1,1,1,3030,2,1,2
2,3636,6,1,4,5,54.207001,55.286999,1,1,1,1,1,1,3030,3,1,0
2,4972,3,1,5,1,22.318001,21.966999,1,1,1,1,1,1,3030,3,2,0
2,4972,4,1,4,1,22.275999,22.292,1,1,1,1,1,1,3030,3,1,0
2,4775,3,1,4,5,31.702999,32.653,1,5,1,1,1,1,3035,3,1,0
2,3966,5,7,0,5,56.009998,60.317001,1,0,1,1,1,9,3030,96,4,1
2,4128,4,1,4,5,22.469999,25.011999,1,5,1,1,1,1,3030,1,1,0
2,3888,3,1,4,5,21.683001,22.114,1,5,1,1,1,1,3030,2,1,0
2,8246,4,1,4,5,25.865,0,1,5,5,5,5,5,3031,1,1,0
2,3967,3,1,4,5,27.565001,29.268,1,1,1,1,1,1,3009,1,1,0
2,4560,2,1,0,5,40.776001,44.5,1,0,1,1,1,1,3044,0,2,0
2,6581,3,1,4,5,53.794998,54.032001,1,1,1,1,1,1,3036,1,1,0
2,6459,3,1,5,5,51.442001,51.237,1,1,1,1,1,1,3036,0,2,0
2,1405,3,1,4,1,24.16,23.304001,1,5,1,1,1,1,3011,2,1,0
2,1405,4,1,4,1,22.709999,21.754999,1,5,1,1,1,1,3011,2,1,0
2,7940,2,1,0,1,24.139,25.931999,1,0,1,1,1,1,3026,2,2,0
2,7940,4,1,0,1,22.988001,23.792999,1,0,1,1,1,1,3026,2,2,0
2,7588,3,1,4,1,21.448999,22.368,1,5,1,1,1,1,3025,1,1,0
2,7588,4,1,4,1,21.202,22.405001,1,5,1,1,1,1,3025,1,1,0
2,1547,3,1,4,5,21.202,22.405001,1,1,1,1,1,1,3025,2,1,0
2,6506,3,1,4,5,35.487,38.581001,1,1,1,1,1,1,3026,0,1,0
2,7203,3,4,1,1,29.700001,35.457001,1,5,1,1,1,1,3008,1,1,0
2,7203,4,4,1,1,27.149,31.261,1,5,1,1,1,1,3008,1,1,0
2,6397,7,1,4,5,53.210999,53.193001,1,1,1,1,1,1,3035,5,1,0
2,6363,5,1,4,5,62.196999,64.741997,1,5,1,1,1,1,3030,4,1,0
2,5689,3,7,8,5,2.26,2.526,1,1,1,1,1,1,3015,96,3,2
2,6900,2,1,0,5,4.1960001,4.4429998,1,0,1,1,5,1,3040,3,2,2
2,8061,3,1,5,1,3.0020001,0,1,5,5,5,1,5,3031,2,2,2
2,8061,4,1,5,1,2.786,0,1,5,5,5,1,5,3031,2,2,2
2,4888,3,1,0,5,6.3260002,6.4380002,1,0,1,1,1,1,3040,2,2,1
2,5470,3,1,0,5,6.7779999,7.2729998,1,0,1,1,1,1,3040,2,2,1
2,6863,5,7,8,5,4.6929998,5.086,1,1,1,1,1,1,3040,96,4,1
2,4799,2,3,7,5,4.2550001,4.5209999,1,1,1,1,1,1,3040,96,4,0
2,7054,3,1,0,5,6.4920001,6.5500002,1,0,1,1,1,1,3019,2,2,0
2,5532,2,1,0,5,2.9549999,3.079,1,0,1,1,1,1,3019,2,2,2
2,4908,2,7,0,5,4.5180001,4.7090001,1,0,1,1,1,1,3019,96,4,0
2,5779,2,1,0,5,4.204,4.5009999,1,0,1,1,1,0,3040,0,2,0
2,5454,2,1,0,1,4.7859998,5.1269999,1,0,1,1,5,1,3040,2,2,0
2,5454,3,1,0,1,4.8930001,5.4000001,1,0,1,1,5,1,3040,2,2,0
2,4242,3,1,0,1,9.8859997,10.27,1,0,1,1,1,1,3040,2,2,0
2,4242,4,1,0,1,9.8719997,10.4,1,0,1,1,1,1,3040,2,2,0
2,2749,2,1,0,1,3.9089999,4.1279998,1,0,1,1,1,1,3001,5,2,2
2,2749,4,1,0,1,3.859,4.0489998,1,0,1,1,1,1,3001,5,2,2
2,2995,3,1,5,5,2.698,2.967,1,1,1,1,1,1,3040,1,2,2
2,2334,2,1,0,1,3.7479999,3.9579999,1,0,1,1,1,1,3016,2,2,2
2,2334,3,1,0,1,3.7030001,3.846,1,0,1,1,1,1,3016,2,2,2
2,543,3,1,0,5,5.0609999,5.6919999,1,0,1,1,1,1,3016,0,1,2
2,6513,7,1,7,5,9.257,0,1,1,5,5,1,5,3031,4,1,2
2,5684,4,1,0,5,5.737,0,1,0,5,5,5,5,3031,2,2,2
2,2617,3,1,0,5,6.6209998,6.9889998,1,0,1,1,5,1,3024,3,2,0
2,7530,4,1,4,5,4.2220001,4.5300002,1,1,1,1,5,1,3040,1,1,0
2,2974,2,1,0,5,4.3200002,4.671,1,0,1,1,1,1,3016,1,2,2
2,1124,3,1,4,5,4.6599998,5.0500002,1,1,1,1,1,1,3040,96,1,0
2,1136,2,13,17,5,6.072,6.6490002,1,1,1,1,1,1,3024,96,4,0
2,7259,2,1,0,1,6.77,7.3829999,1,0,1,1,1,1,3001,3,2,2
2,1437,2,1,0,1,8.533,9.2390003,1,0,1,1,1,1,3001,3,2,2
2,7259,3,1,0,1,6.7249999,7.302,1,0,1,1,1,1,3001,3,2,2
2,811,2,1,0,5,3.9590001,4.23,1,0,1,1,5,1,3024,0,2,2
2,1437,5,1,0,1,8.1560001,8.5080004,1,0,1,1,1,1,3001,3,2,2
2,4412,4,1,4,5,3.4219999,3.7650001,1,5,1,1,1,1,3024,2,1,2
2,1617,2,1,0,5,2.2460001,0,1,0,5,5,5,5,3001,96,2,2
2,2255,2,1,0,5,5.8010001,6.3270001,1,0,1,1,5,1,3040,1,2,2
2,5709,2,1,0,5,3.622,3.6059999,1,0,1,1,1,1,3017,2,2,2
2,1555,3,1,5,5,2.9660001,3.052,1,1,1,1,1,1,3017,1,2,2
2,4699,2,1,0,5,4.8870001,5.5279999,1,0,1,1,1,1,3048,96,2,0
2,2690,2,1,0,1,4.026,4.2750001,1,0,1,1,1,1,3048,1,2,2
2,2690,3,1,0,1,3.9590001,4.119,1,0,1,1,1,1,3048,1,2,2
2,3671,2,1,0,1,3.029,3.181,1,0,1,1,1,1,3024,2,2,2
2,3671,3,1,0,1,2.987,3.118,1,0,1,1,1,1,3024,2,2,2
2,6833,2,1,0,5,5.4369998,0,1,0,5,5,5,5,3031,1,2,2
2,2040,3,4,1,5,4.3169999,4.4699998,1,1,1,1,1,1,3011,9,1,0
2,4848,2,1,0,1,4.836,5.4889998,1,0,1,1,1,1,3011,1,2,0
2,4848,3,1,0,1,4.7259998,5.2989998,1,0,1,1,1,1,3011,1,2,0
2,7239,3,1,0,1,3.046,3.1140001,1,0,1,1,1,1,3018,3,2,0
2,6882,2,1,0,5,3,3.1930001,1,0,1,1,1,1,3011,96,2,0
2,7239,4,1,0,1,3.046,3.1140001,1,0,1,1,1,1,3018,3,2,0
2,5235,4,4,9,5,0,1.946,5,5,1,1,5,1,3038,1,3,0
2,2065,2,1,0,5,1.916,2.089,1,0,1,1,1,1,3019,1,2,2
2,253,2,1,0,5,12.441,13.398,1,0,1,1,1,1,3010,0,2,2
2,7632,2,1,0,5,5.7550001,5.829,1,0,1,1,1,1,3023,1,2,2
2,276,2,1,0,5,4.4530001,4.2950001,1,0,1,1,1,0,3023,0,2,2
2,4455,2,1,0,1,10.796,11.722,1,0,1,1,1,1,3033,1,2,0
2,4455,3,1,0,1,10.478,11.155,1,0,1,1,1,1,3033,1,2,0
2,909,3,1,4,1,4.1240001,4.1680002,1,1,1,1,1,1,3008,2,1,2
2,676,3,1,4,1,5.3850002,5.473,1,1,1,1,1,1,3008,2,1,0
2,909,4,1,4,1,4.0799999,4.1739998,1,1,1,1,1,1,3008,2,1,2
2,653,3,1,5,1,6.888,7.4660001,1,1,1,1,1,1,3008,3,2,2
2,653,4,1,5,1,6.888,7.4660001,1,1,1,1,1,1,3008,3,2,2
2,676,4,1,4,1,5.2459998,5.2969999,1,1,1,1,1,1,3008,2,1,0
2,4688,3,4,1,5,2.8529999,2.984,1,5,1,1,1,1,3047,1,1,0
2,1171,5,1,4,1,4.7600002,4.7550001,1,1,1,1,1,1,3036,2,1,0
2,1171,3,1,4,1,4.8449998,4.8559999,1,1,1,1,1,1,3036,2,1,0
2,5261,3,1,0,5,4.6110001,5.0159998,1,0,1,1,1,1,3033,9,1,0
2,3190,2,1,0,5,3.0599999,3.359,1,0,1,1,1,1,3016,1,2,2
2,5783,4,1,4,1,5.2620001,5.223,1,1,1,1,1,1,3003,2,1,0
2,5783,5,1,4,1,5.2309999,5.1869998,1,1,1,1,1,1,3003,2,1,0
2,6526,4,1,5,5,5.9530001,6.198,1,1,1,1,1,1,3010,1,2,2
2,1876,4,1,7,5,10.355,11.581,1,1,1,1,5,1,3010,1,2,1
2,5064,6,1,4,5,10.372,11.088,1,5,1,1,1,1,3001,5,1,2
2,5662,2,1,0,5,2.951,3.099,1,0,1,1,1,1,3006,1,2,2
2,5731,3,1,0,1,4.7329998,4.862,1,0,1,1,1,1,3006,2,2,2
2,5731,4,1,0,1,4.7329998,4.862,1,0,1,1,1,1,3006,2,2,2
2,4487,2,1,0,5,2.0469999,2.0339999,1,0,1,1,1,1,3006,2,2,2
2,4511,3,1,10,1,3.3010001,3.2880001,1,1,1,1,1,1,3003,3,2,2
2,4511,4,1,10,1,3.322,3.3529999,1,1,1,1,1,1,3003,3,2,2
2,4711,4,11,0,1,7.9629998,9.1800003,1,0,1,1,1,9,3008,2,4,2
2,4711,2,11,0,1,2.494,2.8180001,1,0,1,1,1,1,3008,2,4,2
2,5248,3,1,5,5,1.0369999,1.059,1,1,1,1,1,1,3011,1,2,2
2,2216,2,1,0,1,3.3329999,3.48,1,0,1,1,1,1,3010,1,2,2
2,2216,3,1,0,1,3.326,3.539,1,0,1,1,1,1,3010,1,2,2
2,1785,2,1,0,1,7.2969999,7.5149999,1,0,1,1,1,1,3010,1,2,2
2,1785,3,1,0,1,7.1500001,7.3210001,1,0,1,1,1,1,3010,1,2,2
2,4571,5,1,0,5,4.9169998,5.052,1,0,1,1,1,1,3023,2,1,2
2,6557,2,1,0,5,3.6429999,3.7479999,1,0,1,1,1,1,3031,0,2,2
2,7848,4,1,5,1,2.973,3.01,1,1,1,1,1,1,3019,3,2,2
2,7853,4,1,4,5,3.352,3.3789999,1,1,1,1,1,0,3017,1,1,2
2,7276,3,1,4,5,2.8199999,2.8889999,1,1,1,1,1,1,3019,1,1,2
2,7848,3,1,5,1,3.079,0,1,1,5,5,5,5,3031,3,2,2
2,7639,3,1,5,5,2.1389999,2.174,1,1,1,1,1,1,3033,2,2,0
2,2862,2,1,0,5,4.704,5.0580001,1,0,1,1,1,1,3010,0,2,2
2,1093,3,1,13,5,8.1350002,8.3479996,1,1,1,1,1,1,3010,1,2,2
2,2845,2,1,0,5,5.1789999,5.8439999,1,0,1,1,1,1,3010,1,2,0
2,1561,2,1,0,5,3.6129999,3.7119999,1,0,1,1,1,1,3040,2,2,0
2,2473,4,2,0,5,1.0369999,1.059,1,0,1,1,1,9,3026,1,3,2
2,5180,2,1,0,5,2.3859999,2.4349999,1,0,1,1,1,1,3001,0,2,0
2,5545,2,1,5,1,4.6170001,5.0539999,1,1,1,1,1,1,3040,2,2,0
2,5545,3,1,5,1,4.566,4.973,1,1,1,1,1,1,3040,2,2,0
2,4031,3,1,7,5,1.626,1.687,1,1,1,1,1,1,3019,0,2,1
2,3909,2,1,0,5,1.0369999,1.059,1,0,1,1,1,1,3017,1,2,2
2,3286,2,1,0,5,2.8840001,2.8180001,1,0,1,1,5,9,3017,96,2,2
2,984,2,1,0,5,4.494,4.9840002,1,0,1,1,5,1,3001,96,2,0
2,1637,2,1,0,5,4.3509998,4.566,1,0,1,1,1,1,3016,9,2,0
2,6369,3,1,4,1,3.0050001,3.178,1,5,1,1,1,1,3022,1,1,0
2,6369,4,1,4,1,2.9790001,3.1389999,1,5,1,1,1,1,3022,1,1,0
2,6831,2,1,0,1,4.0219998,4.3639998,1,0,1,1,1,1,3022,2,2,0
2,6831,3,1,0,1,3.9260001,4.1430001,1,0,1,1,1,1,3022,2,2,0
2,3383,3,1,0,1,7.7049999,7.7779999,1,0,1,1,5,1,3012,2,2,0
2,3383,4,1,0,1,7.6370001,7.6950002,1,0,1,1,5,1,3012,2,2,0
2,2411,3,1,0,5,1.89,1.944,1,0,1,1,1,1,3025,1,2,0
2,2688,3,1,4,1,2.8329999,2.8989999,1,1,1,1,1,1,3025,2,1,0
2,2688,4,1,4,1,2.8310001,2.9200001,1,1,1,1,1,1,3025,2,1,0
2,4928,2,1,7,5,4.1020002,4.2360001,1,1,1,1,1,1,3005,9,2,1
2,4898,3,1,5,1,4.177,4.414,1,1,1,1,1,1,3005,1,2,2
2,4898,4,1,5,1,4.0570002,4.243,1,1,1,1,1,1,3005,1,2,2
2,2682,2,1,0,1,2.816,3.0050001,1,0,1,1,1,1,3005,2,2,2
2,6876,3,1,4,5,3.158,3.201,1,1,1,1,1,1,3005,1,1,2
2,7295,3,1,4,5,4.0100002,4.0819998,1,1,1,1,5,9,3010,2,1,2
2,2682,3,1,0,1,2.6930001,2.822,1,0,1,1,1,1,3005,2,2,2
2,1829,3,1,5,5,37.169998,0,1,1,5,5,5,5,3031,96,2,0
2,2798,3,3,6,5,1.142,1.199,1,1,1,1,1,1,3005,96,4,0
2,2266,4,4,0,5,4.54,5,1,0,1,1,1,1,3010,1,1,0
2,6202,3,1,0,5,3.395,3.487,1,0,1,1,1,1,3017,2,2,1
2,2291,2,1,0,5,5.0939999,5.033,1,0,1,1,1,1,3006,1,2,2
2,2816,3,1,7,5,2.2609999,2.336,1,1,1,1,1,0,3006,96,2,1
2,5502,2,1,0,5,2.3269999,2.2850001,1,0,1,1,1,1,3006,96,2,2
2,6938,4,1,4,5,4.2350001,4.8530002,1,1,1,1,1,1,3008,1,1,2
2,6706,2,1,0,5,2.665,2.72,1,0,1,1,1,1,3006,0,2,2
2,2087,3,1,4,5,6.9759998,7.4520001,1,1,1,1,1,1,3008,0,1,2
2,4750,3,1,4,5,5.572,6.0310001,1,1,1,1,1,1,3008,0,1,2
2,828,2,7,0,5,4.5190001,5.046,1,0,1,1,1,1,3008,96,4,1
2,239,2,7,0,5,6.6370001,7.4109998,1,0,1,1,1,1,3008,96,4,1
2,2916,3,1,0,1,5.5300002,5.756,1,0,1,1,1,1,3008,2,2,0
2,2916,2,1,0,1,5.5830002,5.8299999,1,0,1,1,1,1,3008,2,2,2
2,6381,2,3,0,5,5.1259999,5.4809999,1,0,1,1,1,1,3022,1,4,1
2,2389,2,1,0,5,2.086,2.2650001,1,0,1,1,1,9,3016,1,2,0
2,5247,2,1,0,5,3.6730001,3.773,1,0,1,1,1,1,3017,0,2,2
2,3778,4,1,0,5,11.73,13.09,1,0,1,1,1,1,3042,2,2,2
2,8034,2,1,0,1,5.257,5.474,1,0,1,1,5,1,3024,1,2,2
2,8034,3,1,0,1,5.0650001,5.204,1,0,1,1,5,1,3024,1,2,2
2,6094,2,1,0,5,1.0369999,1.059,1,0,1,1,5,1,3037,96,2,0
2,1747,2,1,0,1,3.7279999,3.951,1,0,1,1,5,1,3033,2,2,2
2,1747,3,1,0,1,3.724,3.9960001,1,0,1,1,5,1,3033,2,2,2
2,7810,3,1,4,5,2.5150001,2.52,1,1,1,1,1,0,3047,0,1,0
2,1198,2,1,0,5,3.085,3.1489999,1,0,1,1,1,1,3003,1,2,2
2,797,3,1,4,5,2.1570001,2.1670001,1,1,1,1,1,1,3003,0,1,2
2,5732,2,1,0,5,1.714,1.755,1,0,1,1,1,1,3003,1,2,2
2,5997,5,7,1,5,4.4749999,4.8400002,1,1,1,1,1,1,3010,0,2,1
2,6508,4,1,4,5,3.819,4.0739999,1,1,1,1,1,0,3006,2,1,2
2,1983,2,7,0,5,5.1290002,5.2519999,1,0,1,1,1,1,3006,96,4,1
2,1994,3,1,14,5,4.4320002,4.618,1,1,1,1,1,1,3006,2,2,0
2,1143,4,7,17,5,2.303,2.421,1,1,1,1,1,1,3039,1,4,1
2,1909,2,1,0,5,3.559,3.5780001,1,0,1,1,1,1,3006,9,2,2
2,2114,6,1,0,1,9.1700001,9.6829996,1,0,1,1,5,1,3017,5,2,0
2,2114,7,1,0,1,9.2399998,9.9580002,1,0,1,1,5,1,3017,5,2,0
2,7619,2,4,0,5,2.6159999,2.7130001,1,0,1,1,5,1,3001,2,3,0
2,7617,4,11,12,5,7.7129998,8.1750002,1,1,1,1,1,1,3017,5,4,2
2,6825,3,1,4,5,2.8099999,2.9170001,1,1,1,1,1,1,3019,0,1,2
2,2157,4,1,0,1,10.591,11.085,1,0,1,1,1,1,3012,4,2,2
2,2157,5,1,0,1,10.326,10.708,1,0,1,1,1,1,3012,4,2,2
2,3104,3,1,4,5,2.1600001,2.184,1,1,1,1,1,1,3022,2,1,2
2,6391,2,1,0,5,3.441,3.3940001,1,0,1,1,1,1,3023,0,2,2
2,4644,4,1,4,5,3.6300001,3.7520001,1,1,1,1,1,1,3023,1,1,2
2,7606,3,1,0,1,3.6670001,3.6559999,1,0,1,1,1,1,3020,2,2,2
2,7606,4,1,0,1,3.632,3.661,1,0,1,1,1,1,3020,2,2,2
2,2942,3,1,4,5,2.7679999,2.938,1,1,1,1,1,1,3007,2,1,2
2,5475,2,1,0,1,2.6730001,2.75,1,0,1,1,1,1,3012,3,2,0
2,4482,3,1,4,5,5.1830001,5.5180001,1,1,1,1,1,1,3023,9,1,0
2,5475,3,1,0,1,2.6500001,2.7190001,1,0,1,1,1,1,3012,3,2,0
2,3969,3,7,8,1,1.387,1.4450001,1,1,1,1,1,1,3034,2,0,1
2,5186,2,1,5,5,1.125,1.151,1,1,1,1,1,1,3034,1,2,2
2,3969,4,7,8,1,1.0369999,1.059,1,1,1,1,1,1,3034,2,0,1
2,6907,3,2,0,5,1.0369999,1.059,1,0,1,1,1,1,3034,1,3,2
2,6476,2,1,0,5,5.9699998,5.9200001,1,0,1,1,1,1,3035,0,2,0
2,4327,2,1,0,5,6.204,6.5089998,1,0,1,1,1,1,3029,96,2,2
2,7569,2,4,0,1,3.8870001,3.8729999,1,0,1,1,1,1,3001,2,3,0
2,507,3,1,0,1,5.5310001,5.5819998,1,0,1,1,1,1,3012,2,2,0
2,507,4,1,0,1,5.5310001,5.5819998,1,0,1,1,1,1,3012,2,2,0
2,7569,3,4,0,1,3.799,3.8110001,1,0,1,1,1,1,3001,2,3,0
2,3048,4,1,7,5,6.2189999,6.8540001,1,1,1,1,1,1,3007,1,2,1
2,2198,3,1,4,5,6.0580001,6.2880001,1,1,1,1,1,1,3007,96,1,2
2,2524,6,1,4,5,8.8269997,9.2119999,1,1,1,1,1,1,3007,3,1,0
2,2226,2,1,0,5,3.131,3.023,1,0,1,1,1,1,3007,1,2,2
2,6029,2,1,0,5,3.395,3.28,1,0,1,1,1,1,3039,0,2,2
2,4462,3,1,4,5,2.072,2.082,1,1,1,1,1,1,3006,2,1,2
2,4505,2,1,0,5,2.8340001,2.789,1,0,1,1,1,1,3006,2,2,2
2,4542,2,1,0,5,2.8559999,2.852,1,0,1,1,1,1,3006,3,2,2
2,5185,2,1,0,5,5.6960001,5.9899998,1,0,1,1,1,1,3008,1,2,0
2,2605,4,1,13,5,9.2550001,9.809,1,1,1,1,1,1,3006,4,2,2
2,1186,3,7,0,5,12.322,13.594,1,0,1,1,5,1,3042,5,0,1
2,1040,2,1,0,5,6.1669998,6.6220002,1,0,1,1,1,1,3042,9,2,0
2,4209,4,1,0,5,6.658,6.8520002,1,0,1,1,1,1,3016,2,2,0
2,6576,2,1,10,1,9.2030001,9.9779997,1,5,1,1,5,1,3016,2,2,2
2,6576,3,1,10,1,9.1339998,9.8599997,1,5,1,1,5,9,3016,2,2,2
2,6627,3,1,4,5,3.527,3.767,1,1,1,1,1,0,3016,1,1,2
2,7348,5,1,10,5,7.6069999,7.973,1,1,1,1,1,1,3016,2,2,0
2,3850,4,1,5,5,7.2709999,7.7379999,1,1,1,1,1,1,3023,3,2,0
2,5614,4,1,13,5,6.4299998,6.79,1,1,1,1,1,1,3039,2,2,0
2,4508,2,1,0,5,3.7060001,3.8039999,1,0,1,1,1,1,3003,96,2,3
2,938,3,17,18,5,4.3200002,4.6589999,1,1,1,1,1,1,3024,0,0,0
2,787,3,1,0,5,2.697,2.786,1,0,1,1,1,1,3004,1,2,0
2,5969,3,1,5,5,4.0019999,4.3629999,1,1,1,1,5,1,3024,2,2,0
2,1571,3,1,0,5,5.9850001,6.4089999,1,0,1,1,1,1,3016,1,2,2
2,3918,2,1,0,5,1.579,1.6720001,1,0,1,1,1,1,3037,0,2,2
2,6930,3,1,0,5,4.165,0,1,0,5,5,5,5,3043,3,2,2
2,5895,2,1,0,5,5.8709998,6.263,1,0,1,1,5,1,3037,96,2,0
2,127,3,1,4,1,8.3669996,9.085,1,1,1,1,1,1,3037,2,1,0
2,3988,2,1,0,1,2.9449999,3.25,1,0,1,1,1,1,3003,2,2,2
2,127,5,1,4,1,8.3249998,9.0939999,1,1,1,1,1,1,3037,2,1,0
2,3988,3,1,0,1,2.865,3.0580001,1,0,1,1,1,1,3003,2,2,2
2,4547,3,1,4,1,3.0550001,0,1,1,5,5,5,5,3049,1,1,2
2,4547,4,1,4,1,2.9230001,0,1,1,5,5,5,5,3049,1,1,2
2,2062,4,1,13,5,7.5139999,7.4239998,1,1,1,1,1,1,3036,2,2,2
2,2925,2,1,0,5,1.136,1.198,1,0,1,1,1,1,3014,0,2,2
2,5563,3,4,2,5,2.6600001,2.642,1,1,1,1,1,1,3048,2,3,2
2,5403,4,1,5,5,4.4320002,4.618,1,1,1,1,1,1,3048,1,2,2
2,6660,2,7,0,5,3.1949999,0,1,0,5,5,5,5,3049,0,4,2
2,6573,2,1,0,5,10.383,11.478,1,0,1,1,5,1,3016,1,2,1
2,5390,2,1,0,5,2.8940001,2.928,1,0,1,1,1,1,3003,1,2,0
2,7407,3,1,0,5,3.8280001,3.9519999,1,0,1,1,1,1,3011,1,2,0
2,4086,2,3,13,5,3.5680001,3.6099999,1,1,1,1,1,1,3003,1,2,0
2,4696,4,1,4,5,5.9489999,6.1170001,1,1,1,1,1,1,3011,1,1,2
2,6112,8,1,0,5,12.335,12.716,1,0,1,1,1,1,3017,4,2,1
2,6194,3,1,4,1,2.0829999,2.1459999,1,1,1,1,1,1,3017,2,2,2
2,7814,2,1,0,5,2.7839999,2.931,1,0,1,1,1,1,3001,1,2,2
2,6194,4,1,4,1,2.03,2.076,1,1,1,1,1,1,3017,2,2,2
2,6975,6,1,4,5,35.682999,37.776001,1,1,1,1,1,9,3044,3,1,2
2,960,2,8,0,5,6.8629999,7.6069999,1,0,1,1,1,1,3029,96,4,1
2,4608,3,1,4,1,3.2839999,3.332,1,1,1,1,1,1,3023,1,1,2
2,4608,4,1,4,1,3.132,3.1129999,1,1,1,1,1,1,3023,1,1,2
2,5263,2,1,0,5,7.7540002,7.8839998,1,0,1,1,1,1,3016,0,2,0
2,7494,4,1,13,5,8.6929998,9.6029997,1,1,1,1,1,1,3037,3,2,0
2,2669,4,1,0,5,5.9130001,0,1,0,5,5,5,5,3049,1,2,2
2,5132,2,1,0,1,4.73,5.0630002,1,0,1,1,1,1,3023,1,2,0
2,5334,3,4,0,5,4.2670002,4.3899999,1,0,1,1,1,9,3010,2,3,0
2,5132,3,1,0,1,4.6919999,5.0029998,1,0,1,1,1,1,3023,1,2,0
2,7957,2,1,0,1,6.974,7.4949999,1,0,1,1,1,1,3007,4,2,2
2,5262,3,7,8,5,3.7049999,3.678,1,1,1,1,1,1,3007,0,0,1
2,7957,4,1,0,1,6.7719998,7.1880002,1,0,1,1,1,1,3007,4,2,2
2,4994,2,1,0,5,4.27,4.506,1,0,1,1,1,1,3023,2,2,0
2,6006,2,1,0,5,9.7119999,9.6949997,1,0,1,1,1,1,3007,0,2,2
2,8065,2,1,0,1,3.132,3.223,1,0,1,1,1,1,3023,1,2,2
2,8065,3,1,0,1,3.102,3.1849999,1,0,1,1,1,1,3023,1,2,2
2,7341,4,1,0,5,9.1339998,9.2980003,1,0,1,1,1,1,3007,2,2,0
2,3502,2,1,0,1,4.0640001,4.348,1,0,1,1,5,1,3012,1,2,1
2,3502,3,1,0,1,3.9920001,4.237,1,0,1,1,1,1,3012,1,2,1
2,6492,2,1,0,5,10.861,11.99,1,0,1,1,1,1,3008,0,2,2
2,1087,3,1,4,5,3.9319999,4.0029998,1,1,1,1,1,0,3006,0,1,2
2,7903,3,1,0,5,5.1869998,5.138,1,0,1,1,1,1,3006,0,2,1
2,7697,3,1,5,5,5.1020002,4.9790001,1,1,1,1,1,1,3039,1,2,2
2,6680,2,4,0,1,5.5809999,5.698,1,0,1,1,1,1,3035,1,3,0
2,6680,3,4,0,1,5.5170002,5.5710001,1,0,1,1,1,1,3035,1,3,0
2,5078,2,1,0,5,5.9320002,6.3150001,1,0,1,1,1,1,3022,3,2,2
2,4960,3,2,4,5,1.893,1.931,1,1,1,1,1,1,3031,2,3,2
2,6773,4,1,0,1,6.7379999,7.0640001,1,0,1,1,1,1,3022,3,2,2
2,6773,3,1,0,1,6.829,7.0510001,1,0,1,1,1,1,3022,3,2,2
2,1804,3,1,0,1,6.0960002,6.2779999,1,0,1,1,1,1,3006,2,2,2
2,1804,2,1,0,1,2.74,2.8900001,1,0,1,1,1,1,3006,2,2,2
2,171,2,1,0,5,2.675,2.756,1,0,1,1,1,1,3006,3,2,2
2,1886,2,1,0,5,5.5380001,6.1279998,1,0,1,1,1,1,3042,2,2,2
2,4583,3,1,0,5,4.3720002,5.0050001,1,0,1,1,1,1,3040,1,2,0
2,4148,2,13,0,1,4.4060001,4.8850002,1,0,1,1,1,1,3040,2,4,0
2,4148,3,13,0,1,4.3870001,4.8400002,1,0,1,1,1,1,3040,2,4,0
2,3954,2,1,0,5,2.927,3.214,1,0,1,1,1,1,3040,1,2,0
2,6405,3,17,0,5,3.0569999,0,1,0,5,5,5,5,3031,96,4,0
2,1748,2,1,0,5,3.7019999,3.74,1,0,1,1,1,1,3007,96,2,0
2,2067,3,1,4,5,3.681,3.8,1,1,1,1,1,1,3016,9,1,0
2,3227,3,1,4,5,3.6159999,0,1,5,5,5,5,5,3031,9,1,0
2,2056,3,1,4,5,14.904,15.654,1,5,1,1,1,0,3016,2,2,2
2,5391,3,1,0,5,12.135,12.893,1,0,1,1,1,1,3008,1,2,2
2,3866,3,1,0,5,4.1370001,4.3940001,1,0,1,1,1,1,3008,1,2,2
2,8009,2,1,0,1,4.2940001,0,1,0,5,5,1,5,3023,1,2,0
2,8009,3,1,0,1,4.1750002,0,1,0,5,5,1,5,3023,1,2,0
2,72,5,1,4,5,5.573,6.0370002,1,1,1,1,1,1,3037,5,1,0
2,993,2,1,0,1,3.2709999,3.4319999,1,0,1,1,1,1,3037,1,2,2
2,466,2,1,0,5,5.0440001,5.3839998,1,0,1,1,1,1,3037,2,2,2
2,993,3,1,0,1,3.257,3.4089999,1,0,1,1,1,1,3037,1,2,2
2,4713,3,1,5,5,2.8150001,2.885,1,5,1,1,1,1,3003,3,2,0
2,2348,3,1,6,5,7.5250001,8.1370001,1,1,1,1,1,1,3048,96,2,2
2,5775,3,1,4,5,2.0050001,2.1470001,1,1,1,1,1,1,3048,9,1,2
2,6734,3,1,4,5,4.7839999,4.9380002,1,1,1,1,1,1,3040,2,1,2
2,6238,4,1,0,1,4.724,4.7449999,1,0,1,1,5,1,3037,2,2,2
2,2458,3,1,0,5,4.2550001,4.4720001,1,0,1,1,5,1,3037,2,2,2
2,2533,2,7,0,5,14.217,14.629,1,0,1,1,1,1,3037,96,4,1
2,6238,2,1,0,1,4.7859998,4.7750001,1,0,1,1,5,1,3037,2,2,2
2,7224,3,1,4,5,1.75,1.804,1,1,1,1,1,1,3005,1,1,0
2,5664,2,1,0,1,2.2049999,2.2550001,1,0,1,1,1,1,3005,1,2,0
2,4958,3,1,4,5,2.8740001,3.016,1,1,1,1,1,1,3005,1,1,0
2,5664,3,1,0,1,2.1270001,2.1300001,1,0,1,1,1,1,3005,1,2,0
2,7816,4,1,4,5,5.277,5.5170002,1,1,1,1,1,1,3012,2,1,0
2,4512,2,1,0,1,3.5840001,3.753,1,0,1,1,1,1,3026,2,2,2
2,4512,3,1,0,1,3.494,3.582,1,0,1,1,1,1,3026,2,2,2
2,7648,3,1,0,1,5.8369999,6.237,1,0,1,1,1,1,3016,1,2,0
2,7648,2,1,0,1,6.1100001,6.8179998,1,0,1,1,1,1,3016,1,2,0
2,4296,3,1,5,1,0,2.6719999,5,1,1,1,5,1,3002,3,2,2
2,6168,3,1,4,1,7.6989999,7.7810001,1,1,1,1,1,1,3023,2,1,2
2,4813,3,1,10,5,3.5940001,3.724,1,1,1,1,1,1,3002,1,2,2
2,4296,4,1,4,1,0,2.562,5,1,1,1,1,1,3002,3,1,2
2,6168,5,1,4,1,7.4530001,7.408,1,1,1,1,1,1,3023,2,1,2
2,4429,3,1,6,5,11.01,11.574,1,1,1,1,1,1,3001,3,2,2
2,872,4,1,4,1,4.1589999,4.2880001,1,5,1,1,1,1,3033,2,1,2
2,872,3,1,4,1,4.2449999,4.4099998,1,5,1,1,1,1,3033,2,1,2
2,7226,3,1,0,1,5.7789998,6.27,1,0,1,1,1,1,3007,2,2,2
2,7226,4,1,0,1,5.4770002,5.7129998,1,0,1,1,1,1,3007,2,2,2
2,7549,3,1,4,5,2.273,2.28,1,1,1,1,1,0,3012,0,1,2
2,5205,3,1,4,5,1.9299999,1.951,1,1,1,1,1,1,3006,0,1,2
2,1676,3,1,4,1,3.066,3.0420001,1,1,1,1,1,0,3008,1,1,2
2,1676,4,1,4,1,2.9719999,2.9360001,1,1,1,1,1,0,3008,1,1,2
2,1601,2,1,0,5,5.1370001,0,1,0,5,5,5,5,3049,1,2,0
2,5327,4,1,13,5,4.7389998,4.6420002,1,1,1,1,1,1,3008,2,2,0
2,259,2,1,0,5,2.79,2.855,1,0,1,1,1,1,3008,1,2,2
2,1268,3,1,4,1,3.684,3.9890001,1,1,1,1,5,0,3022,1,1,0
2,1268,4,1,4,1,3.559,3.7309999,1,1,1,1,1,0,3022,1,1,0
2,1039,3,1,4,5,3.5209999,3.552,1,1,1,1,1,0,3019,96,1,0
2,970,2,1,0,5,12.167,13.309,1,0,1,1,5,1,3024,2,2,0
2,1395,4,1,0,5,2.2119999,2.4400001,1,0,1,1,5,1,3016,2,2,0
2,1193,2,1,0,1,4.7550001,5.0050001,1,0,1,1,1,1,3016,2,2,2
2,892,3,8,11,5,3.9070001,4.3109999,1,1,1,1,1,1,3016,1,4,0
2,1193,3,1,0,1,4.6409998,4.8280001,1,0,1,1,1,1,3016,2,2,2
2,4995,2,1,0,5,5.8720002,0,1,0,5,5,5,5,3016,2,2,2
2,566,3,1,4,1,1.784,1.9119999,1,1,1,1,1,1,3022,2,1,2
2,5685,4,1,5,5,1.381,1.331,1,1,1,1,1,0,3022,2,2,2
2,566,5,1,4,1,1.723,1.818,1,1,1,1,1,1,3022,2,1,2
2,1530,2,7,0,5,1.0369999,1.059,1,0,1,1,1,1,3022,1,2,2
2,7861,4,1,4,5,5.5700002,5.5209999,1,5,1,1,1,1,3017,2,1,0
2,6795,3,3,0,1,3.609,3.8840001,1,0,1,1,1,1,3026,4,0,0
2,6795,4,3,0,1,3.2379999,3.4200001,1,0,1,1,1,1,3026,4,0,0
2,7115,2,1,0,1,1.881,1.921,1,0,1,1,1,1,3026,2,2,2
2,7115,3,1,0,1,1.873,1.91,1,0,1,1,1,1,3026,2,2,2
2,3565,2,1,0,5,1.7869999,0,1,0,5,5,1,5,3026,1,2,0
2,7074,3,1,4,5,4.0710001,4.211,1,1,1,1,1,1,3029,1,1,0
2,856,4,1,7,5,4.039,4.1799998,1,1,1,1,1,1,3019,1,2,1
2,778,2,1,0,1,6.4359999,6.9390001,1,0,1,1,1,1,3003,1,2,2
2,778,3,1,0,1,6.3839998,6.8540001,1,0,1,1,1,1,3003,1,2,2
2,3912,3,1,5,5,4.7249999,5.0229998,1,1,1,1,1,1,3023,1,2,2
2,4405,2,1,7,5,6.1799998,6.711,1,1,1,1,1,1,3042,0,2,2
2,74,3,1,4,5,4.3179998,4.579,1,5,1,1,1,1,3037,0,1,0
2,5195,3,1,14,1,10.509,11.061,1,1,1,1,1,1,3048,2,2,2
2,5566,3,1,4,5,4.2930002,4.5619998,1,1,1,1,1,1,3048,0,1,2
2,5339,3,1,0,5,7.1030002,7.7129998,1,0,1,1,1,1,3048,1,2,2
2,5195,4,1,14,1,10.315,10.76,1,1,1,1,1,1,3048,2,2,2
2,5994,2,1,0,5,7.0640001,7.638,1,0,1,1,1,1,3048,3,2,2
2,5388,5,1,4,5,4.2859998,4.4590001,1,1,1,1,1,1,3012,2,1,2
2,8016,3,4,1,5,2.9200001,3.085,1,5,1,1,1,1,3007,0,1,2
2,1052,3,1,5,5,3.4130001,3.3629999,1,1,1,1,1,1,3006,1,2,2
2,7015,2,1,0,1,3.273,0,1,0,5,5,5,5,3049,2,2,0
2,1322,2,7,0,1,2.5669999,2.7460001,1,0,1,1,1,1,3039,3,2,1
2,7015,4,1,0,1,3.0710001,0,1,0,5,5,5,5,3049,2,2,0
2,1322,3,7,0,1,2.5639999,2.7820001,1,0,1,1,1,1,3039,3,2,1
2,6082,4,1,5,5,3.5,3.5239999,1,1,1,1,5,1,3039,1,2,0
2,1984,4,1,4,1,6.3210001,7.0300002,1,5,1,1,1,1,3041,2,1,2
2,1984,3,1,4,1,6.4549999,7.2620001,1,5,1,1,1,1,3041,2,1,2
2,5147,2,17,17,5,4.3119998,4.5679998,1,1,1,1,1,1,3046,1,4,2
2,5938,4,1,0,5,8.9510002,9.1879997,1,0,1,1,1,1,3046,2,2,0
2,5807,2,1,0,5,4.204,4.5009999,1,0,1,1,1,1,3024,0,2,2
2,7694,3,1,4,5,4.1490002,4.3579998,1,5,1,1,5,1,3024,1,1,2
2,7953,2,1,0,5,2.234,2.381,1,0,1,1,1,1,3022,1,2,2
2,5572,2,1,0,5,2.8829999,2.855,1,0,1,1,1,1,3034,0,2,0
2,7027,2,1,0,5,3.931,4.0339999,1,0,1,1,1,1,3034,2,2,2
2,2474,3,1,4,5,4.244,4.4780002,1,1,1,1,1,1,3046,0,1,2
2,235,2,1,7,5,8.4490004,9.4460001,1,1,1,1,1,1,3022,1,2,2
2,3614,2,1,0,5,4.1370001,4.3039999,1,0,1,1,1,1,3016,0,2,0
2,3284,6,1,0,5,6.401,7.0640001,1,0,1,1,1,1,3037,4,2,0
2,2555,2,1,0,5,6.21,6.651,1,0,1,1,1,0,3037,0,2,0
2,4143,2,1,0,5,4.4460001,4.5250001,1,0,1,1,1,1,3022,0,2,0
2,6735,2,1,0,5,3.5209999,3.552,1,0,1,1,1,1,3003,1,2,0
2,8104,4,1,4,5,9.6940002,0,1,1,5,5,1,5,3031,3,1,2
2,4491,3,1,0,5,3.5999999,3.5020001,1,0,1,1,1,1,3007,1,2,2
2,1327,3,7,11,5,10.386,11.602,1,1,1,1,1,1,3022,1,0,1
2,502,2,7,8,5,4.4029999,4.7020001,1,1,1,1,1,1,3022,1,2,2
2,3580,3,1,7,5,6.658,7.1539998,1,1,1,1,1,1,3022,1,2,1
2,1692,2,1,7,5,5.559,6.0380001,1,1,1,1,1,1,3022,1,2,2
2,386,2,1,0,5,4.6279998,4.7399998,1,0,1,1,1,1,3022,0,2,2
2,320,6,1,7,5,5.4850001,5.908,1,1,1,1,1,1,3022,96,4,1
2,2170,3,1,4,5,4.3759999,4.9000001,1,1,1,1,1,1,3022,0,1,2
2,2102,2,1,0,5,7.1440001,6.855,1,0,1,1,1,1,3022,0,2,0
2,7532,4,1,0,5,1.079,1.112,1,0,1,1,5,1,3017,2,2,2
2,5785,2,7,0,5,4.612,4.6760001,1,0,1,1,1,9,3017,0,0,1
2,8150,3,3,0,5,4.6490002,4.5450001,1,0,1,1,5,1,3017,96,4,0
2,7687,5,1,4,1,5.4590001,0,1,1,5,5,5,5,3033,4,1,0
2,6114,3,1,8,1,3.4760001,3.3340001,1,1,1,1,1,1,3033,1,2,1
2,7687,6,1,4,1,5.3449998,0,1,1,5,5,5,5,3033,4,1,0
2,6114,2,1,8,1,3.6359999,3.539,1,1,1,1,1,1,3033,1,2,1
2,4849,2,1,0,5,5.553,5.6350002,1,0,1,1,1,1,3011,0,2,0
2,6838,3,1,4,5,4.4710002,4.8720002,1,5,1,1,1,1,3050,1,1,2
2,4032,4,1,4,5,4.3449998,4.5739999,1,1,1,1,1,1,3005,1,1,2
2,344,3,1,5,5,2.9289999,3.033,1,5,1,1,1,1,3005,96,2,2
2,2988,3,1,0,1,4.2329998,4.329,1,0,1,1,1,1,3001,1,1,2
2,2988,4,1,0,1,4.1529999,4.1799998,1,0,1,1,1,1,3001,1,1,2
2,4509,2,1,0,1,9.1389999,10.245,1,0,1,1,1,1,3005,3,2,2
2,4509,3,1,0,1,8.8380003,9.5480003,1,0,1,1,1,1,3005,3,2,2
2,7423,2,1,0,5,4.2010002,4.3400002,1,0,1,1,1,1,3008,1,2,2
2,1160,9,1,4,1,16.999001,0,1,1,5,5,5,5,3049,6,1,2
2,1160,8,1,4,1,17.704,0,1,1,5,5,5,5,3049,6,1,2
2,5690,2,1,0,5,3.927,4.1599998,1,0,1,1,1,1,3042,2,2,2
2,2923,3,1,4,5,2.1670001,2.316,1,1,1,1,1,1,3042,9,1,2
2,3939,2,1,0,5,3.76,4.0279999,1,0,1,1,1,1,3015,96,2,2
2,5096,3,1,0,5,4.1659999,4.434,1,0,1,1,1,1,3048,2,2,0
2,3654,2,1,0,5,2.7679999,2.786,1,0,1,1,1,1,3005,1,2,2
2,3899,3,1,4,5,5.0040002,4.9590001,1,5,1,1,1,1,3034,1,1,2
2,4312,2,1,0,5,3.026,3.233,1,0,1,1,1,1,3011,1,2,2
2,5051,2,1,0,1,2.0869999,2.076,1,0,1,1,1,1,3018,2,2,2
2,5051,3,1,0,1,2.0869999,2.076,1,0,1,1,1,1,3018,2,2,2
2,5316,2,1,0,1,3.608,3.5190001,1,0,1,1,1,1,3018,1,2,2
2,5316,3,1,0,1,3.4089999,3.27,1,0,1,1,1,1,3018,1,2,2
2,7368,4,1,4,5,3.9260001,3.9649999,1,1,1,1,1,1,3033,1,1,0
2,3980,3,1,5,1,2.142,2.145,1,1,1,1,1,1,3007,2,2,0
2,3980,4,1,5,1,2.102,2.098,1,1,1,1,1,1,3007,2,2,0
2,6755,3,1,4,1,3.891,4.1620002,1,5,1,1,1,1,3037,1,1,0
2,6755,4,1,4,1,3.8340001,4.098,1,5,1,1,1,1,3037,1,1,0
2,3948,4,1,4,5,2.425,2.533,1,1,1,1,1,1,3008,1,1,0
2,3182,4,1,0,1,7.4640002,8.0500002,1,0,1,1,1,1,3035,4,2,2
2,3182,5,1,0,1,7.3909998,7.8260002,1,0,1,1,1,1,3035,4,2,2
2,3976,3,1,10,5,3.3299999,3.434,1,1,1,1,1,1,3035,2,2,2
2,6152,2,1,0,5,3.362,3.5179999,1,0,1,1,1,1,3035,96,2,2
2,5607,4,1,4,5,5.888,6.0019999,1,1,1,1,1,1,3019,2,1,2
2,7384,3,1,0,5,3.569,3.615,1,0,1,1,1,1,3036,0,2,2
2,616,3,1,4,5,2.816,3.0610001,1,1,1,1,1,9,3036,0,1,0
2,3146,2,1,0,5,6.8340001,6.4260001,1,0,1,1,1,0,3048,0,2,2
2,4685,4,1,4,1,12.217,11.658,1,1,1,1,1,1,3048,2,1,2
2,4685,5,1,4,1,12.192,11.832,1,1,1,1,1,1,3048,2,1,2
2,5736,2,1,0,1,2.3239999,2.368,1,0,1,1,1,1,3005,1,2,2
2,5736,3,1,0,1,2.2409999,2.233,1,0,1,1,1,1,3005,1,2,2
2,7631,2,1,0,1,4.9250002,5.3299999,1,0,1,1,1,1,3017,1,2,2
2,7631,3,1,0,1,4.809,5.1570001,1,0,1,1,1,1,3001,1,2,2
2,4207,2,1,0,1,4.1469998,4.487,1,0,1,1,1,1,3028,2,2,2
2,3208,2,1,0,1,3.451,3.645,1,0,1,1,1,1,3028,1,2,2
2,4207,3,1,0,1,4.0929999,4.3920002,1,0,1,1,1,1,3028,2,2,2
2,3070,3,4,1,5,2.7780001,2.9489999,1,1,1,1,1,0,3028,1,1,2
2,4141,2,1,0,5,3.9219999,4.1690001,1,0,1,1,1,1,3028,1,2,2
2,3208,3,1,0,1,3.4059999,3.615,1,0,1,1,1,1,3028,1,2,2
2,551,2,1,7,1,2.8210001,2.8469999,1,1,1,1,1,1,3018,1,2,2
2,551,3,1,7,1,2.7980001,2.8510001,1,1,1,1,1,1,3018,1,2,2
2,3388,4,1,4,5,0,4.3039999,5,1,1,1,1,1,3033,1,1,0
2,1315,3,1,4,5,2.95,3.108,1,1,1,1,1,1,3001,9,1,2
2,1242,3,1,0,5,2.848,2.9260001,1,0,1,1,1,1,3017,1,2,2
2,4540,3,7,8,5,3.6059999,3.786,1,1,1,1,1,1,3019,96,4,1
2,4246,4,11,12,5,3.9579999,4.1859999,1,1,1,1,1,1,3011,0,0,0
2,6163,2,1,0,5,5.9809999,6.6389999,1,0,1,1,5,1,3016,96,2,2
2,6382,2,1,5,5,6.5430002,7.0320001,1,1,1,1,1,1,3007,1,2,1
2,5873,2,1,0,5,23.954,0,1,0,5,5,5,5,3049,1,2,2
2,6296,2,1,0,5,8.0550003,0,1,0,5,5,5,5,3031,96,2,2
2,7149,2,1,0,5,2.872,3.0090001,1,0,1,1,1,1,3001,1,2,2
2,6062,2,1,0,5,3.608,3.4230001,1,0,1,1,1,1,3007,1,2,2
2,3257,3,1,5,5,2.8269999,2.852,1,1,1,1,1,1,3012,2,2,2
2,7960,2,1,0,5,6.8080001,7.2470002,1,0,1,1,5,1,3012,96,2,2
2,4663,2,1,0,5,7.4899998,7.9109998,1,0,1,1,1,1,3007,1,2,2
2,4346,2,1,0,1,2.6730001,2.7909999,1,0,1,1,1,1,3042,1,2,2
2,4346,3,1,0,1,2.6489999,2.7520001,1,0,1,1,1,0,3015,1,2,2
2,3629,5,1,0,5,4.2859998,0,1,0,5,5,5,5,3023,5,2,0
2,7501,2,1,0,1,1.926,1.9,1,0,1,1,1,1,3010,1,2,0
2,7501,3,1,0,1,1.923,1.92,1,0,1,1,1,1,3010,1,2,0
2,4131,3,1,0,5,4.5780001,4.9130001,1,0,1,1,1,1,3017,2,2,2
2,4726,3,1,4,5,2.0829999,0,1,5,5,5,5,5,3001,3,1,2
2,3128,2,1,0,5,2.6670001,2.767,1,0,1,1,1,1,3034,1,2,0
2,4905,3,4,1,5,3.3710001,3.494,1,1,1,1,1,1,3015,1,1,2
2,3893,3,1,4,5,1.847,2.013,1,1,1,1,1,1,3023,2,1,2
2,5505,4,1,4,5,3.286,3.661,1,1,1,1,1,1,3005,1,1,2
2,3608,3,1,4,5,3.6730001,3.773,1,1,1,1,1,1,3023,1,1,0
2,5172,4,1,4,5,3.1900001,3.355,1,1,1,1,1,1,3034,0,1,2
2,7615,3,1,4,5,3.7420001,3.767,1,1,1,1,5,1,3004,0,1,2
2,494,5,7,0,5,1.905,2.1389999,1,0,1,1,1,9,3018,0,0,1
2,877,3,1,0,1,2.9660001,3.108,1,0,1,1,1,1,3011,3,2,2
2,877,2,1,0,1,2.99,3.1440001,1,0,1,1,1,1,3011,3,2,2
2,7343,2,1,0,5,0,2.1010001,5,0,1,1,5,1,3033,0,2,2
2,4991,3,1,4,5,1.943,1.928,1,1,1,1,1,1,3003,2,1,2
2,4088,4,1,4,1,4.6199999,4.8899999,1,1,1,1,1,1,3018,2,1,2
2,3926,3,1,4,1,1.381,1.4630001,1,1,1,1,1,1,3011,1,1,2
2,3926,4,1,4,1,1.359,1.431,1,1,1,1,1,1,3011,1,1,2
2,4088,3,1,4,1,4.8470001,5.3460002,1,1,1,1,1,1,3018,2,1,2
2,5862,2,1,0,5,10.036,10.692,1,0,1,1,1,1,3008,0,2,0
2,2565,2,1,0,5,5.8649998,6.3340001,1,0,1,1,5,1,3037,0,2,2
2,4198,2,1,14,5,2.9890001,2.927,1,1,1,1,1,1,3006,1,2,2
2,4263,2,1,0,5,1.541,1.579,1,0,1,1,1,1,3008,2,2,2
2,4101,2,1,0,5,4.5139999,4.7909999,1,0,1,1,1,1,3008,2,2,2
2,4514,3,1,0,5,7.244,7.2709999,1,0,1,1,1,1,3008,1,2,2
2,6260,5,1,0,5,7.2909999,7.7309999,1,0,1,1,1,1,3005,2,1,0
2,6637,2,1,0,5,5.98,6.046,1,0,1,1,1,1,3021,1,2,0
2,7305,4,1,0,5,3.5409999,3.6989999,1,0,1,1,1,1,3019,2,2,0
2,1191,2,1,0,1,3.2590001,3.483,1,0,1,1,1,1,3019,1,2,0
2,1191,3,1,0,1,3.2590001,3.483,1,0,1,1,1,1,3019,1,2,0
2,4316,2,1,0,5,3.431,3.7690001,1,0,1,1,1,1,3022,96,2,0
2,8124,2,1,0,5,1.0369999,1.059,1,0,1,1,1,1,3008,1,2,2
2,8136,3,1,0,5,1.5369999,1.622,1,0,1,1,1,9,3008,2,2,0
2,6451,3,1,4,1,3.9030001,4.0320001,1,1,1,1,1,0,3017,1,1,0
2,6451,4,1,4,1,3.7079999,3.727,1,1,1,1,1,0,3001,1,1,0
2,7681,4,1,4,5,3.816,4.0489998,1,1,1,1,5,1,3001,1,1,0
2,7118,3,1,4,5,3.645,3.7360001,1,5,1,1,1,0,3017,0,1,0
2,7156,2,1,0,5,2.8570001,2.973,1,0,1,1,1,1,3001,1,2,0
2,2247,3,1,0,5,3.9649999,3.9219999,1,0,1,1,5,1,3017,1,2,0
2,7991,2,1,14,5,10.541,11.181,1,1,1,1,1,1,3022,4,2,2
2,2730,3,1,4,5,4.4499998,4.5669999,1,1,1,1,1,1,3023,1,1,2
2,7592,2,1,0,5,4.066,4.0949998,1,0,1,1,1,1,3022,0,2,2
2,2162,2,1,0,5,4.2189999,4.2550001,1,0,1,1,1,1,3023,1,2,2
2,7598,3,1,0,5,3.052,3.154,1,0,1,1,1,1,3019,1,2,2
2,6312,3,1,4,5,4.1690001,4.3369999,1,5,1,1,5,1,3001,96,1,0
2,4691,2,1,0,5,4.0510001,4.1750002,1,0,1,1,1,1,3019,0,2,2
2,1117,2,1,0,1,8.3529997,8.25,1,0,1,1,1,1,3014,2,2,2
2,1117,3,1,0,1,8.3389997,8.3590002,1,0,1,1,1,1,3014,2,2,2
2,4886,2,1,10,5,3.1110001,3.1329999,1,5,1,1,1,1,3008,1,2,0
2,6357,2,1,0,1,4.474,4.823,1,0,1,1,1,1,3037,1,2,0
2,6357,3,1,0,1,4.4089999,4.7160001,1,0,1,1,1,1,3037,1,2,0
2,2708,3,1,0,1,3.984,3.835,1,0,1,1,1,1,3019,3,2,0
2,2708,4,1,0,1,4.1609998,3.783,1,0,1,1,1,1,3019,3,2,0
2,5291,2,4,0,5,2.901,0,1,0,5,5,5,5,3019,9,3,2
2,6499,2,1,0,5,1.454,1.441,1,0,1,1,1,1,3022,0,2,2
2,6822,2,1,0,1,2.9430001,3.165,1,0,1,1,1,1,3022,1,2,2
2,3434,3,1,0,5,5.3930001,5.4549999,1,0,1,1,1,1,3022,1,2,2
2,6822,3,1,0,1,2.8770001,3.016,1,0,1,1,1,1,3022,1,2,2
2,7990,3,1,8,5,0,1.908,5,1,1,1,1,1,3026,0,2,0
2,7954,3,1,4,5,4.2379999,0,1,1,5,5,5,5,3031,96,1,2
2,3200,2,1,0,1,3.9590001,4.23,1,0,1,1,1,1,3015,3,2,2
2,3200,3,1,0,1,3.9779999,4.3179998,1,0,1,1,1,1,3015,3,2,2
2,5825,2,1,0,5,8.3149996,8.5760002,1,0,1,1,1,1,3015,96,2,2
2,1019,2,1,0,5,2.7639999,2.927,1,0,1,1,1,1,3019,0,2,0
2,6171,4,1,0,5,5.8990002,6.3520002,1,0,1,1,5,0,3017,3,2,2
2,6790,2,1,0,1,4.8709998,4.9629998,1,0,1,1,1,1,3019,1,2,2
2,3510,2,2,0,1,3.1589999,3.4059999,1,0,1,1,5,1,3019,1,2,2
2,6629,3,4,1,5,4.3569999,4.3439999,1,1,1,1,1,1,3019,2,1,2
2,6790,3,1,0,1,4.6329999,4.6659999,1,0,1,1,1,1,3019,1,2,2
2,3510,3,1,0,1,3.063,3.316,1,0,1,1,1,1,3019,1,2,2
2,1360,3,1,0,5,1.479,1.572,1,0,1,1,1,1,3012,1,2,2
2,5889,4,1,0,5,4.177,4.5359998,1,0,1,1,1,1,3023,5,2,2
2,1267,2,1,17,5,5.2800002,5.3850002,1,1,1,1,1,1,3008,9,2,0
2,941,4,1,4,5,4.461,0,1,5,5,5,1,5,3008,1,1,0
2,2112,3,1,5,5,4.2470002,4.4949999,1,1,1,1,1,1,3008,3,2,0
2,5651,2,1,0,1,4.8559999,5.1360002,1,0,1,1,1,1,3022,1,2,2
2,5651,3,1,0,1,4.8210001,5.0040002,1,0,1,1,1,1,3022,1,2,2
2,7624,2,1,0,5,11.867,12.215,1,0,1,1,1,1,3019,1,2,2
2,6807,4,1,0,5,3.24,3.437,1,0,1,1,1,0,3017,2,2,0
2,5625,2,1,0,1,2.73,2.875,1,0,1,1,1,1,3001,1,2,0
2,5625,3,1,0,1,2.6989999,2.826,1,0,1,1,1,1,3001,1,2,0
2,8323,3,1,5,1,3.579,3.681,1,5,1,1,1,1,3017,1,2,0
2,8323,4,1,5,1,3.51,3.586,1,5,1,1,1,1,3001,1,2,0
2,1516,2,1,0,1,1.5880001,1.748,1,0,1,1,1,1,3023,1,2,2
2,7181,4,1,4,5,1.602,1.75,1,1,1,1,1,1,3023,1,1,2
2,1516,3,1,0,1,1.544,1.675,1,0,1,1,1,1,3010,1,2,2
2,150,3,1,5,5,2.9949999,3.2490001,1,5,1,1,1,1,3023,1,2,2
2,2586,3,1,4,5,2.062,2.075,1,1,1,1,1,1,3023,1,1,2
2,1146,4,1,0,1,3.6949999,3.918,1,0,1,1,1,1,3030,3,2,2
2,1146,5,1,0,1,3.6949999,3.918,1,0,1,1,1,1,3030,3,2,2
2,2425,1,11,17,1,3.046,3.2320001,1,1,1,1,1,1,3008,2,5,2
2,2425,2,11,17,1,2.96,3.1059999,1,1,1,1,1,1,3008,2,5,2
2,2406,3,1,5,5,1.0369999,1.059,1,1,1,1,1,1,3008,2,2,2
2,7667,2,1,0,5,3.2720001,3.405,1,0,1,1,1,1,3033,0,2,0
2,4257,2,17,17,5,6.6160002,7.1570001,1,1,1,1,1,1,3008,1,4,2
2,2918,5,7,0,5,6.6620002,7.3579998,1,0,1,1,1,1,3008,96,4,1
2,3412,3,7,0,5,13.202,14.117,1,0,1,1,1,1,3008,96,4,1
2,5393,3,1,5,5,0,7.0089998,5,5,1,1,1,1,3008,1,2,2
2,570,2,1,0,5,1.0369999,1.059,1,0,1,1,1,1,3008,1,2,2
2,6035,2,1,0,5,8.7889996,8.9510002,1,0,1,1,1,1,3008,0,2,2
2,5107,3,1,0,1,1.862,1.9170001,1,0,1,1,1,1,3035,1,2,0
2,3911,3,1,4,5,6.0619998,6.2540002,1,1,1,1,1,1,3008,1,1,0
2,5107,2,1,0,1,1.862,1.9170001,1,0,1,1,1,1,3035,1,2,0
2,4354,4,1,4,5,2.6489999,2.777,1,1,1,1,1,1,3023,1,1,0
2,3999,3,1,0,5,3.1259999,3.3929999,1,0,1,1,1,1,3042,1,3,0
2,4562,2,1,0,1,2.674,2.8699999,1,0,1,1,1,1,3022,1,2,2
2,4765,3,1,0,1,3.8499999,4.1030002,1,0,1,1,1,1,3008,6,2,2
2,4562,3,1,0,1,2.6570001,2.8410001,1,0,1,1,1,1,3022,1,2,2
2,3605,2,1,0,1,5.8889999,6.151,1,0,1,1,1,1,3008,2,2,2
2,4765,4,1,0,1,3.763,3.9159999,1,0,1,1,1,1,3008,6,2,2
2,3498,3,1,0,5,8.7930002,8.9560003,1,0,1,1,1,1,3008,1,2,2
2,3605,3,1,0,1,5.7750001,5.9200001,1,0,1,1,1,1,3008,2,2,2
2,4613,3,1,4,5,1.168,1.239,1,1,1,1,1,1,3023,1,1,2
2,183,3,1,0,5,3.1010001,3.4389999,1,0,1,1,5,9,3012,2,2,2
2,1321,2,1,0,5,1.735,1.819,1,0,1,1,1,1,3005,0,2,2
2,6646,5,1,0,5,0,3.9790001,5,0,1,1,1,1,3030,3,2,2
2,7364,4,1,0,1,4.698,4.8940001,1,0,1,1,1,1,3030,3,2,2
2,7364,5,1,0,1,4.599,4.6999998,1,0,1,1,1,1,3008,3,2,2
2,6115,3,7,0,1,1.0369999,1.059,1,0,1,1,1,1,3011,3,4,1
2,6115,4,7,0,1,1.0369999,1.059,1,0,1,1,1,1,3011,3,4,1
2,7795,3,1,4,1,2.036,2.174,1,1,1,1,1,1,3008,1,1,0
2,7558,2,1,21,5,1.836,1.921,1,1,1,1,1,1,3008,0,3,0
2,7795,4,1,4,1,1.988,2.0699999,1,1,1,1,1,1,3008,1,1,0
2,4334,3,1,4,5,6.579,7.29,1,1,1,1,1,1,3005,1,1,2
2,3396,2,1,0,5,6.3140001,6.7329998,1,0,1,1,1,1,3005,96,2,2
2,3042,2,4,0,5,1.0369999,1.059,1,0,1,1,1,1,3008,0,3,0
2,1597,2,11,7,5,5.5570002,5.7389998,1,1,1,1,1,1,3008,96,4,1
2,5135,2,1,4,5,2.099,2.2019999,1,5,1,1,1,1,3017,1,2,2
2,7819,4,7,8,5,0,2.9560001,5,1,1,1,5,1,3033,0,5,1
2,4194,3,1,0,1,2.2579999,2.3670001,1,0,1,1,1,1,3011,1,2,2
2,5047,2,1,0,5,2.7639999,2.8789999,1,0,1,1,1,1,3003,0,2,2
2,4194,2,1,0,1,2.299,2.428,1,0,1,1,1,1,3011,1,2,2
