GENREL07,GENID07,GENSN07,CH07_ID,CH07_PN,PCG07_ID,PCG07_PN,OCG07_ID,OCG07_PN
4,41,3,2524,30,2524,172,2525,2
4,44,2,323,34,323,173,0,0
4,72,5,5904,48,5904,176,5904,5
4,74,3,6088,34,6088,31,6088,176
4,94,3,2852,50,2852,33,2852,183
4,108,4,1163,42,1163,172,1163,3
4,113,2,941,184,941,3,0,0
4,117,4,96,32,96,3,96,170
4,123,3,250,32,250,3,250,177
4,127,3,5678,37,5678,172,5678,4
4,127,5,5678,39,5678,172,5678,4
4,131,2,1167,42,1167,33,0,0
4,131,3,1167,46,1167,33,0,0
4,132,2,419,37,419,30,0,0
4,134,3,2248,33,2248,172,2248,31
4,134,4,2248,34,2248,172,2248,31
4,142,2,2875,34,2875,7,0,0
4,142,3,2875,35,2875,7,0,0
4,145,4,2311,35,2311,172,0,0
4,148,3,4,39,4,173,4,3
4,150,3,6765,36,6765,5,6765,173
4,161,2,138,32,138,31,0,0
4,161,3,138,33,138,31,0,0
4,171,2,5863,44,5863,33,0,0
4,181,4,50,33,50,171,50,3
4,183,3,6839,37,6839,9,0,0
4,195,3,863,33,863,7,863,171
4,196,3,4,41,4,31,4,195
4,196,4,4,42,4,31,4,195
4,204,2,544,32,544,21,544,31
4,221,3,1917,34,1917,5,1917,174
4,235,2,6127,39,6127,33,6127,3
4,239,2,5464,42,5464,2,0,0
4,244,3,1000,35,1000,4,1000,172
4,253,2,5170,42,5170,7,0,0
4,258,3,931,32,931,30,931,172
4,258,4,931,33,931,30,931,172
4,259,2,5990,180,5990,31,0,0
4,276,2,5171,32,5171,8,0,0
4,287,3,751,39,751,30,751,178
4,293,3,18,189,18,173,18,21
4,298,3,2302,50,2302,173,2302,36
4,315,3,496,31,496,180,496,187
4,316,3,1767,33,1767,180,1767,30
4,318,2,2061,31,2061,2,0,0
4,320,6,6166,63,6166,50,6166,11
4,336,3,3345,3,3345,1,3345,173
4,336,5,3345,5,3345,1,3345,173
4,344,3,6200,39,6200,10,6200,178
4,359,3,941,38,941,186,941,5
4,380,3,941,37,941,31,941,185
4,380,4,941,39,941,31,941,185
4,386,2,6166,62,6166,33,0,0
4,393,2,1168,37,1168,8,0,0
4,397,3,1045,31,1045,30,1045,171
4,399,3,817,32,817,170,817,3
4,445,3,2237,32,2237,172,2237,3
4,450,3,673,33,673,30,673,177
4,464,3,922,36,922,5,922,172
4,466,2,5904,50,5904,37,0,0
4,468,3,750,33,750,173,750,5
4,485,3,356,31,356,3,356,173
4,486,3,495,35,495,33,495,175
4,486,4,495,34,495,33,495,175
4,494,5,6560,181,6560,170,0,0
4,502,2,6166,58,6166,11,6166,180
4,507,3,5612,39,5612,183,0,0
4,507,4,5612,40,5612,183,0,0
4,514,3,50,34,50,5,50,170
4,514,4,50,35,50,5,50,170
4,515,2,419,35,419,31,0,0
4,515,3,419,34,419,31,0,0
4,516,4,2280,41,2280,172,2280,3
4,525,3,1634,32,1634,172,1634,174
4,525,4,1634,33,1634,172,1634,174
4,537,3,1915,31,1915,171,1915,4
4,540,3,2860,31,2860,6,2860,171
4,540,4,2860,32,2860,6,2860,171
4,543,3,5055,42,5055,178,0,0
4,546,3,68,30,68,175,68,3
4,551,2,6396,30,6396,3,6396,2
4,551,3,6396,31,6396,3,6396,2
4,566,3,6030,34,6030,7,6030,177
4,566,5,6030,37,6030,7,6030,177
4,570,2,6820,36,6820,173,0,0
4,613,3,1351,35,1351,174,1351,3
4,613,4,1351,36,1351,174,1351,3
4,614,3,323,32,323,4,323,172
4,614,4,323,33,323,4,323,172
4,616,3,6358,43,6358,170,6358,4
4,622,3,1919,43,1919,175,0,0
4,622,4,1919,45,1919,175,0,0
4,650,3,3147,6,3147,2,0,0
4,653,3,5182,46,5182,33,5182,190
4,653,4,5182,47,5182,33,5182,190
4,660,3,3159,3,3159,2,3159,1
4,660,4,3159,4,3159,2,3159,1
4,676,3,5182,44,5182,182,5182,34
4,676,4,5182,48,5182,182,5182,34
4,683,3,1066,35,1066,30,1066,172
4,691,3,3333,3,3333,2,3333,1
4,709,3,1915,32,1915,5,1915,175
4,712,4,2302,47,2302,11,2302,184
4,712,5,2302,51,2302,11,2302,184
4,732,3,40,39,40,173,40,179
4,745,3,1591,35,1591,172,1591,5
4,745,4,1591,36,1591,172,1591,5
4,751,3,45,32,45,179,45,178
4,758,3,319,32,319,3,319,172
4,759,3,1978,31,1978,171,1978,3
4,773,4,656,35,656,4,656,172
4,774,4,1242,39,1242,177,1242,5
4,777,4,2876,32,2876,30,2876,172
4,778,2,6066,30,6066,5,0,0
4,778,3,6066,31,6066,5,0,0
4,779,3,1841,37,1841,3,1841,172
4,779,4,1841,39,1841,3,1841,172
4,784,3,2302,53,2302,32,2302,202
4,787,3,5663,52,5663,34,0,0
4,788,3,495,36,495,30,495,170
4,793,3,751,37,751,31,751,186
4,793,4,751,38,751,31,751,186
4,797,3,5526,49,5526,10,5526,171
4,808,4,1935,173,1935,4,1935,170
4,811,2,5065,43,5065,36,0,0
4,823,4,2461,32,2461,174,2461,30
4,823,5,2461,33,2461,174,2461,30
4,827,3,2532,32,2532,3,2532,170
4,828,2,5464,41,5464,170,0,0
4,829,3,2260,35,2260,172,0,0
4,841,3,2198,35,2198,173,2198,4
4,841,4,2198,36,2198,173,2198,4
4,845,5,686,36,686,33,686,171
4,856,4,6060,31,6060,3,6060,1
4,860,3,634,32,634,7,634,175
4,863,3,840,44,840,190,840,21
4,867,4,1303,32,1303,4,0,0
4,867,5,1303,33,1303,4,0,0
4,872,3,5965,185,5965,182,5965,189
4,872,4,5965,37,5965,182,5965,189
4,873,2,1098,32,1098,175,0,0
4,873,3,1098,33,1098,175,0,0
4,874,3,2524,31,2524,171,2524,175
4,877,2,6571,177,6571,176,0,0
4,877,3,6571,38,6571,176,0,0
4,884,3,2590,41,2590,30,2590,178
4,884,4,2590,42,2590,30,2590,178
4,892,3,5995,43,5995,1,5995,4
4,893,2,1628,32,1628,4,0,0
4,893,3,1628,33,1628,4,0,0
4,904,3,7,45,7,175,7,31
4,907,3,711,31,711,3,0,0
4,909,3,5182,43,5182,30,5182,185
4,909,4,5182,45,5182,30,5182,185
4,915,3,117,31,117,30,117,171
4,915,4,117,32,117,30,117,171
4,925,3,2176,32,2176,175,2176,4
4,933,5,818,32,818,171,818,4
4,938,3,5663,49,5663,7,5663,197
4,939,4,1908,33,1908,174,1908,176
4,940,3,18,39,18,31,18,183
4,940,4,18,40,18,31,18,183
4,941,4,6736,39,6736,5,6736,181
4,960,2,5771,30,5771,170,0,0
4,970,2,5995,38,5995,6,0,0
4,984,2,5395,35,5395,5,0,0
4,993,2,5904,49,5904,33,0,0
4,993,3,5904,52,5904,33,0,0
4,996,4,1542,36,1542,5,1542,174
4,1000,3,1163,43,1163,173,1163,5
4,1006,4,1368,32,1368,172,0,0
4,1012,3,1645,31,1645,4,1645,170
4,1012,4,1645,32,1645,4,1645,170
4,1019,2,6710,35,6710,31,0,0
4,1024,3,1498,34,1498,175,0,0
4,1036,3,1068,32,1068,30,1068,177
4,1039,3,5994,32,5994,6,5994,171
4,1040,2,5635,183,5635,3,0,0
4,1043,3,2486,34,2486,31,2486,189
4,1052,3,6107,47,6107,30,6107,203
4,1053,3,1954,31,1954,170,0,0
4,1055,3,343,32,343,171,343,30
4,1055,4,343,33,343,171,343,30
4,1060,3,844,34,844,172,844,3
4,1072,2,1096,33,1096,174,0,0
4,1076,3,1695,46,1695,11,1695,226
4,1087,3,5834,34,5834,185,5834,7
4,1093,3,5363,35,5363,4,5363,32
4,1096,3,374,30,374,5,374,170
4,1098,3,2410,33,2410,30,2410,171
4,1103,3,1048,37,1048,6,1048,198
4,1112,3,2137,34,2137,174,2137,177
4,1113,4,2047,31,2047,5,2047,170
4,1114,3,344,34,344,178,344,4
4,1117,2,6655,38,6655,2,0,0
4,1117,3,6655,39,6655,2,0,0
4,1124,3,5061,34,5061,4,5061,176
4,1136,2,5065,37,5065,186,5065,185
4,1143,4,5539,187,5539,3,5539,192
4,1146,4,6785,37,6785,7,0,0
4,1146,5,6785,38,6785,7,0,0
4,1160,8,6205,193,6205,5,6205,183
4,1160,9,6205,42,6205,5,6205,183
4,1168,3,220,30,220,170,220,2
4,1171,3,5219,193,5219,195,5219,30
4,1171,5,5219,35,5219,195,5219,30
4,1173,3,2297,34,2297,174,2297,30
4,1175,2,2028,32,2028,30,0,0
4,1177,3,1905,33,1905,173,1905,4
4,1186,3,5635,180,5635,2,0,0
4,1191,2,6605,37,6605,12,0,0
4,1191,3,6605,38,6605,12,0,0
4,1193,2,5995,42,5995,30,0,0
4,1193,3,5995,44,5995,30,0,0
4,1198,2,5526,48,5526,16,0,0
4,1207,4,2852,46,2852,6,0,0
4,1207,6,2852,53,2852,6,0,0
4,1212,2,2851,34,2851,5,0,0
4,1212,3,2851,35,2851,5,0,0
4,1214,3,39,31,39,174,39,30
4,1216,3,699,35,699,174,699,5
4,1216,4,699,36,699,174,699,5
4,1233,3,280,33,280,172,280,4
4,1242,3,6413,42,6413,35,0,0
4,1248,3,3090,4,3090,2,3090,1
4,1267,2,6736,38,6736,30,6736,197
4,1268,3,5991,33,5991,2,5991,171
4,1268,4,5991,34,5991,2,5991,171
4,1271,3,1121,33,1121,175,1121,30
4,1273,2,1914,33,1914,30,0,0
4,1276,3,173,39,173,5,173,171
4,1279,3,626,44,626,34,626,207
4,1279,4,626,47,626,34,626,207
4,1297,4,2238,33,2238,170,2238,3
4,1300,3,3179,4,3179,3,0,0
4,1300,5,3179,6,3179,3,0,0
4,1307,3,2848,41,2848,30,2848,184
4,1307,4,2848,42,2848,30,2848,184
4,1312,3,3151,5,3151,2,3151,1
4,1315,3,6413,40,6413,10,6413,190
4,1321,2,6840,33,6840,30,0,0
4,1322,2,6110,44,6110,171,0,0
4,1322,3,6110,47,6110,171,0,0
4,1327,3,6166,57,6166,6,6166,45
4,1347,3,90,31,90,3,90,172
4,1347,4,90,32,90,3,90,172
4,1351,2,1242,35,1242,6,0,0
4,1351,3,1242,38,1242,6,0,0
4,1355,2,1722,38,1722,33,0,0
4,1358,3,3094,3,3094,2,3094,1
4,1358,4,3094,4,3094,2,3094,1
4,1360,3,6735,44,6735,8,0,0
4,1362,4,2083,31,2083,174,1839,182
4,1366,3,2726,30,2726,3,2726,170
4,1366,4,2726,31,2726,3,2726,170
4,1376,2,2848,39,2848,10,0,0
4,1376,3,2848,40,2848,10,0,0
4,1381,2,840,42,840,38,0,0
4,1384,3,2714,183,2714,191,2714,190
4,1395,4,5995,40,5995,170,0,0
4,1398,4,1125,32,1125,172,1125,3
4,1400,3,620,35,620,4,620,171
4,1402,2,2443,31,2443,170,2443,30
4,1403,3,2490,34,2490,31,2490,173
4,1405,3,3404,3,3404,2,3404,1
4,1405,4,3404,4,3404,2,3404,1
4,1411,2,7,41,7,30,0,0
4,1411,4,7,44,7,30,0,0
4,1419,5,769,39,769,3,769,172
4,1425,2,707,30,707,171,0,0
4,1425,3,707,32,707,171,0,0
4,1437,2,5065,39,5065,34,0,0
4,1437,5,5065,45,5065,34,0,0
4,1441,3,868,37,868,181,868,3
4,1451,2,880,33,880,174,0,0
4,1465,3,1695,50,1695,10,1695,193
4,1467,3,783,31,783,171,783,4
4,1470,2,3033,2,3033,1,0,0
4,1472,3,173,38,173,4,173,170
4,1472,4,173,40,173,4,173,170
4,1473,3,2714,36,2714,179,2714,195
4,1475,3,1142,34,1142,171,1142,174
4,1475,4,1142,33,1142,171,1142,174
4,1484,3,634,34,634,6,634,173
4,1488,3,961,36,961,4,0,0
4,1516,2,6765,33,6765,4,0,0
4,1516,3,6765,35,6765,4,0,0
4,1517,3,2055,34,2055,181,2055,4
4,1528,3,47,36,47,4,47,170
4,1530,2,6030,38,6030,182,0,0
4,1546,3,51,32,51,30,51,171
4,1547,3,3416,3,3416,2,3416,1
4,1555,3,5120,33,5120,178,5120,188
4,1560,5,2435,36,2435,175,2435,4
4,1561,2,5375,30,5375,170,0,0
4,1562,2,105,35,105,912,105,913
4,1570,2,1762,41,1762,32,0,0
4,1570,3,1762,43,1762,32,0,0
4,1571,3,5664,33,5664,3,0,0
4,1585,2,354,31,354,171,0,0
4,1591,2,1782,33,1782,30,0,0
4,1591,3,1782,35,1782,30,0,0
4,1593,2,419,36,419,30,0,0
4,1595,2,2128,32,2128,30,0,0
4,1595,3,2128,33,2128,30,0,0
4,1597,2,6857,30,6857,199,6857,200
4,1601,2,5990,37,5990,4,0,0
4,1602,2,1918,33,1918,4,0,0
4,1617,2,5066,41,5066,180,0,0
4,1621,4,129,41,129,35,129,196
4,1635,3,893,31,893,170,893,3
4,1635,4,893,32,893,170,893,3
4,1637,2,5395,37,5395,7,0,0
4,1644,3,1038,33,1038,173,1038,30
4,1646,3,2177,35,2177,5,2177,179
4,1646,4,2177,36,2177,5,2177,179
4,1649,2,2083,30,2083,171,0,0
4,1654,3,2593,33,2593,170,2593,175
4,1670,3,2849,32,2849,3,2849,174
4,1671,2,702,32,702,30,0,0
4,1676,3,5987,35,5987,188,5987,6
4,1676,4,5987,36,5987,188,5987,6
4,1685,3,1905,32,1905,172,1905,5
4,1687,2,3027,2,3027,1,0,0
4,1692,2,6166,60,6166,50,6166,11
4,1702,2,2461,31,2461,171,2461,3
4,1709,2,452,38,452,30,0,0
4,1712,3,2054,30,2054,3,2054,170
4,1712,4,2054,31,2054,3,2054,170
4,1714,3,713,184,713,183,713,190
4,1735,5,729,41,729,188,729,6
4,1735,6,729,43,729,188,729,6
4,1738,3,517,32,517,2,517,1
4,1747,2,5501,41,5501,32,0,0
4,1747,3,5501,44,5501,32,0,0
4,1748,2,5885,33,5885,174,0,0
4,1755,2,2272,33,2272,3,0,0
4,1759,3,1522,40,1522,8,1522,174
4,1776,3,582,34,582,174,582,4
4,1785,2,5314,37,5314,30,0,0
4,1785,3,5314,38,5314,30,0,0
4,1797,3,3348,6,3348,5,3348,1
4,1804,2,5863,40,5863,31,0,0
4,1804,3,5863,39,5863,31,0,0
4,1819,3,1152,38,1152,176,1152,35
4,1827,3,1411,44,1411,31,1411,195
4,1829,3,5442,178,5442,31,5442,185
4,1850,3,327,33,327,31,327,172
4,1867,2,1945,32,1945,30,0,0
4,1868,3,195,30,195,170,195,171
4,1868,4,195,31,195,170,195,171
4,1871,3,633,41,633,30,0,0
4,1871,4,633,42,633,30,0,0
4,1876,4,5292,43,5292,32,5292,7
4,1883,4,452,37,452,177,452,31
4,1884,4,1242,36,1242,176,1242,4
4,1886,2,5871,30,5871,172,0,0
4,1898,2,1167,44,1167,30,0,0
4,1898,3,1167,45,1167,30,0,0
4,1909,2,5539,191,5539,188,0,0
4,1915,3,1434,35,1434,32,1434,170
4,1916,2,2867,32,2867,31,2867,3
4,1938,4,433,38,433,175,433,30
4,1938,5,433,40,433,175,433,30
4,1942,3,2847,40,2847,31,2847,176
4,1944,4,769,37,769,173,769,1
4,1951,3,1947,31,1947,171,1947,4
4,1951,4,1947,32,1947,171,1947,4
4,1956,4,750,34,750,174,750,30
4,1971,3,709,40,709,34,709,192
4,1982,4,2530,38,2530,4,2530,181
4,1983,2,5537,180,5537,3,0,0
4,1984,3,6112,36,6112,173,6112,200
4,1984,4,6112,35,6112,173,6112,200
4,1990,3,2053,33,2053,4,2053,174
4,1992,3,2869,31,2869,30,2869,170
4,1994,3,5539,39,5539,6,5539,36
4,2032,3,1383,37,1383,174,1383,31
4,2032,4,1383,40,1383,174,1383,31
4,2037,3,1867,34,1867,3,1867,170
4,2040,3,5142,35,5142,4,5142,174
4,2044,3,1784,33,1784,5,1784,171
4,2044,5,1784,35,1784,5,1784,171
4,2053,3,856,35,856,5,856,175
4,2053,4,856,38,856,5,856,175
4,2054,4,2353,35,2353,171,2353,3
4,2056,3,5900,37,5900,5,5900,173
4,2061,4,355,33,355,171,355,4
4,2062,4,5683,43,5683,8,5683,39
4,2064,2,172,36,172,34,0,0
4,2065,2,5170,41,5170,30,0,0
4,2067,3,5897,32,5897,5,5897,170
4,2069,4,2095,33,2095,177,2095,4
4,2078,3,3109,3,3109,2,3109,1
4,2087,3,5463,44,5463,5,5463,184
4,2093,4,2196,34,2196,30,2196,175
4,2093,5,2196,35,2196,30,2196,175
4,2102,2,6166,179,6166,14,0,0
4,2105,4,2109,31,2109,2,2109,174
4,2109,3,2464,32,2464,171,2464,173
4,2112,3,6736,40,6736,184,6736,190
4,2114,6,5547,40,5547,9,0,0
4,2114,7,5547,41,5547,9,0,0
4,2116,2,2238,37,2238,172,0,0
4,2139,3,961,37,961,3,961,175
4,2139,4,961,38,961,3,961,175
4,2149,4,2852,49,2852,172,2852,199
4,2157,4,5560,40,5560,30,0,0
4,2157,5,5560,41,5560,30,0,0
4,2162,2,6635,53,6635,32,0,0
4,2170,3,6166,177,6166,44,6166,184
4,2172,3,1107,34,1107,175,1107,7
4,2172,4,1107,35,1107,175,1107,7
4,2180,3,47,40,47,32,47,176
4,2190,3,1654,32,1654,3,1654,172
4,2192,3,2181,38,2181,30,2181,187
4,2198,3,5613,49,5613,8,5613,174
4,2199,3,40,38,40,182,40,172
4,2206,3,750,32,750,170,750,4
4,2208,2,7,46,7,177,0,0
4,2208,3,7,47,7,177,0,0
4,2214,4,122,36,122,173,122,4
4,2216,2,5314,35,5314,172,0,0
4,2216,3,5314,36,5314,172,0,0
4,2222,2,1460,30,1460,8,0,0
4,2223,2,729,40,729,30,0,0
4,2223,3,729,42,729,30,0,0
4,2226,2,5614,38,5614,31,0,0
4,2229,4,1399,40,1399,175,1399,4
4,2247,3,6626,39,6626,6,0,0
4,2250,3,1274,33,1274,3,1274,172
4,2255,2,5069,38,5069,31,0,0
4,2266,4,5446,32,5446,170,0,0
4,2271,3,2435,35,2435,7,2435,176
4,2277,3,946,30,946,172,0,0
4,2291,2,5458,37,5458,32,0,0
4,2305,3,1962,31,1962,176,0,0
4,2310,3,2117,32,2117,6,2117,171
4,2310,4,2117,33,2117,6,2117,171
4,2324,2,1505,30,1505,4,0,0
4,2334,2,5052,51,5052,33,0,0
4,2334,3,5052,52,5052,33,0,0
4,2346,3,1568,34,1568,32,1568,184
4,2347,4,1624,37,1624,3,1624,177
4,2348,3,5916,38,5916,8,5916,176
4,2351,2,1571,40,1571,32,1571,933
4,2353,3,853,30,853,3,853,174
4,2356,3,1807,37,1807,30,1807,176
4,2357,4,1167,43,1167,32,0,0
4,2360,2,1571,37,1571,176,0,0
4,2370,3,548,39,548,183,548,7
4,2370,4,548,40,548,183,548,7
4,2371,3,2701,49,2701,33,2701,34
4,2371,4,2701,51,2701,33,2701,34
4,2372,3,3019,3,3019,2,3019,1
4,2386,3,3233,4,3233,2,3233,1
4,2389,2,5479,31,5479,30,0,0
4,2406,3,6793,40,6793,33,6793,909
4,2407,3,620,37,620,6,620,173
4,2407,4,620,39,620,6,620,173
4,2408,3,915,35,915,172,915,3
4,2411,3,5424,34,5424,30,0,0
4,2417,2,964,35,964,173,0,0
4,2419,2,2848,43,2848,33,0,0
4,2425,1,6793,37,6793,33,6793,909
4,2425,2,6793,38,6793,33,6793,909
4,2426,3,999,32,999,170,999,3
4,2427,3,1698,173,1698,4,1698,171
4,2431,3,228,32,228,5,228,174
4,2439,4,3221,5,3221,2,3221,1
4,2440,3,2304,32,2304,4,2304,171
4,2440,4,2304,33,2304,4,2304,171
4,2450,3,3238,4,3238,2,3238,1
4,2458,3,5922,205,5922,38,0,0
4,2473,4,5379,33,5379,174,0,0
4,2474,3,6127,38,6127,178,6127,4
4,2503,3,2418,34,2418,173,2418,5
4,2504,3,563,44,563,32,563,192
4,2504,4,563,46,563,32,563,192
4,2514,3,1798,40,1798,191,1798,9
4,2524,6,5614,37,5614,170,5614,4
4,2532,4,257,39,257,174,0,0
4,2533,2,5922,206,5922,7,0,0
4,2555,2,6152,30,6152,2,0,0
4,2565,2,6588,41,6588,36,0,0
4,2569,3,1690,34,1690,170,1690,3
4,2570,2,2516,33,2516,4,0,0
4,2572,2,1315,34,1315,5,0,0
4,2572,3,1315,35,1315,5,0,0
4,2579,3,625,32,625,5,625,175
4,2581,3,368,32,368,170,368,3
4,2586,3,6765,37,6765,6,6765,172
4,2590,3,833,35,833,178,833,6
4,2603,3,2302,48,2302,201,2302,216
4,2605,4,5628,41,5628,6,5628,34
4,2606,3,846,45,846,6,0,0
4,2617,3,5057,41,5057,15,0,0
4,2651,3,257,40,257,30,257,175
4,2668,3,14,32,14,3,14,173
4,2668,4,14,33,14,3,14,173
4,2669,4,5801,35,5801,30,0,0
4,2670,2,1043,37,1043,8,0,0
4,2670,3,1043,38,1043,8,0,0
4,2676,3,2175,32,2175,171,2175,4
4,2676,4,2175,33,2175,171,2175,4
4,2681,3,2210,33,2210,30,2210,174
4,2681,4,2210,35,2210,30,2210,174
4,2682,2,5430,46,5430,30,0,0
4,2682,3,5430,53,5430,30,0,0
4,2688,3,5425,33,5425,3,5425,171
4,2688,4,5425,34,5425,3,5425,171
4,2690,2,5133,34,5133,31,0,0
4,2690,3,5133,35,5133,31,0,0
4,2696,3,3010,4,3010,2,3010,1
4,2708,3,6664,32,6664,177,0,0
4,2708,4,6664,33,6664,177,0,0
4,2714,2,1571,38,1571,30,0,0
4,2714,3,1571,39,1571,30,0,0
4,2721,3,2409,175,2409,171,2409,177
4,2730,3,6635,50,6635,171,6635,187
4,2738,4,3117,6,3117,1,0,0
4,2749,2,5048,41,5048,30,0,0
4,2749,4,5048,45,5048,30,0,0
4,2750,4,2427,35,2427,171,2427,4
4,2753,4,2432,52,2432,35,0,0
4,2753,5,2432,55,2432,35,0,0
4,2763,5,1258,33,1258,172,1258,4
4,2772,3,1540,178,1540,177,1540,5
4,2774,3,913,31,913,5,913,173
4,2784,5,2615,49,2615,7,2615,176
4,2792,3,2835,30,2835,4,2835,170
4,2792,4,2835,31,2835,4,2835,170
4,2795,3,432,32,432,172,432,4
4,2798,3,5443,37,5443,7,5443,171
4,2813,4,1407,32,1407,172,1407,3
4,2814,3,2030,41,2030,175,2030,5
4,2816,3,5458,173,5458,3,5458,1
4,2826,2,433,34,433,8,0,0
4,2831,2,22,31,22,173,0,0
4,2844,4,1522,42,1522,10,1522,176
4,2844,5,1522,43,1522,10,1522,176
4,2845,2,5366,49,5366,32,0,0
4,2861,3,2880,30,2880,5,2880,177
4,2861,4,2880,31,2880,5,2880,177
4,2862,2,5363,34,5363,30,0,0
4,2864,4,1613,39,1613,7,1613,175
4,2864,5,1613,42,1613,7,1613,175
4,2882,4,2672,32,2672,5,2672,170
4,2886,3,121,36,121,7,121,171
4,2888,2,99,32,99,171,99,905
4,2888,3,99,33,99,171,99,905
4,2896,2,2688,36,2688,31,0,0
4,2900,3,717,33,717,176,717,4
4,2902,3,1258,30,1258,3,1258,170
4,2902,4,1258,31,1258,3,1258,170
4,2904,3,2799,31,2799,5,2799,177
4,2904,4,2799,32,2799,5,2799,177
4,2909,3,1612,30,1612,170,1612,171
4,2916,2,5464,183,5464,184,0,0
4,2916,3,5464,43,5464,184,0,0
4,2918,5,6801,39,6801,3,0,0
4,2923,3,6210,37,6210,179,6210,6
4,2925,2,5683,183,5683,182,0,0
4,2928,2,2682,32,2682,5,0,0
4,2928,3,2682,33,2682,5,0,0
4,2932,3,1775,37,1775,5,0,0
4,2940,3,2727,36,2727,171,2727,21
4,2942,3,5570,204,5570,203,5570,33
4,2957,2,2436,37,2436,174,0,0
4,2967,3,128,30,128,172,128,4
4,2967,4,128,31,128,172,128,4
4,2969,3,2432,41,2432,33,2432,191
4,2969,4,2432,44,2432,33,2432,191
4,2973,3,2067,37,2067,188,2067,5
4,2974,2,5057,197,5057,190,0,0
4,2982,3,709,38,709,7,709,177
4,2982,4,709,39,709,7,709,177
4,2988,3,6200,40,6200,11,0,0
4,2988,4,6200,41,6200,11,0,0
4,2995,3,5048,46,5048,35,5048,180
4,2996,5,1841,36,1841,171,1841,4
4,2998,3,486,31,486,170,0,0
4,3002,3,178,34,178,171,178,4
4,3009,3,2893,31,2893,3,2893,176
4,3017,3,834,34,834,174,834,179
4,3017,4,834,35,834,174,834,179
4,3019,4,2277,35,2277,8,2277,178
4,3023,3,350,30,350,3,350,170
4,3023,4,350,31,350,3,350,170
4,3028,4,2590,43,2590,32,2590,175
4,3040,3,2916,31,2916,30,0,0
4,3040,4,2916,32,2916,30,0,0
4,3042,2,6854,173,6854,4,0,0
4,3043,2,1690,35,1690,174,1690,175
4,3043,3,1690,36,1690,174,1690,175
4,3048,4,5613,48,5613,172,5613,3
4,3053,3,935,34,935,4,935,30
4,3070,3,6370,40,6370,186,6370,32
4,3087,3,1954,33,1954,172,0,0
4,3089,3,2125,34,2125,6,2125,170
4,3099,3,1627,32,1627,30,1627,170
4,3104,3,5560,42,5560,35,5560,186
4,3107,3,2280,42,2280,173,2280,4
4,3107,4,2280,43,2280,173,2280,4
4,3113,2,2881,36,2881,32,0,0
4,3122,3,263,38,263,31,263,175
4,3128,2,6539,174,6539,170,0,0
4,3129,4,3223,4,3223,2,3223,1
4,3130,3,2177,33,2177,177,0,0
4,3132,3,706,177,706,5,706,175
4,3135,3,1955,30,1955,170,1955,3
4,3138,4,1335,52,1335,175,1335,10
4,3140,3,2285,36,2285,175,2285,4
4,3140,4,2285,37,2285,175,2285,4
4,3145,4,1485,34,1485,3,1485,171
4,3146,2,6361,30,6361,6,0,0
4,3155,4,2416,36,2416,6,2416,172
4,3156,3,1127,30,1127,172,1127,175
4,3159,2,1060,32,1060,31,0,0
4,3172,3,1142,31,1142,3,1142,170
4,3172,4,1142,32,1142,3,1142,170
4,3173,4,2030,40,2030,6,2030,172
4,3182,4,6335,35,6335,4,0,0
4,3182,5,6335,36,6335,4,0,0
4,3183,3,1233,34,1233,30,1233,173
4,3183,4,1233,35,1233,30,1233,173
4,3190,2,5241,172,5241,30,0,0
4,3197,3,2138,33,2138,30,2138,178
4,3200,2,6706,37,6706,176,0,0
4,3200,3,6706,38,6706,176,0,0
4,3208,2,6370,38,6370,31,0,0
4,3208,3,6370,42,6370,31,0,0
4,3227,3,5898,37,5898,3,5898,170
4,3240,3,2352,31,2352,170,2352,3
4,3240,4,2352,32,2352,170,2352,3
4,3244,3,1055,32,1055,172,1055,181
4,3253,3,2323,33,2323,31,2323,177
4,3253,4,2323,34,2323,31,2323,177
4,3254,3,2509,39,2509,3,2509,176
4,3254,4,2509,41,2509,3,2509,176
4,3255,3,2129,35,2129,183,0,0
4,3257,3,6485,39,6485,30,6485,189
4,3260,3,863,34,863,6,863,173
4,3260,4,863,35,863,6,863,173
4,3261,4,2355,176,2355,174,2355,179
4,3261,5,2355,33,2355,174,2355,179
4,3274,4,2164,41,2164,30,2164,176
4,3274,5,2164,42,2164,30,2164,176
4,3276,4,1762,42,1762,6,1762,195
4,3284,6,6150,34,6150,4,0,0
4,3286,2,5393,179,5393,171,0,0
4,3287,4,1542,39,1542,6,1542,179
4,3289,3,2895,33,2895,30,2895,176
4,3289,4,2895,34,2895,30,2895,176
4,3292,3,2240,175,2240,30,2240,1
4,3299,3,1542,37,1542,7,1542,177
4,3299,4,1542,40,1542,7,1542,177
4,3303,4,976,33,976,172,0,0
4,3317,4,998,32,998,170,998,3
4,3317,5,998,33,998,170,998,3
4,3320,3,2822,32,2822,175,2822,30
4,3328,4,2106,32,2106,171,2106,30
4,3334,3,2237,31,2237,171,2237,4
4,3336,3,1315,36,1315,30,1315,174
4,3336,5,1315,39,1315,30,1315,174
4,3348,3,565,32,565,4,565,173
4,3348,4,565,34,565,4,565,173
4,3354,2,728,33,728,30,728,180
4,3357,4,47,39,47,31,47,174
4,3368,6,3110,5,3110,170,0,0
4,3371,2,1692,40,1692,31,0,0
4,3379,3,3194,4,3194,1,3194,3
4,3383,3,5417,182,5417,4,0,0
4,3383,4,5417,183,5417,4,0,0
4,3388,4,6411,34,6411,3,6411,183
4,3389,4,2219,34,2219,170,0,0
4,3391,6,3225,6,3225,2,3225,1
4,3395,3,1682,33,1682,4,1682,174
4,3396,2,6853,33,6853,3,0,0
4,3408,3,121,37,121,173,121,4
4,3412,3,6801,40,6801,170,0,0
4,3415,4,1092,34,1092,3,1092,170
4,3425,3,652,37,652,173,652,6
4,3426,3,1468,34,1468,5,1468,176
4,3434,3,6684,41,6684,4,0,0
4,3440,3,1775,38,1775,6,1775,182
4,3440,4,1775,39,1775,6,1775,182
4,3448,3,1126,35,1126,30,1126,174
4,3448,4,1126,36,1126,30,1126,174
4,3451,3,3232,5,3232,2,3232,1
4,3454,3,459,31,459,170,459,4
4,3461,3,556,37,556,177,556,33
4,3463,3,563,43,563,183,563,6
4,3463,4,563,45,563,183,563,6
4,3465,3,1648,173,1648,172,1648,3
4,3465,4,1648,32,1648,172,1648,3
4,3466,3,106,31,106,173,106,183
4,3466,4,106,32,106,173,106,183
4,3468,3,89,35,89,31,89,179
4,3471,4,1690,173,1690,30,1690,178
4,3472,3,613,31,613,5,613,174
4,3476,3,563,47,563,40,563,194
4,3485,3,1919,41,1919,173,0,0
4,3493,3,2080,32,2080,170,2080,3
4,3494,3,868,34,868,6,868,185
4,3494,4,868,36,868,6,868,185
4,3498,3,6832,42,6832,3,0,0
4,3500,3,691,36,691,176,691,5
4,3502,2,5820,34,5820,7,0,0
4,3502,3,5820,35,5820,7,0,0
4,3504,3,2509,43,2509,177,2509,5
4,3506,4,2175,31,2175,170,2175,3
4,3510,2,6724,37,6724,8,0,0
4,3510,3,6724,40,6724,8,0,0
4,3547,3,3163,4,3163,2,3163,3
4,3559,3,2473,32,2473,170,2473,4
4,3565,2,6053,39,6053,31,0,0
4,3567,3,1258,32,1258,171,1258,175
4,3567,4,1258,34,1258,171,1258,175
4,3574,4,2485,34,2485,173,2485,186
4,3574,5,2485,36,2485,173,2485,186
4,3576,4,3365,5,3365,2,3365,1
4,3580,3,6166,59,6166,40,6166,4
4,3584,4,2576,34,2576,3,2576,170
4,3587,3,775,31,775,172,775,5
4,3588,4,3356,6,3356,3,3356,2
4,3595,3,465,34,465,30,465,179
4,3597,4,3196,6,3196,2,3196,1
4,3605,2,6832,40,6832,33,0,0
4,3605,3,6832,44,6832,33,0,0
4,3606,3,2510,34,2510,171,2510,5
4,3606,4,2510,36,2510,171,2510,5
4,3608,3,6546,36,6546,182,6546,5
4,3614,2,6145,37,6145,32,0,0
4,3628,3,636,33,636,3,0,0
4,3629,5,6516,33,6516,176,0,0
4,3636,6,3369,7,3369,2,3369,1
4,3643,2,2108,33,2108,5,0,0
4,3643,3,2108,34,2108,5,0,0
4,3646,3,478,39,478,4,0,0
4,3654,2,6231,40,6231,31,0,0
4,3656,3,53,41,53,217,53,216
4,3671,2,5136,40,5136,11,0,0
4,3671,3,5136,41,5136,11,0,0
4,3677,3,53,42,53,191,53,218
4,3678,3,1893,36,1893,174,1893,3
4,3678,4,1893,37,1893,174,1893,3
4,3684,3,2059,33,2059,176,2059,178
4,3689,5,2188,32,2188,5,2188,174
4,3692,3,846,43,846,7,846,40
4,3698,3,652,34,652,3,652,170
4,3719,4,2277,183,2277,181,2277,5
4,3719,5,2277,184,2277,181,2277,5
4,3721,6,3200,6,3200,2,3200,1
4,3731,4,1093,34,1093,3,1093,170
4,3737,3,1468,35,1468,6,1468,175
4,3760,3,1763,38,1763,185,1763,184
4,3760,4,1763,40,1763,185,1763,184
4,3761,2,1799,38,1799,6,0,0
4,3761,3,1799,39,1799,6,0,0
4,3777,4,2410,32,2410,3,2410,170
4,3778,4,5493,42,5493,7,0,0
4,3804,3,2501,31,2501,178,2501,3
4,3804,4,2501,33,2501,178,2501,3
4,3827,3,2656,35,2656,171,2656,5
4,3839,3,221,32,221,171,221,31
4,3850,4,5653,34,5653,177,5653,184
4,3866,3,5900,40,5900,174,0,0
4,3888,3,3378,4,3378,2,3378,1
4,3893,3,6545,40,6545,7,6545,177
4,3899,3,6231,41,6231,33,6231,183
4,3909,2,5393,38,5393,181,0,0
4,3911,3,6822,175,6822,174,6822,6
4,3912,3,6073,37,6073,31,6073,178
4,3918,2,5676,34,5676,176,0,0
4,3923,4,656,34,656,5,656,173
4,3926,3,6583,49,6583,30,6583,204
4,3926,4,6583,52,6583,30,6583,204
4,3931,3,1763,36,1763,6,1763,179
4,3936,3,3133,3,3133,1,3133,2
4,3939,2,6212,38,6212,170,0,0
4,3940,3,3367,3,3367,2,3367,1
4,3940,4,3367,4,3367,2,3367,1
4,3948,4,6327,172,6327,4,6327,170
4,3954,2,5872,41,5872,31,0,0
4,3960,4,2704,186,2704,3,2704,184
4,3966,5,3375,6,3375,2,0,0
4,3967,3,3387,3,3387,2,3387,1
4,3969,3,5576,37,5576,172,5576,3
4,3969,4,5576,41,5576,172,5576,3
4,3971,3,428,32,428,170,428,4
4,3976,3,6335,37,6335,31,6335,180
4,3979,3,3353,3,3353,1,3353,2
4,3979,4,3353,4,3353,1,3353,2
4,3980,3,6287,42,6287,33,6287,182
4,3980,4,6287,43,6287,33,6287,182
4,3981,4,1397,37,1397,171,1397,4
4,3988,2,5678,38,5678,30,0,0
4,3988,3,5678,41,5678,30,0,0
4,3999,3,6830,31,6830,171,0,0
4,4000,3,692,38,692,7,692,174
4,4000,4,692,39,692,7,692,174
4,4021,5,1697,48,1697,41,1697,194
4,4031,3,5393,37,5393,30,5393,5
4,4032,4,6200,38,6200,9,6200,170
4,4036,3,455,34,455,30,455,180
4,4037,5,1394,38,1394,3,1394,173
4,4041,2,1100,32,1100,4,0,0
4,4062,3,1475,32,1475,170,1475,3
4,4063,3,2831,33,2831,4,2831,171
4,4066,5,203,33,203,5,203,172
4,4070,3,1839,36,1839,174,0,0
4,4070,5,1839,38,1839,174,0,0
4,4074,3,3309,3,3309,2,3309,1
4,4074,4,3309,4,3309,2,3309,1
4,4086,2,5706,209,5706,3,5706,33
4,4088,3,6583,200,6583,199,6583,7
4,4088,4,6583,48,6583,199,6583,7
4,4098,3,2599,174,2599,173,2599,4
4,4098,4,2599,175,2599,173,2599,4
4,4101,2,6590,47,6590,31,0,0
4,4103,3,3368,7,3368,6,3368,3
4,4103,4,3368,8,3368,6,3368,3
4,4126,4,838,31,838,3,838,175
4,4128,4,3376,7,3376,2,3376,1
4,4131,3,6522,32,6522,4,0,0
4,4137,3,713,37,713,176,713,6
4,4141,2,6370,41,6370,172,0,0
4,4143,2,6156,182,6156,181,0,0
4,4148,2,5872,38,5872,35,0,0
4,4148,3,5872,40,5872,35,0,0
4,4152,3,1037,37,1037,5,0,0
4,4158,2,351,39,351,173,0,0
4,4159,3,2897,34,2897,3,2897,171
4,4172,4,1141,179,1141,2,1141,1
4,4172,5,1141,37,1141,2,1141,1
4,4176,3,3096,3,3096,2,3096,1
4,4184,3,1613,41,1613,176,1613,8
4,4194,2,6867,201,6867,200,0,0
4,4194,3,6867,34,6867,200,0,0
4,4197,3,90,30,90,171,90,4
4,4198,2,6590,45,6590,10,6590,41
4,4200,2,1394,37,1394,33,0,0
4,4207,2,6370,37,6370,33,0,0
4,4207,3,6370,39,6370,33,0,0
4,4209,4,5640,35,5640,32,0,0
4,4215,3,1644,30,1644,4,1644,171
4,4215,5,1644,32,1644,4,1644,171
4,4217,2,2526,35,2526,173,2526,914
4,4241,3,2412,33,2412,30,2412,170
4,4242,3,5047,31,5047,3,0,0
4,4242,4,5047,32,5047,3,0,0
4,4246,4,6418,176,6418,3,6418,178
4,4256,3,725,31,725,177,725,178
4,4257,2,6801,38,6801,187,6801,189
4,4263,2,6590,46,6590,34,0,0
4,4274,4,508,32,508,4,508,172
4,4279,2,2485,35,2485,176,0,0
4,4295,2,833,36,833,189,0,0
4,4296,3,5960,42,5960,34,5960,188
4,4296,4,5960,45,5960,34,5960,188
4,4305,3,1415,31,1415,4,1415,170
4,4312,2,6232,46,6232,192,0,0
4,4316,2,6607,180,6607,8,0,0
4,4319,3,1695,54,1695,34,1695,208
4,4321,3,2195,181,2195,180,2195,195
4,4327,2,5610,34,5610,5,0,0
4,4329,3,2897,36,2897,176,2897,5
4,4333,3,2656,34,2656,174,2656,7
4,4333,4,2656,36,2656,174,2656,7
4,4334,3,6853,32,6853,30,6853,173
4,4344,3,1862,173,1862,172,1862,31
4,4346,2,6494,35,6494,185,0,0
4,4346,3,6494,36,6494,185,0,0
4,4347,3,2086,31,2086,4,2086,172
4,4347,4,2086,33,2086,4,2086,172
4,4353,3,922,31,922,4,922,171
4,4353,4,922,34,922,4,922,171
4,4354,4,6828,32,6828,3,6828,171
4,4361,3,2661,43,2661,171,2661,21
4,4361,4,2661,44,2661,171,2661,21
4,4367,4,2224,42,2224,184,2224,7
4,4367,5,2224,44,2224,184,2224,7
4,4375,4,1411,186,1411,184,1411,13
4,4383,3,722,35,722,32,722,180
4,4384,3,2586,35,2586,172,2586,5
4,4395,3,1909,31,1909,1,1909,2
4,4395,4,1909,30,1909,1,1909,2
4,4397,3,2117,30,2117,3,2117,170
4,4397,4,2117,31,2117,3,2117,170
4,4405,2,6086,31,6086,3,6086,1
4,4412,4,5066,40,5066,6,5066,178
4,4414,4,517,31,517,170,517,4
4,4422,3,1227,35,1227,193,1227,2
4,4424,3,3360,2,3360,1,3360,170
4,4424,4,3360,3,3360,1,3360,170
4,4429,3,5960,48,5960,38,5960,189
4,4430,3,2012,32,2012,3,2012,170
4,4430,4,2012,33,2012,3,2012,170
4,4455,2,5177,33,5177,7,0,0
4,4455,3,5177,35,5177,7,0,0
4,4460,3,200,35,200,175,200,4
4,4462,3,5621,34,5621,177,5621,6
4,4465,3,1100,34,1100,3,1100,170
4,4469,4,2061,32,2061,181,0,0
4,4477,4,1919,44,1919,9,1919,174
4,4477,5,1919,46,1919,9,1919,174
4,4482,3,5573,43,5573,8,5573,198
4,4487,2,5299,58,5299,32,0,0
4,4491,3,6161,33,6161,7,0,0
4,4504,4,3176,4,3176,2,3176,1
4,4504,5,3176,5,3176,2,3176,1
4,4505,2,5623,53,5623,37,0,0
4,4508,2,5656,45,5656,171,0,0
4,4509,2,6205,38,6205,10,0,0
4,4509,3,6205,40,6205,10,0,0
4,4511,3,5305,36,5305,183,5305,190
4,4511,4,5305,37,5305,183,5305,190
4,4512,2,5938,33,5938,31,0,0
4,4512,3,5938,34,5938,31,0,0
4,4514,3,6591,38,6591,6,0,0
4,4529,3,1051,42,1051,38,1051,171
4,4537,4,145,31,145,3,145,170
4,4540,3,6414,173,6414,1,6414,176
4,4542,2,5623,55,5623,40,0,0
4,4543,3,1131,32,1131,173,1131,176
4,4543,4,1131,34,1131,173,1131,176
4,4547,3,5680,32,5680,5,5680,173
4,4547,4,5680,34,5680,5,5680,173
4,4548,4,1879,33,1879,175,0,0
4,4553,3,1084,35,1084,175,1084,7
4,4559,2,1906,31,1906,30,1906,173
4,4560,2,3390,3,3390,2,0,0
4,4562,2,6832,36,6832,4,0,0
4,4562,3,6832,39,6832,4,0,0
4,4571,5,5315,36,5315,173,0,0
4,4578,3,3302,3,3302,2,3302,1
4,4578,4,3302,4,3302,2,3302,1
4,4583,3,5872,37,5872,6,0,0
4,4587,3,1692,38,1692,30,1692,176
4,4587,4,1692,39,1692,30,1692,176
4,4591,3,2108,178,2108,177,2108,4
4,4591,4,2108,179,2108,177,2108,4
4,4608,3,5774,32,5774,170,5774,30
4,4608,4,5774,33,5774,170,5774,30
4,4613,3,6838,33,6838,6,6838,170
4,4621,4,2302,199,2302,195,0,0
4,4623,3,2639,30,2639,3,2639,172
4,4635,3,2540,171,2540,31,2540,174
4,4635,4,2540,32,2540,31,2540,174
4,4637,2,2432,47,2432,34,2432,181
4,4637,4,2432,46,2432,34,2432,181
4,4643,3,2067,38,2067,189,2067,30
4,4644,4,5570,189,5570,3,5570,186
4,4651,3,1144,36,1144,174,1144,32
4,4663,2,6485,181,6485,180,0,0
4,4670,3,577,32,577,4,577,174
4,4684,3,2882,33,2882,171,2882,4
4,4684,4,2882,34,2882,171,2882,4
4,4685,4,6361,33,6361,3,6361,173
4,4685,5,6361,34,6361,3,6361,173
4,4688,3,5199,35,5199,4,5199,178
4,4690,4,2509,40,2509,173,2509,4
4,4691,2,6649,35,6649,30,0,0
4,4693,3,1862,32,1862,30,1862,171
4,4693,4,1862,33,1862,30,1862,171
4,4695,2,2129,36,2129,181,0,0
4,4696,4,5715,35,5715,3,5715,171
4,4699,2,5133,33,5133,3,0,0
4,4711,2,5306,33,5306,170,0,0
4,4711,4,5306,32,5306,170,0,0
4,4713,3,5909,37,5909,184,5909,192
4,4726,3,6537,39,6537,32,6537,185
4,4748,3,1878,33,1878,172,1878,1
4,4748,4,1878,34,1878,172,1878,1
4,4750,3,5463,45,5463,30,5463,178
4,4755,3,1522,41,1522,175,1522,9
4,4758,3,2779,31,2779,170,2779,3
4,4765,3,6832,38,6832,32,0,0
4,4765,4,6832,41,6832,32,0,0
4,4768,4,2807,31,2807,170,2807,3
4,4775,3,3374,5,3374,2,3374,4
4,4782,3,1332,30,1332,174,1332,183
4,4782,4,1332,32,1332,174,1332,183
4,4790,3,2607,30,2607,3,2607,170
4,4799,2,5018,34,5018,4,5018,2
4,4813,3,5960,44,5960,33,5960,195
4,4814,3,1959,32,1959,171,1959,4
4,4815,3,3066,3,3066,2,3066,1
4,4816,3,632,177,632,173,632,3
4,4832,2,1184,43,1184,33,0,0
4,4834,2,771,32,771,30,0,0
4,4836,2,1695,51,1695,33,1695,174
4,4836,3,1695,52,1695,33,1695,174
4,4838,3,1230,31,1230,30,1230,171
4,4840,3,2707,43,2707,7,2707,179
4,4840,4,2707,44,2707,7,2707,179
4,4844,4,1411,45,1411,4,0,0
4,4847,3,1975,33,1975,4,1975,170
4,4848,2,5145,34,5145,2,0,0
4,4848,3,5145,35,5145,2,0,0
4,4849,2,6183,170,6183,3,0,0
4,4850,3,2717,38,2717,173,2717,4
4,4852,6,3240,6,3240,2,3240,1
4,4886,2,6657,33,6657,30,6657,178
4,4888,3,5016,34,5016,170,0,0
4,4898,3,5429,33,5429,7,5429,181
4,4898,4,5429,35,5429,7,5429,181
4,4905,3,6541,31,6541,4,6541,179
4,4908,2,5031,52,5031,178,0,0
4,4928,2,5429,32,5429,8,5429,6
4,4943,3,1051,44,1051,36,1051,183
4,4944,3,1608,32,1608,30,1608,177
4,4944,4,1608,33,1608,30,1608,177
4,4945,3,835,30,835,173,835,4
4,4945,4,835,31,835,173,835,4
4,4953,3,1633,174,1633,170,0,0
4,4953,4,1633,175,1633,170,0,0
4,4958,3,5926,33,5926,174,5926,4
4,4960,3,5853,44,5853,202,5853,33
4,4961,3,409,33,409,30,409,178
4,4972,3,3373,3,3373,2,3373,1
4,4972,4,3373,4,3373,2,3373,1
4,4979,2,1121,34,1121,174,0,0
4,4991,3,6577,41,6577,185,6577,9
4,4994,2,5812,61,5812,13,0,0
4,4995,2,6024,35,6024,32,0,0
4,4996,3,1516,31,1516,170,1516,4
4,4996,4,1516,33,1516,170,1516,4
4,5003,4,3041,4,3041,2,3041,1
4,5006,3,1213,31,1213,4,1213,177
4,5013,3,2756,173,2756,3,2756,172
4,5013,4,2756,34,2756,3,2756,172
4,5014,2,3078,3,3078,2,0,0
4,5016,6,3228,6,3228,2,3228,1
4,5040,4,2661,42,2661,7,2661,180
4,5047,2,6867,36,6867,203,0,0
4,5051,2,6232,47,6232,32,0,0
4,5051,3,6232,48,6232,32,0,0
4,5053,4,935,32,935,3,935,176
4,5056,4,2443,33,2443,2,0,0
4,5057,2,2895,32,2895,2,0,0
4,5064,6,5299,50,5299,8,5299,173
4,5070,3,898,33,898,4,898,181
4,5070,4,898,34,898,4,898,181
4,5076,3,534,32,534,31,534,171
4,5078,2,5849,47,5849,31,0,0
4,5082,2,626,45,626,3,0,0
4,5084,3,898,35,898,5,898,185
4,5087,3,2034,34,2034,177,2034,30
4,5096,3,6228,37,6228,30,0,0
4,5098,3,61,35,61,172,61,3
4,5107,2,6822,177,6822,176,0,0
4,5107,3,6822,32,6822,176,0,0
4,5121,4,1926,31,1926,3,1926,170
4,5121,5,1926,33,1926,3,1926,170
4,5132,2,5812,50,5812,33,0,0
4,5132,3,5812,52,5812,33,0,0
4,5133,3,510,31,510,30,510,170
4,5135,2,6862,47,6862,35,6862,182
4,5147,2,6112,192,6112,204,6112,205
4,5148,3,473,36,473,177,473,172
4,5156,2,3346,3,3346,2,0,0
4,5166,3,908,36,908,6,908,177
4,5166,4,908,37,908,6,908,177
4,5168,3,2392,35,2392,4,2392,179
4,5172,4,6547,32,6547,171,6547,6
4,5177,3,593,30,593,4,593,171
4,5177,5,593,33,593,4,593,171
4,5180,2,5392,38,5392,31,0,0
4,5182,2,1956,30,1956,4,0,0
4,5185,2,5625,32,5625,170,0,0
4,5186,2,5576,38,5576,31,5576,179
4,5188,3,2888,30,2888,171,2888,3
4,5195,3,6093,38,6093,11,6093,37
4,5195,4,6093,41,6093,11,6093,37
4,5196,4,1837,35,1837,172,1837,6
4,5201,3,891,31,891,177,891,178
4,5201,4,891,32,891,177,891,178
4,5204,5,1426,40,1426,2,1426,180
4,5205,3,5977,35,5977,173,5977,6
4,5229,2,783,32,783,3,0,0
4,5235,4,5163,32,5163,30,5163,174
4,5247,2,5491,34,5491,177,0,0
4,5248,3,5308,33,5308,173,5308,174
4,5260,2,1697,46,1697,37,0,0
4,5260,3,1697,47,1697,37,0,0
4,5261,3,5234,31,5234,171,0,0
4,5262,3,5812,59,5812,171,5812,5
4,5263,2,5780,31,5780,4,0,0
4,5265,3,174,37,174,6,174,174
4,5265,4,174,40,174,6,174,174
4,5269,3,605,31,605,3,605,170
4,5273,3,3046,5,3046,1,3046,2
4,5273,5,3046,7,3046,1,3046,2
4,5288,2,22,176,22,175,0,0
4,5291,2,6674,32,6674,4,0,0
4,5293,3,91,31,91,3,91,170
4,5293,4,91,32,91,3,91,170
4,5305,3,3231,3,3231,2,3231,1
4,5309,2,1610,31,1610,30,1610,2
4,5316,2,6233,36,6233,9,0,0
4,5316,3,6233,37,6233,9,0,0
4,5327,4,5990,177,5990,3,5990,175
4,5328,3,2591,35,2591,178,2591,6
4,5329,3,3277,3,3277,1,0,0
4,5329,4,3277,4,3277,1,0,0
4,5334,3,5812,51,5812,9,0,0
4,5339,3,6093,40,6093,7,0,0
4,5358,3,3135,3,3135,2,3135,1
4,5358,4,3135,4,3135,2,3135,1
4,5360,3,999,33,999,4,999,172
4,5360,4,999,34,999,4,999,172
4,5361,3,706,171,706,170,706,7
4,5361,4,706,30,706,170,706,7
4,5388,5,6103,43,6103,8,6103,179
4,5389,3,939,33,939,31,939,171
4,5390,2,5706,39,5706,9,0,0
4,5391,3,5900,39,5900,7,0,0
4,5393,3,6802,174,6802,172,6802,182
4,5403,4,5693,49,5693,32,5693,210
4,5418,3,1163,45,1163,175,1163,30
4,5424,3,713,39,713,33,713,185
4,5438,3,1315,33,1315,4,1315,170
4,5442,3,2628,37,2628,3,2628,170
4,5445,2,2330,31,2330,30,0,0
4,5453,3,2618,32,2618,3,2618,170
4,5453,4,2618,33,2618,3,2618,170
4,5454,2,5040,33,5040,30,0,0
4,5454,3,5040,181,5040,30,0,0
4,5455,3,774,31,774,2,774,171
4,5461,2,1221,35,1221,172,0,0
4,5461,3,1221,36,1221,172,0,0
4,5470,3,5017,32,5017,171,0,0
4,5473,3,2397,37,2397,173,0,0
4,5473,4,2397,38,2397,173,0,0
4,5475,2,5573,42,5573,183,0,0
4,5475,3,5573,44,5573,183,0,0
4,5502,2,5459,32,5459,176,0,0
4,5505,4,6545,41,6545,5,6545,176
4,5506,2,2647,30,2647,172,0,0
4,5516,3,2207,30,2207,21,2207,174
4,5516,4,2207,31,2207,21,2207,174
4,5528,3,2509,42,2509,6,2509,174
4,5532,2,5031,50,5031,32,0,0
4,5545,2,5392,39,5392,30,5392,189
4,5545,3,5392,40,5392,30,5392,189
4,5558,2,3018,2,3018,1,0,0
4,5558,3,3018,3,3018,1,0,0
4,5562,3,2224,45,2224,33,2224,190
4,5563,3,5684,201,5684,32,5684,205
4,5566,3,6093,39,6093,170,6093,10
4,5572,2,6121,60,6121,30,0,0
4,5587,3,2603,179,2603,177,2603,7
4,5587,4,2603,33,2603,177,2603,7
4,5604,2,2432,48,2432,176,0,0
4,5607,4,6350,35,6350,7,6350,174
4,5613,3,1494,32,1494,175,1494,4
4,5614,4,5655,40,5655,174,5655,34
4,5625,2,6750,36,6750,5,0,0
4,5625,3,6750,37,6750,5,0,0
4,5628,2,3347,5,3347,4,0,0
4,5635,4,496,32,496,185,496,179
4,5650,3,1161,30,1161,171,1161,4
4,5651,2,6738,181,6738,180,0,0
4,5651,3,6738,182,6738,180,0,0
4,5662,2,5299,55,5299,10,0,0
4,5664,2,5926,32,5926,5,0,0
4,5664,3,5926,34,5926,5,0,0
4,5679,3,2618,34,2618,4,2618,171
4,5679,4,2618,37,2618,4,2618,171
4,5684,4,5055,44,5055,33,0,0
4,5685,4,6030,36,6030,33,6030,187
4,5687,4,2910,33,2910,2,2910,174
4,5689,3,5012,177,5012,187,5012,186
4,5690,2,6210,36,6210,30,0,0
4,5707,3,1014,32,1014,30,1014,170
4,5708,3,2752,33,2752,172,2752,5
4,5709,2,5120,32,5120,177,0,0
4,5718,2,3116,2,3116,1,0,0
4,5731,3,5299,56,5299,12,0,0
4,5731,4,5299,57,5299,12,0,0
4,5732,2,5527,31,5527,172,0,0
4,5736,2,6365,51,6365,10,0,0
4,5736,3,6365,53,6365,10,0,0
4,5753,3,1893,38,1893,5,1893,177
4,5775,3,5916,39,5916,171,5916,4
4,5779,2,5036,31,5036,2,0,0
4,5783,4,5264,31,5264,4,5264,170
4,5783,5,5264,32,5264,4,5264,170
4,5785,2,6171,33,6171,1,0,0
4,5787,3,1236,32,1236,172,1236,4
4,5788,3,2323,32,2323,174,2323,3
4,5789,7,1663,41,1663,5,1663,173
4,5793,4,1786,49,1786,182,1786,4
4,5804,3,2379,32,2379,6,2379,172
4,5806,3,897,35,897,32,897,177
4,5807,2,6115,52,6115,37,0,0
4,5820,3,2016,33,2016,6,0,0
4,5825,2,6707,34,6707,3,0,0
4,5836,3,3336,3,3336,2,3336,1
4,5836,5,3336,5,3336,2,3336,1
4,5839,3,2586,34,2586,173,2586,6
4,5855,3,1533,33,1533,173,1533,5
4,5855,4,1533,34,1533,173,1533,5
4,5861,3,1498,35,1498,171,1498,30
4,5861,4,1498,37,1498,171,1498,30
4,5862,2,6588,40,6588,3,0,0
4,5873,2,6438,32,6438,30,0,0
4,5889,4,6735,45,6735,7,0,0
4,5893,3,3057,5,3057,2,3057,1
4,5895,2,5678,36,5678,2,0,0
4,5913,3,593,31,593,170,593,3
4,5916,3,655,30,655,172,655,3
4,5916,4,655,31,655,172,655,3
4,5938,4,6114,53,6114,170,0,0
4,5969,3,5663,53,5663,32,5663,198
4,5973,3,2545,33,2545,30,2545,172
4,5973,4,2545,34,2545,30,2545,172
4,5978,2,1480,33,1480,31,0,0
4,5978,3,1480,34,1480,31,0,0
4,5982,3,2753,35,2753,4,2753,173
4,5990,4,597,37,597,178,597,30
4,5994,2,6093,42,6093,31,0,0
4,5997,5,5534,32,5534,170,5534,30
4,6006,2,5814,40,5814,30,0,0
4,6024,4,2660,32,2660,172,2660,3
4,6029,2,5621,33,5621,9,0,0
4,6035,2,6820,37,6820,30,0,0
4,6045,5,3249,7,3249,2,3249,1
4,6061,3,3113,3,3113,2,3113,1
4,6062,2,6478,52,6478,30,0,0
4,6069,3,3275,3,3275,1,3275,2
4,6069,4,3275,4,3275,1,3275,2
4,6078,3,2621,34,2621,30,2621,175
4,6082,4,6111,34,6111,4,6111,174
4,6089,3,377,30,377,4,0,0
4,6089,4,377,31,377,4,0,0
4,6092,4,1932,35,1932,173,1932,5
4,6094,2,5499,36,5499,182,0,0
4,6112,8,5748,36,5748,6,0,0
4,6114,2,6179,174,6179,173,6179,175
4,6114,3,6179,40,6179,173,6179,175
4,6115,3,6845,43,6845,186,0,0
4,6115,4,6845,44,6845,186,0,0
4,6116,3,3024,3,3024,2,3024,1
4,6132,3,1839,34,1839,31,1839,182
4,6132,4,1839,35,1839,31,1839,182
4,6133,2,3055,3,3055,2,0,0
4,6133,3,3055,4,3055,2,0,0
4,6134,4,1969,32,1969,30,1969,171
4,6134,5,1969,33,1969,30,1969,171
4,6151,5,3282,7,3282,1,3282,2
4,6152,2,6335,38,6335,6,0,0
4,6163,2,6434,30,6434,170,0,0
4,6165,3,517,33,517,5,517,172
4,6165,4,517,34,517,5,517,172
4,6168,3,5960,43,5960,181,5960,8
4,6168,5,5960,47,5960,181,5960,8
4,6171,4,6721,34,6721,6,0,0
4,6194,3,5749,46,5749,30,5749,181
4,6194,4,5749,48,5749,30,5749,181
4,6202,3,5447,33,5447,30,0,0
4,6212,3,1185,32,1185,173,1185,175
4,6212,4,1185,34,1185,5,1185,179
4,6216,3,2610,32,2610,173,2610,4
4,6221,3,1919,40,1919,170,1919,3
4,6225,3,922,35,922,30,922,173
4,6238,2,5922,208,5922,210,0,0
4,6238,4,5922,43,5922,210,0,0
4,6260,5,6602,40,6602,188,0,0
4,6267,2,2578,180,2578,179,0,0
4,6291,3,2577,30,2577,173,2577,3
4,6291,4,2577,31,2577,173,2577,3
4,6296,2,6475,41,6475,30,0,0
4,6303,3,2177,34,2177,178,2177,185
4,6304,3,1663,46,1663,6,1663,176
4,6309,3,2474,34,2474,171,2474,30
4,6311,2,1700,39,1700,175,0,0
4,6312,3,6649,34,6649,3,6649,179
4,6323,4,3331,6,3331,1,3331,4
4,6323,6,3331,8,3331,1,3331,4
4,6357,2,6660,31,6660,3,0,0
4,6357,3,6660,32,6660,3,0,0
4,6363,5,3441,5,3441,2,3441,1
4,6369,3,5403,30,5403,171,5403,5
4,6369,4,5403,174,5403,171,5403,5
4,6371,3,2786,33,2786,171,2786,30
4,6378,3,722,34,722,178,722,30
4,6381,2,5478,34,5478,180,0,0
4,6382,2,6436,49,6436,36,6436,195
4,6391,2,5570,47,5570,31,0,0
4,6397,7,3437,7,3437,2,3437,1
4,6399,3,2354,36,2354,5,2354,174
4,6405,3,5874,179,5874,182,0,0
4,6408,4,3025,4,3025,2,3025,1
4,6411,4,597,36,597,176,597,35
4,6421,3,1762,45,1762,180,1762,31
4,6424,3,971,30,971,171,971,4
4,6442,2,1088,38,1088,178,0,0
4,6442,3,1088,37,1088,178,0,0
4,6448,3,1335,53,1335,179,1335,31
4,6448,4,1335,54,1335,179,1335,31
4,6451,3,6625,34,6625,7,6625,176
4,6451,4,6625,35,6625,7,6625,176
4,6452,3,3021,4,3021,1,0,0
4,6459,3,3397,7,3397,6,3397,170
4,6464,4,2341,32,2341,172,2341,5
4,6469,3,2731,36,2731,4,0,0
4,6476,2,5584,33,5584,30,0,0
4,6488,3,1970,32,1970,5,1970,182
4,6491,3,2611,37,2611,32,2611,175
4,6491,4,2611,38,2611,32,2611,175
4,6492,2,5832,30,5832,3,0,0
4,6499,2,6680,30,6680,4,0,0
4,6506,3,3417,3,3417,2,3417,1
4,6508,4,5537,42,5537,10,5537,177
4,6511,3,2282,178,2282,177,2282,3
4,6513,7,5055,43,5055,171,5055,171
4,6516,2,840,41,840,32,0,0
4,6516,3,840,43,840,32,0,0
4,6519,2,490,32,490,172,0,0
4,6526,4,5287,193,5287,181,5287,198
4,6537,4,846,44,846,170,0,0
4,6544,2,2662,32,2662,172,0,0
4,6549,4,2707,42,2707,4,2707,176
4,6551,3,2441,37,2441,4,2441,182
4,6557,2,5323,30,5323,3,0,0
4,6569,3,1332,33,1332,180,1332,184
4,6571,3,3149,3,3149,2,3149,1
4,6573,2,5698,170,5698,6,0,0
4,6574,3,53,205,53,202,53,967
4,6576,2,5641,37,5641,33,5641,904
4,6576,3,5641,38,5641,33,5641,904
4,6581,3,3397,3,3397,2,3397,1
4,6582,3,3239,3,3239,2,3239,1
4,6582,4,3239,4,3239,2,3239,1
4,6585,3,3140,4,3140,2,3140,1
4,6593,3,1994,177,1994,176,1994,7
4,6600,2,2302,52,2302,31,0,0
4,6600,3,2302,49,2302,31,0,0
4,6609,2,3131,2,3131,1,0,0
4,6609,3,3131,3,3131,1,0,0
4,6616,4,760,173,760,171,760,4
4,6627,3,5643,31,5643,6,5643,170
4,6629,3,6724,204,6724,31,6724,185
4,6634,3,3258,4,3258,2,3258,1
4,6634,4,3258,5,3258,2,3258,1
4,6637,2,6602,41,6602,9,0,0
4,6641,3,3217,3,3217,2,3217,1
4,6643,3,1061,32,1061,4,0,0
4,6646,5,6845,39,6845,5,0,0
4,6660,2,5693,196,5693,2,0,0
4,6665,3,729,32,729,171,0,0
4,6678,3,2786,34,2786,6,2786,32
4,6680,2,5841,35,5841,32,0,0
4,6680,3,5841,38,5841,32,0,0
4,6686,3,1663,43,1663,7,1663,179
4,6706,2,5462,36,5462,6,0,0
4,6713,4,2502,36,2502,172,2502,5
4,6713,5,2502,37,2502,172,2502,5
4,6720,3,3059,3,3059,2,3059,1
4,6727,3,1547,33,1547,3,1547,170
4,6729,3,1701,35,1701,178,1701,30
4,6729,4,1701,36,1701,178,1701,30
4,6733,2,10,33,10,177,0,0
4,6734,3,5921,32,5921,172,5921,4
4,6735,2,6157,31,6157,3,0,0
4,6736,2,3167,3,3167,2,0,0
4,6742,3,10,34,10,6,0,0
4,6742,4,10,35,10,6,0,0
4,6752,3,1430,30,1430,4,1430,170
4,6752,4,1430,31,1430,4,1430,170
4,6755,3,6316,32,6316,6,6316,173
4,6755,4,6316,33,6316,6,6316,173
4,6759,3,3002,2,3002,1,3002,170
4,6773,3,5858,188,5858,179,0,0
4,6773,4,5858,38,5858,179,0,0
4,6790,2,6724,36,6724,30,0,0
4,6790,3,6724,39,6724,30,0,0
4,6791,3,2558,31,2558,170,2558,30
4,6795,3,6051,183,6051,3,0,0
4,6795,4,6051,185,6051,3,0,0
4,6798,2,2731,37,2731,30,0,0
4,6798,3,2731,35,2731,30,0,0
4,6807,4,6750,35,6750,30,0,0
4,6822,2,6684,40,6684,3,0,0
4,6822,3,6684,42,6684,3,0,0
4,6825,3,5548,42,5548,30,5548,173
4,6831,2,5406,33,5406,173,0,0
4,6831,3,5406,176,5406,173,0,0
4,6833,2,5136,42,5136,31,0,0
4,6838,3,6187,179,6187,10,6187,173
4,6856,3,151,38,151,171,0,0
4,6857,3,236,32,236,3,236,172
4,6863,5,5018,33,5018,3,5018,175
4,6876,3,5430,50,5430,192,5430,208
4,6877,3,2034,33,2034,4,2034,182
4,6882,2,5154,45,5154,8,0,0
4,6891,3,486,30,486,171,486,4
4,6900,2,5014,40,5014,32,0,0
4,6907,3,5576,176,5576,177,0,0
4,6918,3,479,30,479,170,479,3
4,6918,4,479,31,479,170,479,3
4,6926,3,1782,34,1782,174,1782,175
4,6930,3,5677,43,5677,36,0,0
4,6934,3,2461,173,2461,4,2461,172
4,6938,4,5462,35,5462,174,5462,5
4,6939,3,1048,38,1048,206,1048,205
4,6939,4,1048,39,1048,206,1048,205
4,6946,2,1426,38,1426,4,0,0
4,6950,4,356,32,356,177,356,30
4,6967,3,3043,3,3043,1,3043,2
4,6975,6,5770,31,5770,3,5770,172
4,6985,3,769,38,769,4,769,174
4,6987,3,3189,3,3189,1,3189,2
4,6995,3,2618,35,2618,31,2618,172
4,6998,4,3323,4,3323,2,3323,1
4,7005,2,1033,31,1033,171,0,0
4,7006,4,3047,5,3047,174,3047,175
4,7007,2,1260,43,1260,39,0,0
4,7015,2,6110,41,6110,30,0,0
4,7015,4,6110,46,6110,30,0,0
4,7027,2,6121,61,6121,34,0,0
4,7031,5,61,34,61,5,61,171
4,7033,2,1701,34,1701,3,0,0
4,7054,3,5031,46,5031,3,0,0
4,7062,3,2278,39,2278,178,2278,30
4,7070,4,573,35,573,4,573,171
4,7071,3,557,176,557,30,557,175
4,7071,4,557,177,557,30,557,175
4,7074,3,6054,33,6054,30,6054,186
4,7083,3,2393,30,2393,4,2393,171
4,7083,4,2393,31,2393,4,2393,171
4,7085,3,2278,42,2278,32,2278,193
4,7109,3,3294,4,3294,3,3294,5
4,7115,2,6053,35,6053,177,0,0
4,7115,3,6053,37,6053,177,0,0
4,7118,3,6626,37,6626,7,6626,180
4,7126,3,1129,189,1129,201,1129,175
4,7149,2,6475,42,6475,170,0,0
4,7156,2,6626,38,6626,8,0,0
4,7158,3,2712,32,2712,170,2712,3
4,7162,3,2566,38,2566,30,2566,174
4,7162,4,2566,39,2566,30,2566,174
4,7181,4,6765,34,6765,7,6765,170
4,7197,3,2151,41,2151,177,2151,7
4,7203,3,3422,3,3422,1,3422,2
4,7203,4,3422,4,3422,1,3422,2
4,7212,4,2529,31,2529,175,2529,30
4,7224,3,5925,176,5925,170,5925,8
4,7226,3,5968,33,5968,5,0,0
4,7226,4,5968,34,5968,5,0,0
4,7239,3,5154,44,5154,33,0,0
4,7239,4,5154,46,5154,33,0,0
4,7247,3,1898,30,1898,3,1898,174
4,7259,2,5065,38,5065,32,0,0
4,7259,3,5065,40,5065,32,0,0
4,7261,3,2655,33,2655,173,2655,30
4,7272,5,3212,5,3212,1,3212,2
4,7276,3,5332,43,5332,32,5332,191
4,7284,2,1679,30,1679,175,0,0
4,7295,3,5430,52,5430,200,5430,173
4,7301,3,2701,208,2701,190,2701,207
4,7301,4,2701,50,2701,190,2701,207
4,7303,3,2629,30,2629,3,2629,170
4,7303,4,2629,31,2629,3,2629,170
4,7305,4,6605,35,6605,190,0,0
4,7314,3,857,31,857,174,0,0
4,7317,3,1722,185,1722,183,0,0
4,7318,2,1547,32,1547,5,0,0
4,7323,5,3328,6,3328,2,3328,1
4,7324,3,2776,31,2776,173,2776,3
4,7324,4,2776,32,2776,173,2776,3
4,7326,2,2642,34,2642,179,0,0
4,7326,3,2642,35,2642,179,0,0
4,7337,2,1947,30,1947,3,0,0
4,7341,4,5814,186,5814,31,0,0
4,7343,2,6577,39,6577,35,0,0
4,7348,5,5646,38,5646,6,5646,183
4,7355,2,311,32,311,3,0,0
4,7355,3,311,33,311,3,0,0
4,7364,4,6845,40,6845,3,0,0
4,7364,5,6845,42,6845,3,0,0
4,7368,4,6275,33,6275,3,6275,173
4,7384,3,6358,41,6358,32,0,0
4,7407,3,5706,40,5706,6,0,0
4,7423,2,6205,41,6205,177,0,0
4,7443,3,2518,176,2518,9,0,0
4,7453,3,556,36,556,174,556,30
4,7461,3,1241,35,1241,33,1241,174
4,7466,5,3155,5,3155,2,3155,1
4,7466,6,3155,6,3155,2,3155,1
4,7472,2,602,35,602,184,0,0
4,7479,3,478,40,478,36,478,179
4,7494,4,5784,37,5784,5,5784,32
4,7501,2,6519,38,6519,30,0,0
4,7501,3,6519,40,6519,30,0,0
4,7512,5,570,36,570,171,570,8
4,7513,3,2240,34,2240,3,0,0
4,7518,3,84,35,84,177,0,0
4,7530,4,5057,47,5057,4,5057,194
4,7532,4,6170,34,6170,171,0,0
4,7542,3,3349,3,3349,1,3349,2
4,7542,4,3349,4,3349,1,3349,2
4,7549,3,5969,34,5969,5,5969,174
4,7552,3,3156,3,3156,2,3156,1
4,7552,4,3156,4,3156,2,3156,1
4,7558,2,6849,32,6849,5,6849,910
4,7560,3,2240,33,2240,4,2240,171
4,7569,2,5612,37,5612,9,0,0
4,7569,3,5612,41,5612,9,0,0
4,7571,5,2678,40,2678,175,2678,5
4,7576,3,2278,41,2278,182,2278,37
4,7576,4,2278,43,2278,182,2278,37
4,7588,3,3409,3,3409,2,3409,1
4,7588,4,3409,4,3409,2,3409,1
4,7592,2,6635,52,6635,176,0,0
4,7595,4,3204,4,3204,2,3204,1
4,7598,3,6646,40,6646,33,0,0
4,7606,3,5570,200,5570,198,0,0
4,7606,4,5570,201,5570,198,0,0
4,7615,3,6553,30,6553,4,6553,172
4,7617,4,5548,38,5548,9,5548,4
4,7619,2,5548,37,5548,11,0,0
4,7624,2,6740,35,6740,4,0,0
4,7631,2,6366,31,6366,4,0,0
4,7631,3,6366,32,6366,4,0,0
4,7632,2,5170,185,5170,184,0,0
4,7639,3,5350,39,5350,31,5350,181
4,7640,2,1670,35,1670,30,0,0
4,7640,3,1670,36,1670,30,0,0
4,7643,3,1285,33,1285,4,1285,172
4,7645,2,674,31,674,171,0,0
4,7648,2,5942,174,5942,8,0,0
4,7648,3,5942,38,5942,8,0,0
4,7667,2,6800,38,6800,37,0,0
4,7668,4,3115,4,3115,2,3115,1
4,7679,2,2330,32,2330,171,0,0
4,7681,4,6626,36,6626,4,6626,171
4,7687,5,6179,38,6179,170,6179,3
4,7687,6,6179,41,6179,170,6179,3
4,7694,3,6115,54,6115,176,6115,197
4,7697,3,5835,181,5835,184,5835,187
4,7710,4,649,33,649,30,649,171
4,7715,4,1621,32,1621,3,1621,171
4,7719,3,1928,30,1928,171,0,0
4,7729,3,2271,35,2271,3,2271,170
4,7731,3,2012,34,2012,31,2012,172
4,7756,3,5,33,5,5,5,177
4,7758,3,760,176,760,174,0,0
4,7758,4,760,30,760,174,0,0
4,7764,3,2271,34,2271,5,2271,175
4,7777,3,3310,3,3310,2,0,0
4,7795,3,6849,31,6849,188,6849,2
4,7795,4,6849,33,6849,188,6849,2
4,7810,3,5503,32,5503,174,5503,30
4,7814,2,5749,47,5749,36,0,0
4,7816,4,5926,36,5926,171,5926,3
4,7819,4,6864,35,6864,3,6864,173
4,7831,3,3161,3,3161,1,3161,2
4,7836,3,3227,3,3227,2,3227,1
4,7836,4,3227,4,3227,2,3227,1
4,7848,3,5332,187,5332,31,5332,193
4,7848,4,5332,41,5332,31,5332,193
4,7853,4,5332,42,5332,188,5332,30
4,7861,4,6040,36,6040,8,6040,177
4,7870,2,674,30,674,5,0,0
4,7881,2,2032,40,2032,922,2032,177
4,7881,3,2032,41,2032,922,2032,177
4,7903,3,5835,36,5835,35,0,0
4,7913,3,2852,52,2852,30,2852,184
4,7913,4,2852,54,2852,30,2852,184
4,7940,2,3407,3,3407,1,0,0
4,7940,4,3407,4,3407,1,0,0
4,7953,2,6121,57,6121,180,0,0
4,7954,3,6698,33,6698,4,6698,173
4,7955,4,18,41,18,185,18,204
4,7957,2,5812,53,5812,34,0,0
4,7957,4,5812,60,5812,34,0,0
4,7960,2,6485,42,6485,5,0,0
4,7981,3,60,36,60,32,60,181
4,7981,4,60,37,60,32,60,181
4,7987,2,608,186,608,185,0,0
4,7990,3,6694,32,6694,30,6694,1
4,7991,2,6635,44,6635,9,6635,40
4,8000,2,2019,32,2019,175,0,0
4,8009,2,5901,40,5901,4,0,0
4,8009,3,5901,43,5901,4,0,0
4,8014,4,607,42,607,174,607,183
4,8016,3,6103,180,6103,5,6103,178
4,8034,2,5495,32,5495,30,0,0
4,8034,3,5495,34,5495,30,0,0
4,8061,3,5015,36,5015,30,5015,184
4,8061,4,5015,177,5015,30,5015,184
4,8065,2,5814,184,5814,5,0,0
4,8065,3,5814,185,5814,5,0,0
4,8098,4,3311,7,3311,2,0,0
4,8104,4,6159,38,6159,30,6159,176
4,8106,5,3063,6,3063,2,3063,1
4,8112,3,1516,30,1516,171,0,0
4,8124,2,6615,36,6615,31,0,0
4,8136,3,6616,183,6616,179,0,0
4,8140,3,1611,33,1611,174,1611,30
4,8140,4,1611,34,1611,174,1611,30
4,8143,3,266,35,266,30,266,173
4,8150,3,6172,180,6172,6,0,0
4,8151,3,404,33,404,174,404,4
4,8151,5,404,35,404,174,404,4
4,8165,3,2201,30,2201,172,2201,3
4,8180,2,2432,53,2432,190,0,0
4,8182,3,3229,3,3229,2,3229,1
4,8182,4,3229,4,3229,2,3229,1
4,8227,3,700,32,700,176,0,0
4,8227,4,700,34,700,176,0,0
4,8233,3,2392,36,2392,173,2392,5
4,8233,4,2392,37,2392,173,2392,5
4,8244,3,1335,56,1335,35,0,0
4,8246,4,3386,4,3386,2,3386,1
4,8278,3,1597,30,1597,3,0,0
4,8278,4,1597,31,1597,3,0,0
4,8323,3,6750,184,6750,183,6750,188
4,8323,4,6750,185,6750,183,6750,188
