CHILDID07,CHILDSN07,PCGID07,PCGSN07,CDSHID07,PCGINST07,PCG68ID07,PCGPN07
41,3,41,2,1,1,2524,172
44,2,44,1,2,1,323,173
72,5,72,2,3,1,5904,176
74,3,74,2,4,1,6088,31
94,3,94,2,5,1,2852,33
108,4,108,2,6,1,1163,172
113,2,113,1,7,1,941,3
117,4,117,2,8,1,96,3
123,3,123,2,9,1,250,3
127,3,127,2,10,1,5678,172
127,5,127,2,10,1,5678,172
131,2,131,1,11,1,1167,33
131,3,131,1,11,1,1167,33
132,2,132,1,12,1,419,30
134,3,134,2,13,1,2248,172
134,4,134,2,13,1,2248,172
142,2,142,1,14,1,2875,7
142,3,142,1,14,1,2875,7
145,4,145,2,15,1,2311,172
148,3,148,2,16,1,4,173
150,3,150,2,17,1,6765,5
161,2,161,1,18,1,138,31
161,3,161,1,18,1,138,31
171,2,171,1,19,1,5863,33
181,4,181,2,20,1,50,171
183,3,183,1,21,1,6839,9
195,3,195,2,22,1,863,7
196,3,196,2,23,1,4,31
196,4,196,2,23,1,4,31
204,2,204,1,24,1,544,21
221,3,221,2,25,1,1917,5
235,2,235,1,26,1,6127,33
239,2,239,1,27,1,5464,2
244,3,244,2,28,1,1000,4
253,2,253,1,29,1,5170,7
258,3,258,2,30,1,931,30
258,4,258,2,30,1,931,30
259,2,259,1,31,1,5990,31
276,2,276,1,32,1,5171,8
287,3,287,2,33,1,751,30
293,3,293,2,34,1,18,173
298,3,298,1,35,1,2302,173
315,3,315,1,36,1,496,180
316,3,316,2,37,1,1767,180
318,2,318,1,38,1,2061,2
320,6,1692,1,247,1,6166,50
336,3,336,1,40,1,3345,1
336,5,336,1,40,1,3345,1
344,3,344,2,41,1,6200,10
359,3,359,2,42,1,941,186
380,3,380,2,43,1,941,31
380,4,380,2,43,1,941,31
386,2,386,1,44,1,6166,33
393,2,393,1,45,1,1168,8
397,3,397,2,46,1,1045,30
399,3,399,2,47,1,817,170
445,3,445,2,48,1,2237,172
450,3,450,2,49,1,673,30
464,3,464,2,50,1,922,5
466,2,466,1,51,1,5904,37
468,3,468,2,52,1,750,173
485,3,485,2,53,1,356,3
486,3,486,2,54,1,495,33
486,4,486,2,54,1,495,33
494,5,494,2,55,1,6560,170
502,2,320,2,39,1,6166,11
507,3,507,1,56,1,5612,183
507,4,507,1,56,1,5612,183
514,3,514,2,57,1,50,5
514,4,514,2,57,1,50,5
515,2,515,1,58,1,419,31
515,3,515,1,58,1,419,31
516,4,516,2,59,1,2280,172
525,3,525,2,60,1,1634,172
525,4,525,2,60,1,1634,172
537,3,537,2,61,1,1915,171
540,3,540,2,62,1,2860,6
540,4,540,2,62,1,2860,6
543,3,543,2,63,1,5055,178
546,3,546,2,64,1,68,175
551,2,551,1,65,1,6396,3
551,3,551,1,65,1,6396,3
566,3,566,2,66,1,6030,7
566,5,566,2,66,1,6030,7
570,2,570,1,67,1,6820,173
613,3,613,2,68,1,1351,174
613,4,613,2,68,1,1351,174
614,3,614,2,69,1,323,4
614,4,614,2,69,1,323,4
616,3,616,2,70,1,6358,170
622,3,622,1,71,1,1919,175
622,4,622,1,71,1,1919,175
650,3,650,2,72,1,3147,2
653,3,653,2,73,1,5182,33
653,4,653,2,73,1,5182,33
660,3,660,2,74,1,3159,2
660,4,660,2,74,1,3159,2
676,3,676,2,75,1,5182,182
676,4,676,2,75,1,5182,182
683,3,683,2,76,1,1066,30
691,3,691,2,77,1,3333,2
709,3,709,2,78,1,1915,5
712,4,712,2,79,1,2302,11
712,5,712,2,79,1,2302,11
732,3,732,1,80,1,40,173
745,3,745,2,81,1,1591,172
745,4,745,2,81,1,1591,172
751,3,751,2,82,1,45,179
758,3,758,2,83,1,319,3
759,3,759,2,84,1,1978,171
773,4,773,2,85,1,656,4
774,4,774,2,86,1,1242,177
777,4,777,2,87,1,2876,30
778,2,778,1,88,1,6066,5
778,3,778,1,88,1,6066,5
779,3,779,2,89,1,1841,3
779,4,779,2,89,1,1841,3
784,3,784,2,90,1,2302,32
787,3,787,1,91,1,5663,34
788,3,788,2,92,1,495,30
793,3,793,2,93,1,751,31
793,4,793,2,93,1,751,31
797,3,797,2,94,1,5526,10
808,4,808,2,95,1,1935,4
811,2,811,1,96,1,5065,36
823,4,823,2,97,1,2461,174
823,5,823,2,97,1,2461,174
827,3,827,2,98,1,2532,3
828,2,828,1,99,1,5464,170
829,3,829,1,100,1,2260,172
841,3,841,2,101,1,2198,173
841,4,841,2,101,1,2198,173
845,5,845,3,102,1,686,33
856,4,856,2,103,1,6060,3
860,3,860,2,104,1,634,7
863,3,863,2,105,1,840,190
867,4,867,1,106,1,1303,4
867,5,867,1,106,1,1303,4
872,3,872,2,107,1,5965,182
872,4,872,2,107,1,5965,182
873,2,873,71,108,1,1098,175
873,3,873,71,108,1,1098,175
874,3,874,2,109,1,2524,171
877,2,877,1,110,1,6571,176
877,3,877,1,110,1,6571,176
884,3,884,2,111,1,2590,30
884,4,884,2,111,1,2590,30
892,3,0,0,1246,1,5995,1
893,2,893,1,112,1,1628,4
893,3,893,1,112,1,1628,4
904,3,904,2,113,1,7,175
907,3,907,1,114,1,711,3
909,3,909,2,115,1,5182,30
909,4,909,2,115,1,5182,30
915,3,915,2,116,1,117,30
915,4,915,2,116,1,117,30
925,3,925,2,117,1,2176,175
933,5,933,1,118,1,818,171
938,3,938,2,119,1,5663,7
939,4,939,1,120,1,1908,174
940,3,940,2,121,1,18,31
940,4,940,2,121,1,18,31
941,4,941,2,122,1,6736,5
960,2,960,1,123,1,5771,170
970,2,970,1,124,1,5995,6
984,2,984,1,125,1,5395,5
993,2,993,1,126,1,5904,33
993,3,993,1,126,1,5904,33
996,4,996,2,127,1,1542,5
1000,3,1000,2,128,1,1163,173
1006,4,1006,1,129,1,1368,172
1012,3,1012,2,130,1,1645,4
1012,4,1012,2,130,1,1645,4
1019,2,1019,1,131,1,6710,31
1024,3,1024,1,132,1,1498,175
1036,3,1036,2,133,1,1068,30
1039,3,1039,2,134,1,5994,6
1040,2,1040,1,135,1,5635,3
1043,3,1043,2,136,1,2486,31
1052,3,1052,2,137,1,6107,30
1053,3,1053,1,138,1,1954,170
1055,3,1055,2,139,1,343,171
1055,4,1055,2,139,1,343,171
1060,3,1060,2,140,1,844,172
1072,2,1072,1,141,1,1096,174
1076,3,1076,2,142,1,1695,11
1087,3,1087,2,143,1,5834,185
1093,3,1093,1,144,1,5363,4
1096,3,1096,2,145,1,374,5
1098,3,1098,2,146,1,2410,30
1103,3,1103,2,147,1,1048,6
1112,3,1112,2,148,1,2137,174
1113,4,1113,2,149,1,2047,5
1114,3,1114,2,150,1,344,178
1117,2,1117,1,151,1,6655,2
1117,3,1117,1,151,1,6655,2
1124,3,1124,2,152,1,5061,4
1136,2,1136,1,153,1,5065,186
1143,4,1143,2,154,1,5539,3
1146,4,1146,1,155,1,6785,7
1146,5,1146,1,155,1,6785,7
1160,8,1160,2,156,1,6205,5
1160,9,1160,2,156,1,6205,5
1168,3,1168,2,157,1,220,170
1171,3,1171,2,158,1,5219,195
1171,5,1171,2,158,1,5219,195
1173,3,1173,2,159,1,2297,174
1175,2,1175,1,160,1,2028,30
1177,3,1177,2,161,1,1905,173
1186,3,1186,1,162,1,5635,2
1191,2,1191,1,163,1,6605,12
1191,3,1191,1,163,1,6605,12
1193,2,1193,1,164,1,5995,30
1193,3,1193,1,164,1,5995,30
1198,2,1198,1,165,1,5526,16
1207,4,1207,2,166,1,2852,6
1207,6,1207,2,166,1,2852,6
1212,2,1212,1,167,1,2851,5
1212,3,1212,1,167,1,2851,5
1214,3,1214,2,168,1,39,174
1216,3,1216,2,169,1,699,174
1216,4,1216,2,169,1,699,174
1233,3,1233,2,170,1,280,172
1242,3,1242,1,171,1,6413,35
1248,3,1248,2,172,1,3090,2
1267,2,1267,1,173,1,6736,30
1268,3,1268,2,174,1,5991,2
1268,4,1268,2,174,1,5991,2
1271,3,1271,2,175,1,1121,175
1273,2,1273,1,176,1,1914,30
1276,3,1276,2,177,1,173,5
1279,3,1279,2,178,1,626,34
1279,4,1279,2,178,1,626,34
1297,4,1297,2,179,1,2238,170
1300,3,1300,2,180,1,3179,3
1300,5,1300,2,180,1,3179,3
1307,3,1307,2,181,1,2848,30
1307,4,1307,2,181,1,2848,30
1312,3,1312,2,182,1,3151,2
1315,3,1315,2,183,1,6413,10
1321,2,1321,1,184,1,6840,30
1322,2,1322,6,185,1,6110,171
1322,3,1322,6,185,1,6110,171
1327,3,1327,1,186,1,6166,6
1347,3,1347,2,187,1,90,3
1347,4,1347,2,187,1,90,3
1351,2,1351,1,188,1,1242,6
1351,3,1351,1,188,1,1242,6
1355,2,1355,1,189,1,1722,33
1358,3,1358,2,190,1,3094,2
1358,4,1358,2,190,1,3094,2
1360,3,1360,1,191,1,6735,8
1362,4,1362,1,192,1,2083,174
1366,3,1366,2,193,1,2726,3
1366,4,1366,2,193,1,2726,3
1376,2,1376,1,194,1,2848,10
1376,3,1376,1,194,1,2848,10
1381,2,1381,1,195,1,840,38
1384,3,1384,2,196,1,2714,191
1395,4,1395,1,197,1,5995,170
1398,4,1398,2,198,1,1125,172
1400,3,1400,2,199,1,620,4
1402,2,1402,1,200,1,2443,170
1403,3,1403,2,201,1,2490,31
1405,3,1405,2,202,1,3404,2
1405,4,1405,2,202,1,3404,2
1411,2,1411,1,203,1,7,30
1411,4,1411,1,203,1,7,30
1419,5,1419,2,204,1,769,3
1425,2,1425,1,205,1,707,171
1425,3,1425,1,205,1,707,171
1437,2,1437,1,206,1,5065,34
1437,5,1437,1,206,1,5065,34
1441,3,1441,2,207,1,868,181
1451,2,1451,1,208,1,880,174
1465,3,1465,2,209,1,1695,10
1467,3,1467,2,210,1,783,171
1470,2,1470,1,211,1,3033,1
1472,3,1472,2,212,1,173,4
1472,4,1472,2,212,1,173,4
1473,3,1473,2,213,1,2714,179
1475,3,1475,2,214,1,1142,171
1475,4,1475,2,214,1,1142,171
1484,3,1484,2,215,1,634,6
1488,3,1488,2,216,1,961,4
1516,2,1516,1,217,1,6765,4
1516,3,1516,1,217,1,6765,4
1517,3,1517,2,218,1,2055,181
1528,3,1528,2,219,1,47,4
1530,2,1530,4,220,1,6030,182
1546,3,1546,2,221,1,51,30
1547,3,1547,2,222,1,3416,2
1555,3,1555,2,223,1,5120,178
1560,5,1560,2,224,1,2435,175
1561,2,1561,1,225,1,5375,170
1562,2,0,0,1247,1,105,912
1570,2,1570,1,226,1,1762,32
1570,3,1570,1,226,1,1762,32
1571,3,1571,1,227,1,5664,3
1585,2,1585,1,228,1,354,171
1591,2,1591,1,229,1,1782,30
1591,3,1591,1,229,1,1782,30
1593,2,132,1,12,1,419,30
1595,2,1595,1,230,1,2128,30
1595,3,1595,1,230,1,2128,30
1597,2,1597,1,231,1,6857,199
1601,2,1601,1,232,1,5990,4
1602,2,1602,1,233,1,1918,4
1617,2,1617,1,234,1,5066,180
1621,4,1621,2,235,1,129,35
1635,3,1635,2,236,1,893,170
1635,4,1635,2,236,1,893,170
1637,2,1637,1,237,1,5395,7
1644,3,1644,2,238,1,1038,173
1646,3,1646,2,239,1,2177,5
1646,4,1646,2,239,1,2177,5
1649,2,1649,1,240,1,2083,171
1654,3,1654,2,241,1,2593,170
1670,3,1670,2,242,1,2849,3
1671,2,1671,1,243,1,702,30
1676,3,1676,2,244,1,5987,188
1676,4,1676,2,244,1,5987,188
1685,3,1685,2,245,1,1905,172
1687,2,1687,1,246,1,3027,1
1692,2,1692,1,247,1,6166,50
1702,2,1702,1,248,1,2461,171
1709,2,1709,1,249,1,452,30
1712,3,1712,2,250,1,2054,3
1712,4,1712,2,250,1,2054,3
1714,3,1714,2,251,1,713,183
1735,5,1735,2,252,1,729,188
1735,6,1735,2,252,1,729,188
1738,3,1738,2,253,1,517,2
1747,2,1747,1,254,1,5501,32
1747,3,1747,1,254,1,5501,32
1748,2,1748,1,255,1,5885,174
1755,2,1755,1,256,1,2272,3
1759,3,1759,2,257,1,1522,8
1776,3,1776,2,258,1,582,174
1785,2,1785,1,259,1,5314,30
1785,3,1785,1,259,1,5314,30
1797,3,1797,2,260,1,3348,5
1804,2,1804,1,261,1,5863,31
1804,3,1804,1,261,1,5863,31
1819,3,1819,2,262,1,1152,176
1827,3,1827,2,263,1,1411,31
1829,3,1829,2,264,1,5442,31
1850,3,1850,1,265,1,327,31
1867,2,1867,1,266,1,1945,30
1868,3,1868,2,267,1,195,170
1868,4,1868,2,267,1,195,170
1871,3,1871,1,268,1,633,30
1871,4,1871,1,268,1,633,30
1876,4,1876,2,269,1,5292,32
1883,4,1883,2,270,1,452,177
1884,4,1884,2,271,1,1242,176
1886,2,1886,1,272,1,5871,172
1898,2,1898,1,273,1,1167,30
1898,3,1898,1,273,1,1167,30
1909,2,1909,1,274,1,5539,188
1915,3,1915,2,275,1,1434,32
1916,2,1916,1,276,1,2867,31
1938,4,1938,2,277,1,433,175
1938,5,1938,2,277,1,433,175
1942,3,1942,2,278,1,2847,31
1944,4,1944,2,279,1,769,173
1951,3,1951,2,280,1,1947,171
1951,4,1951,2,280,1,1947,171
1956,4,1956,2,281,1,750,174
1971,3,1971,2,282,1,709,34
1982,4,1982,2,283,1,2530,4
1983,2,1983,1,284,1,5537,3
1984,3,1984,2,285,1,6112,173
1984,4,1984,2,285,1,6112,173
1990,3,1990,2,286,1,2053,4
1992,3,1992,2,287,1,2869,30
1994,3,1994,1,288,1,5539,6
2032,3,2032,1,289,1,1383,174
2032,4,2032,1,289,1,1383,174
2037,3,2037,2,290,1,1867,3
2040,3,2040,1,291,1,5142,4
2044,3,2044,2,292,1,1784,5
2044,5,2044,2,292,1,1784,5
2053,3,2053,2,293,1,856,5
2053,4,2053,2,293,1,856,5
2054,4,2054,2,294,1,2353,171
2056,3,2056,1,295,1,5900,5
2061,4,2061,2,296,1,355,171
2062,4,2062,1,297,1,5683,8
2064,2,2064,1,298,1,172,34
2065,2,2065,1,299,1,5170,30
2067,3,2067,2,300,1,5897,5
2069,4,2069,2,301,1,2095,177
2078,3,2078,2,302,1,3109,2
2087,3,2087,2,303,1,5463,5
2093,4,2093,2,304,1,2196,30
2093,5,2093,2,304,1,2196,30
2102,2,2102,1,305,1,6166,14
2105,4,2105,2,306,1,2109,2
2109,3,2109,2,307,1,2464,171
2112,3,2112,2,308,1,6736,184
2114,6,2114,1,309,1,5547,9
2114,7,2114,1,309,1,5547,9
2116,2,2116,1,310,1,2238,172
2139,3,2139,2,311,1,961,3
2139,4,2139,2,311,1,961,3
2149,4,2149,2,312,1,2852,172
2157,4,2157,1,313,1,5560,30
2157,5,2157,1,313,1,5560,30
2162,2,2162,1,314,1,6635,32
2170,3,2170,2,315,1,6166,44
2172,3,2172,2,316,1,1107,175
2172,4,2172,2,316,1,1107,175
2180,3,2180,2,317,1,47,32
2190,3,2190,2,318,1,1654,3
2192,3,2192,2,319,1,2181,30
2198,3,2198,2,320,1,5613,8
2199,3,2199,2,321,1,40,182
2206,3,2206,2,322,1,750,170
2208,2,2208,1,323,1,7,177
2208,3,2208,1,323,1,7,177
2214,4,2214,2,324,1,122,173
2216,2,2216,1,325,1,5314,172
2216,3,2216,1,325,1,5314,172
2222,2,2222,1,326,1,1460,8
2223,2,2223,1,327,1,729,30
2223,3,2223,1,327,1,729,30
2226,2,2226,1,328,1,5614,31
2229,4,2229,2,329,1,1399,175
2247,3,2247,1,330,1,6626,6
2250,3,2250,2,331,1,1274,3
2255,2,2255,1,332,1,5069,31
2266,4,2266,1,333,1,5446,170
2271,3,2271,2,334,1,2435,7
2277,3,2277,2,335,1,946,172
2291,2,2291,1,336,1,5458,32
2305,3,2305,1,337,1,1962,176
2310,3,2310,2,338,1,2117,6
2310,4,2310,2,338,1,2117,6
2324,2,2324,1,339,1,1505,4
2334,2,2334,1,340,1,5052,33
2334,3,2334,1,340,1,5052,33
2346,3,2346,2,341,1,1568,32
2347,4,2347,2,342,1,1624,3
2348,3,2348,2,343,1,5916,8
2351,2,2351,1,344,1,1571,32
2353,3,2353,2,345,1,853,3
2356,3,2356,2,346,1,1807,30
2357,4,2357,2,347,1,1167,32
2360,2,2360,1,348,1,1571,176
2370,3,2370,2,349,1,548,183
2370,4,2370,2,349,1,548,183
2371,3,2371,1,350,1,2701,33
2371,4,2371,1,350,1,2701,33
2372,3,2372,2,351,1,3019,2
2386,3,2386,2,352,1,3233,2
2389,2,2389,1,353,1,5479,30
2406,3,2406,2,354,1,6793,33
2407,3,2407,2,355,1,620,6
2407,4,2407,2,355,1,620,6
2408,3,2408,2,356,1,915,172
2411,3,2411,1,357,1,5424,30
2417,2,2417,1,358,1,964,173
2419,2,2419,1,359,1,2848,33
2425,1,2406,2,354,1,6793,33
2425,2,2406,2,354,1,6793,33
2426,3,2426,2,360,1,999,170
2427,3,2427,2,361,1,1698,4
2431,3,2431,2,362,1,228,5
2439,4,2439,2,363,1,3221,2
2440,3,2440,2,364,1,2304,4
2440,4,2440,2,364,1,2304,4
2450,3,2450,2,365,1,3238,2
2458,3,2458,1,366,1,5922,38
2473,4,2473,2,367,1,5379,174
2474,3,2474,2,368,1,6127,178
2503,3,2503,2,369,1,2418,173
2504,3,2504,2,370,1,563,32
2504,4,2504,2,370,1,563,32
2514,3,2514,2,371,1,1798,191
2524,6,2524,2,372,1,5614,170
2532,4,2532,1,373,1,257,174
2533,2,2533,1,374,1,5922,7
2555,2,2555,1,375,1,6152,2
2565,2,2565,1,376,1,6588,36
2569,3,2569,2,377,1,1690,170
2570,2,2570,1,378,1,2516,4
2572,2,2572,1,379,1,1315,5
2572,3,2572,1,379,1,1315,5
2579,3,2579,2,380,1,625,5
2581,3,2581,2,381,1,368,170
2586,3,2586,2,382,1,6765,6
2590,3,2590,2,383,1,833,178
2603,3,2603,2,384,1,2302,201
2605,4,2605,1,385,1,5628,6
2606,3,2606,1,386,1,846,6
2617,3,2617,1,387,1,5057,15
2651,3,2651,2,388,1,257,30
2668,3,2668,2,389,1,14,3
2668,4,2668,2,389,1,14,3
2669,4,2669,2,390,1,5801,30
2670,2,2670,1,391,1,1043,8
2670,3,2670,1,391,1,1043,8
2676,3,2676,2,392,1,2175,171
2676,4,2676,2,392,1,2175,171
2681,3,2681,2,393,1,2210,30
2681,4,2681,2,393,1,2210,30
2682,2,2682,1,394,1,5430,30
2682,3,2682,1,394,1,5430,30
2688,3,2688,2,395,1,5425,3
2688,4,2688,2,395,1,5425,3
2690,2,2690,1,396,1,5133,31
2690,3,2690,1,396,1,5133,31
2696,3,2696,2,397,1,3010,2
2708,3,2708,1,398,1,6664,177
2708,4,2708,1,398,1,6664,177
2714,2,2714,1,399,1,1571,30
2714,3,2714,1,399,1,1571,30
2721,3,2721,1,400,1,2409,171
2730,3,2730,2,401,1,6635,171
2738,4,2738,1,402,1,3117,1
2749,2,2749,1,403,1,5048,30
2749,4,2749,1,403,1,5048,30
2750,4,2750,2,404,1,2427,171
2753,4,2753,1,405,1,2432,35
2753,5,2753,1,405,1,2432,35
2763,5,2763,2,406,1,1258,172
2772,3,2772,2,407,1,1540,177
2774,3,2774,1,408,1,913,5
2784,5,2784,2,409,1,2615,7
2792,3,2792,2,410,1,2835,4
2792,4,2792,2,410,1,2835,4
2795,3,2795,2,411,1,432,172
2798,3,2798,2,412,1,5443,7
2813,4,2813,2,413,1,1407,172
2814,3,2814,2,414,1,2030,175
2816,3,2816,2,415,1,5458,3
2826,2,2826,1,416,1,433,8
2831,2,2831,1,417,1,22,173
2844,4,2844,2,418,1,1522,10
2844,5,2844,2,418,1,1522,10
2845,2,2845,1,419,1,5366,32
2861,3,2861,2,420,1,2880,5
2861,4,2861,2,420,1,2880,5
2862,2,2862,1,421,1,5363,30
2864,4,2864,2,422,1,1613,7
2864,5,2864,2,422,1,1613,7
2882,4,2882,2,423,1,2672,5
2886,3,2886,2,424,1,121,7
2888,2,2888,1,425,1,99,171
2888,3,2888,1,425,1,99,171
2896,2,2896,1,426,1,2688,31
2900,3,2900,2,427,1,717,176
2902,3,2902,2,428,1,1258,3
2902,4,2902,2,428,1,1258,3
2904,3,2904,1,429,1,2799,5
2904,4,2904,1,429,1,2799,5
2909,3,2909,2,430,1,1612,170
2916,2,2916,1,431,1,5464,184
2916,3,2916,1,431,1,5464,184
2918,5,2918,2,432,1,6801,3
2923,3,2923,2,433,1,6210,179
2925,2,2925,1,434,1,5683,182
2928,2,2928,1,435,1,2682,5
2928,3,2928,1,435,1,2682,5
2932,3,2932,1,436,1,1775,5
2940,3,2940,2,437,1,2727,171
2942,3,2942,2,438,1,5570,203
2957,2,2957,1,439,1,2436,174
2967,3,2967,2,440,1,128,172
2967,4,2967,2,440,1,128,172
2969,3,2969,2,441,1,2432,33
2969,4,2969,2,441,1,2432,33
2973,3,2973,2,442,1,2067,188
2974,2,2974,1,443,1,5057,190
2982,3,2982,2,444,1,709,7
2982,4,2982,2,444,1,709,7
2988,3,2988,2,445,1,6200,11
2988,4,2988,2,445,1,6200,11
2995,3,2995,2,446,1,5048,35
2996,5,2996,2,447,1,1841,171
2998,3,2998,2,448,1,486,170
3002,3,3002,2,449,1,178,171
3009,3,3009,2,450,1,2893,3
3017,3,3017,2,451,1,834,174
3017,4,3017,2,451,1,834,174
3019,4,3019,2,452,1,2277,8
3023,3,3023,2,453,1,350,3
3023,4,3023,2,453,1,350,3
3028,4,3028,2,454,1,2590,32
3040,3,3040,1,455,1,2916,30
3040,4,3040,1,455,1,2916,30
3042,2,3042,1,456,1,6854,4
3043,2,0,0,1248,1,1690,174
3043,3,0,0,1248,1,1690,174
3048,4,3048,3,457,1,5613,172
3053,3,3053,1,458,1,935,4
3070,3,3070,1,459,1,6370,186
3087,3,3087,1,460,1,1954,172
3089,3,3089,2,461,1,2125,6
3099,3,3099,2,462,1,1627,30
3104,3,3104,2,463,1,5560,35
3107,3,3107,2,464,1,2280,173
3107,4,3107,2,464,1,2280,173
3113,2,3113,1,465,1,2881,32
3122,3,3122,2,466,1,263,31
3128,2,3128,1,467,1,6539,170
3129,4,3129,2,468,1,3223,2
3130,3,3130,1,469,1,2177,177
3132,3,3132,2,470,1,706,5
3135,3,3135,2,471,1,1955,170
3138,4,3138,2,472,1,1335,175
3140,3,3140,2,473,1,2285,175
3140,4,3140,2,473,1,2285,175
3145,4,3145,2,474,1,1485,3
3146,2,3146,1,475,1,6361,6
3155,4,3155,2,476,1,2416,6
3156,3,3156,2,477,1,1127,172
3159,2,3159,1,478,1,1060,31
3172,3,3172,2,479,1,1142,3
3172,4,3172,2,479,1,1142,3
3173,4,3173,2,480,1,2030,6
3182,4,3182,1,481,1,6335,4
3182,5,3182,1,481,1,6335,4
3183,3,3183,2,482,1,1233,30
3183,4,3183,2,482,1,1233,30
3190,2,3190,1,483,1,5241,30
3197,3,3197,2,484,1,2138,30
3200,2,3200,1,485,1,6706,176
3200,3,3200,1,485,1,6706,176
3208,2,3208,1,486,1,6370,31
3208,3,3208,1,486,1,6370,31
3227,3,3227,2,487,1,5898,3
3240,3,3240,2,488,1,2352,170
3240,4,3240,2,488,1,2352,170
3244,3,3244,2,489,1,1055,172
3253,3,3253,2,490,1,2323,31
3253,4,3253,2,490,1,2323,31
3254,3,3254,2,491,1,2509,3
3254,4,3254,2,491,1,2509,3
3255,3,3255,1,492,1,2129,183
3257,3,3257,2,493,1,6485,30
3260,3,3260,2,494,1,863,6
3260,4,3260,2,494,1,863,6
3261,4,3261,2,495,1,2355,174
3261,5,3261,2,495,1,2355,174
3276,4,3276,2,496,1,1762,6
3284,6,3284,1,497,1,6150,4
3286,2,3286,1,498,1,5393,171
3287,4,3287,2,499,1,1542,6
3289,3,3289,2,500,1,2895,30
3289,4,3289,2,500,1,2895,30
3292,3,3292,2,501,1,2240,30
3299,3,3299,2,502,1,1542,7
3299,4,3299,2,502,1,1542,7
3303,4,3303,2,503,1,976,172
3317,4,3317,2,504,1,998,170
3317,5,3317,2,504,1,998,170
3320,3,3320,2,505,1,2822,175
3328,4,3328,2,506,1,2106,171
3334,3,3334,2,507,1,2237,171
3336,3,3336,2,508,1,1315,30
3336,5,3336,2,508,1,1315,30
3348,3,3348,2,509,1,565,4
3348,4,3348,2,509,1,565,4
3354,2,3354,1,510,1,728,30
3357,4,3357,2,511,1,47,31
3368,6,3368,4,512,1,3110,170
3371,2,3371,1,513,1,1692,31
3379,3,3379,1,514,1,3194,1
3383,3,3383,1,515,1,5417,4
3383,4,3383,1,515,1,5417,4
3389,4,3389,2,516,1,2219,170
3391,6,3391,2,517,1,3225,2
3395,3,3395,2,518,1,1682,4
3396,2,3396,1,519,1,6853,3
3408,3,3408,2,520,1,121,173
3412,3,3412,2,521,1,6801,170
3415,4,3415,2,522,1,1092,3
3425,3,3425,2,523,1,652,173
3426,3,3426,2,524,1,1468,5
3434,3,3434,1,525,1,6684,4
3440,3,3440,2,526,1,1775,6
3440,4,3440,2,526,1,1775,6
3448,3,3448,2,527,1,1126,30
3448,4,3448,2,527,1,1126,30
3451,3,3451,2,528,1,3232,2
3454,3,3454,2,529,1,459,170
3461,3,3461,2,530,1,556,177
3463,3,3463,2,531,1,563,183
3463,4,3463,2,531,1,563,183
3465,3,3465,2,532,1,1648,172
3465,4,3465,2,532,1,1648,172
3466,3,3466,2,533,1,106,173
3466,4,3466,2,533,1,106,173
3468,3,3468,2,534,1,89,31
3471,4,3471,1,535,1,1690,30
3472,3,3472,2,536,1,613,5
3476,3,3476,2,537,1,563,40
3485,3,3485,2,538,1,1919,173
3493,3,3493,2,539,1,2080,170
3494,3,3494,2,540,1,868,6
3494,4,3494,2,540,1,868,6
3498,3,3498,1,541,1,6832,3
3500,3,3500,2,542,1,691,176
3502,2,3502,1,543,1,5820,7
3502,3,3502,1,543,1,5820,7
3504,3,3504,2,544,1,2509,177
3506,4,3506,2,545,1,2175,170
3510,2,3510,1,546,1,6724,8
3510,3,3510,1,546,1,6724,8
3547,3,3547,1,547,1,3163,2
3559,3,3559,2,548,1,2473,170
3565,2,3565,1,549,1,6053,31
3567,3,3567,2,550,1,1258,171
3567,4,3567,2,550,1,1258,171
3574,4,3574,2,551,1,2485,173
3574,5,3574,2,551,1,2485,173
3576,4,3576,2,552,1,3365,2
3580,3,3580,2,553,1,6166,40
3584,4,3584,2,554,1,2576,3
3587,3,3587,2,555,1,775,172
3588,4,3588,3,556,1,3356,3
3595,3,3595,2,557,1,465,30
3597,4,3597,2,558,1,3196,2
3605,2,3605,1,559,1,6832,33
3605,3,3605,1,559,1,6832,33
3606,3,3606,2,560,1,2510,171
3606,4,3606,2,560,1,2510,171
3608,3,3608,2,561,1,6546,182
3614,2,3614,1,562,1,6145,32
3628,3,3628,1,563,1,636,3
3629,5,3629,1,564,1,6516,176
3636,6,3636,2,565,1,3369,2
3643,2,3643,1,566,1,2108,5
3643,3,3643,1,566,1,2108,5
3646,3,3646,1,567,1,478,4
3654,2,3654,1,568,1,6231,31
3656,3,3656,2,569,1,53,217
3671,2,3671,1,570,1,5136,11
3671,3,3671,1,570,1,5136,11
3677,3,3677,2,571,1,53,191
3678,3,3678,2,572,1,1893,174
3678,4,3678,2,572,1,1893,174
3684,3,3684,2,573,1,2059,176
3689,5,3689,2,574,1,2188,5
3692,3,3692,1,575,1,846,7
3698,3,3698,2,576,1,652,3
3719,4,3719,2,577,1,2277,181
3719,5,3719,2,577,1,2277,181
3721,6,3721,2,578,1,3200,2
3731,4,3731,2,579,1,1093,3
3737,3,3737,2,580,1,1468,6
3760,3,3760,2,581,1,1763,185
3760,4,3760,2,581,1,1763,185
3761,2,3761,1,582,1,1799,6
3761,3,3761,1,582,1,1799,6
3777,4,3777,2,583,1,2410,3
3778,4,3778,1,584,1,5493,7
3804,3,3804,2,585,1,2501,178
3804,4,3804,2,585,1,2501,178
3827,3,3827,2,586,1,2656,171
3839,3,3839,2,587,1,221,171
3850,4,3850,2,588,1,5653,177
3866,3,3866,1,589,1,5900,174
3888,3,3888,2,590,1,3378,2
3893,3,3893,2,591,1,6545,7
3899,3,3899,2,592,1,6231,33
3909,2,3909,1,593,1,5393,181
3911,3,3911,2,594,1,6822,174
3912,3,3912,2,595,1,6073,31
3918,2,3918,1,596,1,5676,176
3923,4,3923,2,597,1,656,5
3926,3,3926,2,598,1,6583,30
3926,4,3926,2,598,1,6583,30
3931,3,3931,2,599,1,1763,6
3936,3,3936,1,600,1,3133,1
3939,2,3939,1,601,1,6212,170
3940,3,3940,2,602,1,3367,2
3940,4,3940,2,602,1,3367,2
3948,4,3948,2,603,1,6327,4
3954,2,3954,1,604,1,5872,31
3960,4,3960,2,605,1,2704,3
3966,5,3966,2,606,1,3375,2
3967,3,3967,2,607,1,3387,2
3969,3,3969,2,608,1,5576,172
3969,4,3969,2,608,1,5576,172
3971,3,3971,2,609,1,428,170
3976,3,3976,2,610,1,6335,31
3979,3,3979,1,611,1,3353,1
3979,4,3979,1,611,1,3353,1
3980,3,3980,1,612,1,6287,33
3980,4,3980,1,612,1,6287,33
3981,4,3981,2,613,1,1397,171
3988,2,3988,1,614,1,5678,30
3988,3,3988,1,614,1,5678,30
3999,3,3999,71,615,1,6830,171
4000,3,4000,2,616,1,692,7
4000,4,4000,2,616,1,692,7
4021,5,4021,2,617,1,1697,41
4031,3,4031,2,618,1,5393,30
4032,4,4032,2,619,1,6200,9
4036,3,4036,2,620,1,455,30
4037,5,4037,2,621,1,1394,3
4041,2,4041,1,622,1,1100,4
4062,3,4062,1,623,1,1475,170
4063,3,4063,2,624,1,2831,4
4066,5,4066,2,625,1,203,5
4070,3,4070,2,626,1,1839,174
4070,5,4070,2,626,1,1839,174
4074,3,4074,2,627,1,3309,2
4074,4,4074,2,627,1,3309,2
4086,2,4086,1,628,1,5706,3
4088,3,4088,2,629,1,6583,199
4088,4,4088,2,629,1,6583,199
4098,3,4098,2,630,1,2599,173
4098,4,4098,2,630,1,2599,173
4101,2,4101,1,631,1,6590,31
4103,3,4103,2,632,1,3368,6
4103,4,4103,2,632,1,3368,6
4126,4,4126,2,633,1,838,3
4128,4,4128,2,634,1,3376,2
4131,3,4131,1,635,1,6522,4
4137,3,4137,2,636,1,713,176
4141,2,4141,1,637,1,6370,172
4143,2,4143,1,638,1,6156,181
4148,2,4148,1,639,1,5872,35
4148,3,4148,1,639,1,5872,35
4152,3,4152,1,640,1,1037,5
4158,2,4158,1,641,1,351,173
4159,3,4159,2,642,1,2897,3
4172,4,4172,2,643,1,1141,2
4172,5,4172,2,643,1,1141,2
4176,3,4176,2,644,1,3096,2
4184,3,4184,2,645,1,1613,176
4194,2,4194,1,646,1,6867,200
4194,3,4194,1,646,1,6867,200
4197,3,4197,2,647,1,90,171
4198,2,4198,1,648,1,6590,10
4200,2,4200,1,649,1,1394,33
4207,2,4207,1,650,1,6370,33
4207,3,4207,1,650,1,6370,33
4209,4,4209,1,651,1,5640,32
4215,3,4215,2,652,1,1644,4
4215,5,4215,2,652,1,1644,4
4217,2,4217,1,653,1,2526,173
4241,3,4241,2,654,1,2412,30
4242,3,4242,1,655,1,5047,3
4242,4,4242,1,655,1,5047,3
4246,4,4246,2,656,1,6418,3
4256,3,4256,2,657,1,725,177
4257,2,4257,1,658,1,6801,187
4263,2,4263,1,659,1,6590,34
4274,4,4274,2,660,1,508,4
4279,2,4279,1,661,1,2485,176
4295,2,4295,1,662,1,833,189
4305,3,4305,2,663,1,1415,4
4312,2,4312,1,664,1,6232,192
4316,2,4316,1,665,1,6607,8
4319,3,4319,2,666,1,1695,34
4321,3,4321,2,667,1,2195,180
4327,2,4327,1,668,1,5610,5
4329,3,4329,2,669,1,2897,176
4333,3,4333,2,670,1,2656,174
4333,4,4333,2,670,1,2656,174
4334,3,4334,2,671,1,6853,30
4344,3,4344,2,672,1,1862,172
4346,2,4346,1,673,1,6494,185
4346,3,4346,1,673,1,6494,185
4347,3,4347,2,674,1,2086,4
4347,4,4347,2,674,1,2086,4
4353,3,4353,2,675,1,922,4
4353,4,4353,2,675,1,922,4
4354,4,4354,2,676,1,6828,3
4361,3,4361,2,677,1,2661,171
4361,4,4361,2,677,1,2661,171
4367,4,4367,2,678,1,2224,184
4367,5,4367,2,678,1,2224,184
4375,4,4375,2,679,1,1411,184
4383,3,4383,2,680,1,722,32
4384,3,4384,2,681,1,2586,172
4395,3,4395,1,682,1,1909,1
4395,4,4395,1,682,1,1909,1
4397,3,4397,2,683,1,2117,3
4397,4,4397,2,683,1,2117,3
4405,2,4405,1,684,1,6086,3
4412,4,4412,2,685,1,5066,6
4414,4,4414,1,686,1,517,170
4422,3,4422,2,687,1,1227,193
4424,3,4424,2,688,1,3360,1
4424,4,4424,2,688,1,3360,1
4429,3,4429,2,689,1,5960,38
4430,3,4430,2,690,1,2012,3
4430,4,4430,2,690,1,2012,3
4455,2,4455,1,691,1,5177,7
4455,3,4455,1,691,1,5177,7
4460,3,4460,2,692,1,200,175
4462,3,4462,2,693,1,5621,177
4465,3,4465,2,694,1,1100,3
4469,4,4469,1,695,1,2061,181
4477,4,4477,2,696,1,1919,9
4477,5,4477,2,696,1,1919,9
4482,3,4482,2,697,1,5573,8
4487,2,4487,1,698,1,5299,32
4491,3,4491,1,699,1,6161,7
4504,4,4504,2,700,1,3176,2
4504,5,4504,2,700,1,3176,2
4505,2,4505,1,701,1,5623,37
4508,2,4508,1,702,1,5656,171
4509,2,4509,1,703,1,6205,10
4509,3,4509,1,703,1,6205,10
4511,3,4511,2,704,1,5305,183
4511,4,4511,2,704,1,5305,183
4512,2,4512,1,705,1,5938,31
4512,3,4512,1,705,1,5938,31
4514,3,4514,1,706,1,6591,6
4529,3,4529,2,707,1,1051,38
4537,4,4537,2,708,1,145,3
4540,3,4540,2,709,1,6414,1
4542,2,4542,1,710,1,5623,40
4543,3,4543,2,711,1,1131,173
4543,4,4543,2,711,1,1131,173
4547,3,4547,2,712,1,5680,5
4547,4,4547,2,712,1,5680,5
4548,4,4548,2,713,1,1879,175
4553,3,4553,2,714,1,1084,175
4559,2,4559,1,715,1,1906,30
4560,2,4560,1,716,1,3390,2
4562,2,4562,1,717,1,6832,4
4562,3,4562,1,717,1,6832,4
4571,5,4571,2,718,1,5315,173
4578,3,4578,2,719,1,3302,2
4578,4,4578,2,719,1,3302,2
4583,3,4583,1,720,1,5872,6
4587,3,4587,1,721,1,1692,30
4587,4,4587,1,721,1,1692,30
4591,3,4591,2,722,1,2108,177
4591,4,4591,2,722,1,2108,177
4608,3,4608,2,723,1,5774,170
4608,4,4608,2,723,1,5774,170
4613,3,4613,2,724,1,6838,6
4621,4,4621,1,725,1,2302,195
4623,3,4623,2,726,1,2639,3
4635,3,4635,2,727,1,2540,31
4635,4,4635,2,727,1,2540,31
4637,2,4637,1,728,1,2432,34
4637,4,4637,1,728,1,2432,34
4643,3,4643,2,729,1,2067,189
4644,4,4644,2,730,1,5570,3
4651,3,4651,2,731,1,1144,174
4663,2,4663,1,732,1,6485,180
4670,3,4670,2,733,1,577,4
4684,3,4684,2,734,1,2882,171
4684,4,4684,2,734,1,2882,171
4685,4,4685,2,735,1,6361,3
4685,5,4685,2,735,1,6361,3
4688,3,4688,1,736,1,5199,4
4690,4,4690,2,737,1,2509,173
4691,2,4691,1,738,1,6649,30
4693,3,4693,2,739,1,1862,30
4693,4,4693,2,739,1,1862,30
4695,2,4695,1,740,1,2129,181
4696,4,4696,2,741,1,5715,3
4699,2,4699,1,742,1,5133,3
4711,2,4711,1,743,1,5306,170
4711,4,4711,1,743,1,5306,170
4713,3,4713,2,744,1,5909,184
4726,3,4726,1,745,1,6537,32
4748,3,4748,2,746,1,1878,172
4748,4,4748,2,746,1,1878,172
4750,3,4750,2,747,1,5463,30
4755,3,4755,2,748,1,1522,175
4758,3,4758,2,749,1,2779,170
4765,3,4765,1,750,1,6832,32
4765,4,4765,1,750,1,6832,32
4768,4,4768,2,751,1,2807,170
4775,3,4775,2,752,1,3374,2
4782,3,4782,2,753,1,1332,174
4782,4,4782,2,753,1,1332,174
4790,3,4790,2,754,1,2607,3
4799,2,4799,1,755,1,5018,4
4813,3,4813,2,756,1,5960,33
4814,3,4814,2,757,1,1959,171
4815,3,4815,2,758,1,3066,2
4816,3,4816,2,759,1,632,173
4832,2,4832,1,760,1,1184,33
4834,2,4834,1,761,1,771,30
4836,2,4836,1,762,1,1695,33
4836,3,4836,1,762,1,1695,33
4838,3,4838,2,763,1,1230,30
4840,3,4840,2,764,1,2707,7
4840,4,4840,2,764,1,2707,7
4844,4,4844,1,765,1,1411,4
4847,3,4847,2,766,1,1975,4
4848,2,4848,1,767,1,5145,2
4848,3,4848,1,767,1,5145,2
4849,2,4849,1,768,1,6183,3
4850,3,4850,2,769,1,2717,173
4852,6,4852,2,770,1,3240,2
4886,2,4886,1,771,1,6657,30
4888,3,4888,1,772,1,5016,170
4898,3,4898,2,773,1,5429,7
4898,4,4898,2,773,1,5429,7
4905,3,4905,1,774,1,6541,4
4908,2,4908,1,775,1,5031,178
4928,2,4928,1,776,1,5429,8
4943,3,4943,2,777,1,1051,36
4944,3,4944,2,778,1,1608,30
4944,4,4944,2,778,1,1608,30
4945,3,4945,2,779,1,835,173
4945,4,4945,2,779,1,835,173
4953,3,4953,2,780,1,1633,170
4953,4,4953,2,780,1,1633,170
4958,3,4958,2,781,1,5926,174
4960,3,4960,2,782,1,5853,202
4972,3,4972,2,783,1,3373,2
4972,4,4972,2,783,1,3373,2
4979,2,4979,1,784,1,1121,174
4991,3,4991,2,785,1,6577,185
4994,2,4994,1,786,1,5812,13
4995,2,4995,1,787,1,6024,32
4996,3,4996,2,788,1,1516,170
4996,4,4996,2,788,1,1516,170
5003,4,5003,2,789,1,3041,2
5006,3,5006,2,790,1,1213,4
5013,3,5013,2,791,1,2756,3
5013,4,5013,2,791,1,2756,3
5014,2,5014,1,792,1,3078,2
5016,6,5016,2,793,1,3228,2
5040,4,5040,1,794,1,2661,7
5047,2,5047,1,795,1,6867,203
5051,2,5051,1,796,1,6232,32
5051,3,5051,1,796,1,6232,32
5053,4,5053,2,797,1,935,3
5056,4,5056,1,798,1,2443,2
5057,2,5057,1,799,1,2895,2
5064,6,5064,2,800,1,5299,8
5070,3,5070,1,801,1,898,4
5070,4,5070,1,801,1,898,4
5076,3,5076,2,802,1,534,31
5078,2,5078,1,803,1,5849,31
5082,2,5082,1,804,1,626,3
5084,3,5084,2,805,1,898,5
5087,3,5087,1,806,1,2034,177
5096,3,5096,1,807,1,6228,30
5098,3,5098,2,808,1,61,172
5107,2,5107,1,809,1,6822,176
5107,3,5107,1,809,1,6822,176
5121,4,5121,2,810,1,1926,3
5121,5,5121,2,810,1,1926,3
5132,2,5132,1,811,1,5812,33
5132,3,5132,1,811,1,5812,33
5133,3,5133,2,812,1,510,30
5135,2,5135,1,813,1,6862,35
5147,2,5147,1,814,1,6112,204
5148,3,5148,2,815,1,473,177
5156,2,5156,1,816,1,3346,2
5166,3,5166,2,817,1,908,6
5166,4,5166,2,817,1,908,6
5168,3,5168,1,818,1,2392,4
5172,4,5172,2,819,1,6547,171
5177,3,5177,2,820,1,593,4
5177,5,5177,2,820,1,593,4
5180,2,5180,1,821,1,5392,31
5182,2,5182,1,822,1,1956,4
5185,2,5185,1,823,1,5625,170
5186,2,5186,1,824,1,5576,31
5188,3,5188,2,825,1,2888,171
5195,3,5195,1,826,1,6093,11
5195,4,5195,1,826,1,6093,11
5196,4,5196,2,827,1,1837,172
5201,3,5201,2,828,1,891,177
5201,4,5201,2,828,1,891,177
5204,5,5204,2,829,1,1426,2
5205,3,5205,2,830,1,5977,173
5229,2,5229,1,831,1,783,3
5247,2,5247,1,832,1,5491,177
5248,3,5248,2,833,1,5308,173
5260,2,5260,1,834,1,1697,37
5260,3,5260,1,834,1,1697,37
5261,3,5261,2,835,1,5234,171
5262,3,5262,2,836,1,5812,171
5263,2,5263,1,837,1,5780,4
5265,3,5265,2,838,1,174,6
5265,4,5265,2,838,1,174,6
5269,3,5269,2,839,1,605,3
5273,3,5273,1,840,1,3046,1
5273,5,5273,1,840,1,3046,1
5288,2,5288,1,841,1,22,175
5291,2,5291,1,842,1,6674,4
5293,3,5293,2,843,1,91,3
5293,4,5293,2,843,1,91,3
5305,3,5305,2,844,1,3231,2
5309,2,5309,1,845,1,1610,30
5316,2,5316,1,846,1,6233,9
5316,3,5316,1,846,1,6233,9
5327,4,5327,1,847,1,5990,3
5328,3,5328,2,848,1,2591,178
5329,3,5329,1,849,1,3277,1
5329,4,5329,1,849,1,3277,1
5334,3,5334,1,850,1,5812,9
5339,3,5339,1,851,1,6093,7
5358,3,5358,2,852,1,3135,2
5358,4,5358,2,852,1,3135,2
5360,3,5360,2,853,1,999,4
5360,4,5360,2,853,1,999,4
5361,3,5361,2,854,1,706,170
5361,4,5361,2,854,1,706,170
5388,5,5388,2,855,1,6103,8
5389,3,5389,2,856,1,939,31
5390,2,5390,1,857,1,5706,9
5391,3,5391,1,858,1,5900,7
5403,4,5403,2,859,1,5693,32
5418,3,5418,2,860,1,1163,175
5424,3,5424,2,861,1,713,33
5438,3,5438,2,862,1,1315,4
5442,3,5442,2,863,1,2628,3
5445,2,5445,1,864,1,2330,30
5453,3,5453,2,865,1,2618,3
5453,4,5453,2,865,1,2618,3
5454,2,5454,1,866,1,5040,30
5454,3,5454,1,866,1,5040,30
5455,3,5455,2,867,1,774,2
5461,2,5461,1,868,1,1221,172
5461,3,5461,1,868,1,1221,172
5470,3,5470,5,869,1,5017,171
5473,3,5473,1,870,1,2397,173
5473,4,5473,1,870,1,2397,173
5475,2,5475,1,871,1,5573,183
5475,3,5475,1,871,1,5573,183
5502,2,5502,1,872,1,5459,176
5505,4,5505,2,873,1,6545,5
5506,2,5506,1,874,1,2647,172
5516,3,5516,1,875,1,2207,21
5516,4,5516,1,875,1,2207,21
5528,3,5528,2,876,1,2509,6
5532,2,5532,1,877,1,5031,32
5545,2,5545,1,878,1,5392,30
5545,3,5545,1,878,1,5392,30
5558,2,5558,1,879,1,3018,1
5558,3,5558,1,879,1,3018,1
5562,3,5562,2,880,1,2224,33
5563,3,5563,1,881,1,5684,32
5566,3,5566,2,882,1,6093,170
5572,2,5572,1,883,1,6121,30
5587,3,5587,2,884,1,2603,177
5587,4,5587,2,884,1,2603,177
5604,2,5604,1,885,1,2432,176
5607,4,5607,2,886,1,6350,7
5613,3,5613,2,887,1,1494,175
5614,4,5614,1,888,1,5655,174
5625,2,5625,1,889,1,6750,5
5625,3,5625,1,889,1,6750,5
5628,2,5628,1,890,1,3347,4
5635,4,5635,2,891,1,496,185
5650,3,5650,2,892,1,1161,171
5651,2,5651,1,893,1,6738,180
5651,3,5651,1,893,1,6738,180
5662,2,5662,1,894,1,5299,10
5664,2,5664,1,895,1,5926,5
5664,3,5664,1,895,1,5926,5
5679,3,5679,2,896,1,2618,4
5679,4,5679,2,896,1,2618,4
5684,4,5684,1,897,1,5055,33
5685,4,5685,2,898,1,6030,33
5687,4,5687,2,899,1,2910,2
5689,3,5689,2,900,1,5012,187
5690,2,5690,1,901,1,6210,30
5707,3,5707,2,902,1,1014,30
5708,3,5708,2,903,1,2752,172
5709,2,5709,1,904,1,5120,177
5718,2,5718,1,905,1,3116,1
5731,3,5731,1,906,1,5299,12
5731,4,5731,1,906,1,5299,12
5732,2,5732,1,907,1,5527,172
5736,2,5736,1,908,1,6365,10
5736,3,5736,1,908,1,6365,10
5753,3,5753,2,909,1,1893,5
5775,3,5775,2,910,1,5916,171
5779,2,5779,1,911,1,5036,2
5783,4,5783,2,912,1,5264,4
5783,5,5783,2,912,1,5264,4
5785,2,5785,1,913,1,6171,1
5787,3,5787,2,914,1,1236,172
5788,3,5788,2,915,1,2323,174
5789,7,5789,2,916,1,1663,5
5793,4,5793,2,917,1,1786,182
5804,3,5804,2,918,1,2379,6
5806,3,5806,2,919,1,897,32
5807,2,5807,1,920,1,6115,37
5820,3,5820,1,921,1,2016,6
5825,2,5825,1,922,1,6707,3
5836,3,5836,2,923,1,3336,2
5836,5,5836,2,923,1,3336,2
5839,3,5839,2,924,1,2586,173
5855,3,5855,2,925,1,1533,173
5855,4,5855,2,925,1,1533,173
5861,3,5861,2,926,1,1498,171
5861,4,5861,2,926,1,1498,171
5862,2,5862,1,927,1,6588,3
5873,2,5873,1,928,1,6438,30
5889,4,5889,2,929,1,6735,7
5893,3,5893,2,930,1,3057,2
5895,2,5895,1,931,1,5678,2
5913,3,5913,2,932,1,593,170
5916,3,5916,2,933,1,655,172
5916,4,5916,2,933,1,655,172
5938,4,5938,1,934,1,6114,170
5969,3,5969,2,935,1,5663,32
5973,3,5973,2,936,1,2545,30
5973,4,5973,2,936,1,2545,30
5978,2,5978,1,937,1,1480,31
5978,3,5978,1,937,1,1480,31
5982,3,5982,2,938,1,2753,4
5990,4,5990,2,939,1,597,178
5994,2,5994,1,940,1,6093,31
5997,5,5997,2,941,1,5534,170
6006,2,6006,1,942,1,5814,30
6024,4,6024,2,943,1,2660,172
6029,2,6029,1,944,1,5621,9
6035,2,6035,1,945,1,6820,30
6045,5,6045,2,946,1,3249,2
6061,3,6061,2,947,1,3113,2
6062,2,6062,1,948,1,6478,30
6069,3,6069,1,949,1,3275,1
6069,4,6069,1,949,1,3275,1
6078,3,6078,2,950,1,2621,30
6082,4,6082,1,951,1,6111,4
6089,3,6089,2,952,1,377,4
6089,4,6089,2,952,1,377,4
6092,4,6092,2,953,1,1932,173
6094,2,6094,1,954,1,5499,182
6112,8,6112,1,955,1,5748,6
6114,2,6114,1,956,1,6179,173
6114,3,6114,1,956,1,6179,173
6115,3,6115,1,957,1,6845,186
6115,4,6115,1,957,1,6845,186
6116,3,6116,2,958,1,3024,2
6132,3,6132,2,959,1,1839,31
6132,4,6132,2,959,1,1839,31
6133,2,6133,1,960,1,3055,2
6133,3,6133,1,960,1,3055,2
6134,4,6134,2,961,1,1969,30
6134,5,6134,2,961,1,1969,30
6151,5,6151,1,962,1,3282,1
6152,2,6152,1,963,1,6335,6
6163,2,6163,1,964,1,6434,170
6165,3,6165,2,965,1,517,5
6165,4,6165,2,965,1,517,5
6168,3,6168,2,966,1,5960,181
6168,5,6168,2,966,1,5960,181
6171,4,6171,1,967,1,6721,6
6194,3,6194,2,968,1,5749,30
6194,4,6194,2,968,1,5749,30
6202,3,6202,1,969,1,5447,30
6212,3,0,0,1249,1,1185,173
6212,4,6212,1,970,1,1185,5
6216,3,6216,2,971,1,2610,173
6221,3,6221,2,972,1,1919,170
6225,3,6225,2,973,1,922,30
6238,2,6238,1,974,1,5922,210
6238,4,6238,1,974,1,5922,210
6260,5,6260,2,975,1,6602,188
6267,2,6267,1,976,1,2578,179
6291,3,6291,2,977,1,2577,173
6291,4,6291,2,977,1,2577,173
6296,2,6296,1,978,1,6475,30
6303,3,6303,2,979,1,2177,178
6304,3,6304,2,980,1,1663,6
6309,3,6309,2,981,1,2474,171
6311,2,6311,1,982,1,1700,175
6312,3,6312,2,983,1,6649,3
6323,4,6323,1,984,1,3331,1
6323,6,6323,1,984,1,3331,1
6357,2,6357,1,985,1,6660,3
6357,3,6357,1,985,1,6660,3
6363,5,6363,2,986,1,3441,2
6369,3,6369,2,987,1,5403,171
6369,4,6369,2,987,1,5403,171
6371,3,6371,2,988,1,2786,171
6378,3,6378,2,989,1,722,178
6381,2,6381,1,990,1,5478,180
6382,2,6382,1,991,1,6436,36
6391,2,6391,1,992,1,5570,31
6397,7,6397,2,993,1,3437,2
6399,3,6399,2,994,1,2354,5
6405,3,6405,2,995,1,5874,182
6408,4,6408,2,996,1,3025,2
6411,4,6411,2,997,1,597,176
6421,3,6421,2,998,1,1762,180
6424,3,6424,2,999,1,971,171
6442,2,6442,1,1000,1,1088,178
6442,3,6442,1,1000,1,1088,178
6448,3,6448,2,1001,1,1335,179
6448,4,6448,2,1001,1,1335,179
6451,3,6451,2,1002,1,6625,7
6451,4,6451,2,1002,1,6625,7
6452,3,6452,2,1003,1,3021,1
6459,3,6459,2,1004,1,3397,6
6464,4,6464,2,1005,1,2341,172
6469,3,6469,1,1006,1,2731,4
6476,2,6476,1,1007,1,5584,30
6488,3,6488,2,1008,1,1970,5
6491,3,6491,2,1009,1,2611,32
6491,4,6491,2,1009,1,2611,32
6492,2,6492,1,1010,1,5832,3
6499,2,6499,1,1011,1,6680,4
6506,3,6506,2,1012,1,3417,2
6508,4,6508,2,1013,1,5537,10
6511,3,6511,2,1014,1,2282,177
6513,7,6513,2,1015,1,5055,171
6516,2,6516,1,1016,1,840,32
6516,3,6516,1,1016,1,840,32
6519,2,6519,1,1017,1,490,172
6526,4,6526,2,1018,1,5287,181
6537,4,6537,2,1019,1,846,170
6544,2,6544,1,1020,1,2662,172
6549,4,6549,2,1021,1,2707,4
6551,3,6551,1,1022,1,2441,4
6557,2,6557,1,1023,1,5323,3
6569,3,6569,1,1024,1,1332,180
6571,3,6571,2,1025,1,3149,2
6573,2,6573,4,1026,1,5698,6
6574,3,6574,2,1027,1,53,202
6576,2,6576,1,1028,1,5641,33
6576,3,6576,1,1028,1,5641,33
6581,3,6581,2,1029,1,3397,2
6582,3,6582,2,1030,1,3239,2
6582,4,6582,2,1030,1,3239,2
6585,3,6585,2,1031,1,3140,2
6593,3,6593,2,1032,1,1994,176
6600,2,6600,1,1033,1,2302,31
6600,3,6600,1,1033,1,2302,31
6609,2,6609,1,1034,1,3131,1
6609,3,6609,1,1034,1,3131,1
6616,4,6616,2,1035,1,760,171
6627,3,6627,2,1036,1,5643,6
6629,3,6629,1,1037,1,6724,31
6634,3,6634,2,1038,1,3258,2
6634,4,6634,2,1038,1,3258,2
6637,2,6637,1,1039,1,6602,9
6641,3,6641,2,1040,1,3217,2
6643,3,6643,1,1041,1,1061,4
6660,2,6660,1,1042,1,5693,2
6665,3,6665,1,1043,1,729,171
6678,3,6678,1,1044,1,2786,6
6680,2,6680,1,1045,1,5841,32
6680,3,6680,1,1045,1,5841,32
6686,3,6686,2,1046,1,1663,7
6706,2,6706,1,1047,1,5462,6
6713,4,6713,2,1048,1,2502,172
6713,5,6713,2,1048,1,2502,172
6720,3,6720,2,1049,1,3059,2
6727,3,6727,2,1050,1,1547,3
6729,3,6729,2,1051,1,1701,178
6729,4,6729,2,1051,1,1701,178
6733,2,6733,1,1052,1,10,177
6734,3,6734,2,1053,1,5921,172
6735,2,6735,1,1054,1,6157,3
6736,2,6736,1,1055,1,3167,2
6742,3,6742,1,1056,1,10,6
6742,4,6742,1,1056,1,10,6
6752,3,6752,2,1057,1,1430,4
6752,4,6752,2,1057,1,1430,4
6755,3,6755,2,1058,1,6316,6
6755,4,6755,2,1058,1,6316,6
6759,3,6759,2,1059,1,3002,1
6773,3,6773,1,1060,1,5858,179
6773,4,6773,1,1060,1,5858,179
6790,2,6790,1,1061,1,6724,30
6790,3,6790,1,1061,1,6724,30
6791,3,6791,2,1062,1,2558,170
6795,3,6795,1,1063,1,6051,3
6795,4,6795,1,1063,1,6051,3
6798,2,6798,1,1064,1,2731,30
6798,3,6798,1,1064,1,2731,30
6807,4,6807,1,1065,1,6750,30
6822,2,6822,1,1066,1,6684,3
6822,3,6822,1,1066,1,6684,3
6825,3,6825,2,1067,1,5548,30
6831,2,6831,1,1068,1,5406,173
6831,3,6831,1,1068,1,5406,173
6833,2,6833,1,1069,1,5136,31
6838,3,6838,2,1070,1,6187,10
6856,3,6856,2,1071,1,151,171
6857,3,6857,2,1072,1,236,3
6863,5,6863,2,1073,1,5018,3
6876,3,6876,2,1074,1,5430,192
6877,3,6877,2,1075,1,2034,4
6882,2,6882,1,1076,1,5154,8
6891,3,6891,2,1077,1,486,171
6900,2,6900,1,1078,1,5014,32
6907,3,6907,2,1079,1,5576,177
6918,3,6918,2,1080,1,479,170
6918,4,6918,2,1080,1,479,170
6926,3,6926,1,1081,1,1782,174
6930,3,6930,2,1082,1,5677,36
6934,3,6934,2,1083,1,2461,4
6938,4,6938,2,1084,1,5462,174
6939,3,6939,2,1085,1,1048,206
6939,4,6939,2,1085,1,1048,206
6946,2,6946,1,1086,1,1426,4
6950,4,6950,2,1087,1,356,177
6967,3,6967,1,1088,1,3043,1
6975,6,6975,2,1089,1,5770,3
6985,3,6985,2,1090,1,769,4
6987,3,6987,1,1091,1,3189,1
6995,3,6995,2,1092,1,2618,31
6998,4,6998,2,1093,1,3323,2
7005,2,7005,1,1094,1,1033,171
7006,4,7006,1,1095,1,3047,174
7007,2,7007,1,1096,1,1260,39
7015,2,7015,1,1097,1,6110,30
7015,4,7015,1,1097,1,6110,30
7027,2,7027,1,1098,1,6121,34
7031,5,7031,2,1099,1,61,5
7033,2,7033,1,1100,1,1701,3
7054,3,7054,1,1101,1,5031,3
7062,3,7062,2,1102,1,2278,178
7070,4,7070,2,1103,1,573,4
7071,3,7071,2,1104,1,557,30
7071,4,7071,2,1104,1,557,30
7074,3,7074,2,1105,1,6054,30
7083,3,7083,2,1106,1,2393,4
7083,4,7083,2,1106,1,2393,4
7085,3,7085,2,1107,1,2278,32
7109,3,7109,2,1108,1,3294,3
7115,2,7115,1,1109,1,6053,177
7115,3,7115,1,1109,1,6053,177
7118,3,7118,2,1110,1,6626,7
7126,3,7126,2,1111,1,1129,201
7149,2,7149,1,1112,1,6475,170
7156,2,7156,1,1113,1,6626,8
7158,3,7158,2,1114,1,2712,170
7162,3,7162,2,1115,1,2566,30
7162,4,7162,2,1115,1,2566,30
7181,4,7181,2,1116,1,6765,7
7197,3,7197,2,1117,1,2151,177
7203,3,7203,1,1118,1,3422,1
7203,4,7203,1,1118,1,3422,1
7212,4,7212,2,1119,1,2529,175
7224,3,7224,2,1120,1,5925,170
7226,3,7226,1,1121,1,5968,5
7226,4,7226,1,1121,1,5968,5
7239,3,7239,1,1122,1,5154,33
7239,4,7239,1,1122,1,5154,33
7247,3,7247,2,1123,1,1898,3
7259,2,7259,1,1124,1,5065,32
7259,3,7259,1,1124,1,5065,32
7261,3,7261,2,1125,1,2655,173
7272,5,7272,1,1126,1,3212,1
7276,3,7276,2,1127,1,5332,32
7284,2,7284,1,1128,1,1679,175
7295,3,7295,2,1129,1,5430,200
7301,3,7301,2,1130,1,2701,190
7301,4,7301,2,1130,1,2701,190
7303,3,7303,2,1131,1,2629,3
7303,4,7303,2,1131,1,2629,3
7305,4,7305,1,1132,1,6605,190
7314,3,7314,1,1133,1,857,174
7317,3,7317,1,1134,1,1722,183
7318,2,7318,1,1135,1,1547,5
7323,5,7323,2,1136,1,3328,2
7324,3,7324,2,1137,1,2776,173
7324,4,7324,2,1137,1,2776,173
7326,2,7326,1,1138,1,2642,179
7326,3,7326,1,1138,1,2642,179
7337,2,7337,1,1139,1,1947,3
7341,4,7341,1,1140,1,5814,31
7348,5,7348,2,1141,1,5646,6
7355,2,7355,1,1142,1,311,3
7355,3,7355,1,1142,1,311,3
7364,4,7364,1,1143,1,6845,3
7364,5,7364,1,1143,1,6845,3
7368,4,7368,2,1144,1,6275,3
7384,3,7384,2,1145,1,6358,32
7407,3,7407,1,1146,1,5706,6
7423,2,7423,1,1147,1,6205,177
7453,3,7453,2,1148,1,556,174
7461,3,7461,2,1149,1,1241,33
7466,5,7466,2,1150,1,3155,2
7466,6,7466,2,1150,1,3155,2
7472,2,7472,1,1151,1,602,184
7479,3,7479,2,1152,1,478,36
7494,4,7494,1,1153,1,5784,5
7501,2,7501,1,1154,1,6519,30
7501,3,7501,1,1154,1,6519,30
7512,5,7512,1,1155,1,570,171
7513,3,7513,2,1156,1,2240,3
7518,3,7518,1,1157,1,84,177
7530,4,7530,2,1158,1,5057,4
7532,4,7532,1,1159,1,6170,171
7542,3,7542,1,1160,1,3349,1
7542,4,7542,1,1160,1,3349,1
7549,3,7549,2,1161,1,5969,5
7552,3,7552,2,1162,1,3156,2
7552,4,7552,2,1162,1,3156,2
7558,2,8302,1,1244,1,6849,5
7560,3,7560,2,1163,1,2240,4
7569,2,7569,1,1164,1,5612,9
7569,3,7569,1,1164,1,5612,9
7571,5,7571,2,1165,1,2678,175
7576,3,7576,2,1166,1,2278,182
7576,4,7576,2,1166,1,2278,182
7588,3,7588,2,1167,1,3409,2
7588,4,7588,2,1167,1,3409,2
7592,2,7592,1,1168,1,6635,176
7595,4,7595,2,1169,1,3204,2
7598,3,7598,2,1170,1,6646,33
7606,3,7606,1,1171,1,5570,198
7606,4,7606,1,1171,1,5570,198
7615,3,7615,2,1172,1,6553,4
7617,4,7617,1,1173,1,5548,9
7619,2,7619,1,1174,1,5548,11
7624,2,7624,1,1175,1,6740,4
7631,2,7631,1,1176,1,6366,4
7631,3,7631,1,1176,1,6366,4
7632,2,7632,1,1177,1,5170,184
7639,3,7639,2,1178,1,5350,31
7640,2,7640,1,1179,1,1670,30
7640,3,7640,1,1179,1,1670,30
7643,3,7643,2,1180,1,1285,4
7645,2,7645,1,1181,1,674,171
7648,2,7648,1,1182,1,5942,8
7648,3,7648,1,1182,1,5942,8
7667,2,7667,1,1183,1,6800,37
7668,4,7668,2,1184,1,3115,2
7679,2,7679,1,1185,1,2330,171
7681,4,7681,2,1186,1,6626,4
7687,5,7687,2,1187,1,6179,170
7687,6,7687,2,1187,1,6179,170
7694,3,7694,2,1188,1,6115,176
7697,3,7697,2,1189,1,5835,184
7710,4,7710,2,1190,1,649,30
7715,4,7715,2,1191,1,1621,3
7719,3,7719,2,1192,1,1928,171
7729,3,7729,2,1193,1,2271,3
7731,3,7731,2,1194,1,2012,31
7756,3,7756,1,1195,1,5,5
7758,3,7758,1,1196,1,760,174
7758,4,7758,1,1196,1,760,174
7764,3,7764,2,1197,1,2271,5
7777,3,7777,2,1198,1,3310,2
7795,3,7795,2,1199,1,6849,188
7795,4,7795,2,1199,1,6849,188
7810,3,7810,2,1200,1,5503,174
7814,2,7814,1,1201,1,5749,36
7816,4,7816,2,1202,1,5926,171
7831,3,7831,1,1203,1,3161,1
7836,3,7836,2,1204,1,3227,2
7836,4,7836,2,1204,1,3227,2
7848,3,7848,2,1205,1,5332,31
7848,4,7848,2,1205,1,5332,31
7853,4,7853,2,1206,1,5332,188
7861,4,7861,2,1207,1,6040,8
7870,2,7870,1,1208,1,674,5
7881,2,0,0,1250,1,2032,922
7881,3,0,0,1250,1,2032,922
7903,3,7903,2,1209,1,5835,35
7913,3,7913,1,1210,1,2852,30
7913,4,7913,1,1210,1,2852,30
7940,2,7940,1,1211,1,3407,1
7940,4,7940,1,1211,1,3407,1
7953,2,7953,1,1212,1,6121,180
7954,3,7954,2,1213,1,6698,4
7955,4,7955,2,1214,1,18,185
7957,2,7957,1,1215,1,5812,34
7957,4,7957,1,1215,1,5812,34
7960,2,7960,1,1216,1,6485,5
7981,3,7981,2,1217,1,60,32
7981,4,7981,2,1217,1,60,32
7987,2,7987,1,1218,1,608,185
7991,2,7991,1,1219,1,6635,9
8000,2,8000,1,1220,1,2019,175
8009,2,8009,1,1221,1,5901,4
8009,3,8009,1,1221,1,5901,4
8014,4,8014,2,1222,1,607,174
8016,3,8016,1,1223,1,6103,5
8034,2,8034,1,1224,1,5495,30
8034,3,8034,1,1224,1,5495,30
8061,3,8061,2,1225,1,5015,30
8061,4,8061,2,1225,1,5015,30
8065,2,8065,1,1226,1,5814,5
8065,3,8065,1,1226,1,5814,5
8098,4,8098,1,1227,1,3311,2
8104,4,8104,2,1228,1,6159,30
8106,5,8106,2,1229,1,3063,2
8112,3,8112,1,1230,1,1516,171
8124,2,8124,1,1231,1,6615,31
8136,3,8136,1,1232,1,6616,179
8143,3,8143,2,1233,1,266,30
8150,3,8150,1,1234,1,6172,6
8151,3,8151,2,1235,1,404,174
8151,5,8151,2,1235,1,404,174
8165,3,8165,2,1236,1,2201,172
8180,2,8180,1,1237,1,2432,190
8182,3,8182,2,1238,1,3229,2
8182,4,8182,2,1238,1,3229,2
8227,3,8227,2,1239,1,700,176
8227,4,8227,2,1239,1,700,176
8233,3,8233,2,1240,1,2392,173
8233,4,8233,2,1240,1,2392,173
8244,3,8244,1,1241,1,1335,35
8246,4,8246,2,1242,1,3386,2
8278,3,8278,2,1243,1,1597,3
8278,4,8278,2,1243,1,1597,3
8323,3,8323,2,1245,1,6750,183
8323,4,8323,2,1245,1,6750,183
