GENREL02,GENID01,GENSN01,CH_ID68,CH_PN,OCG_ID68,OCG_PN,PCG_ID68,PCG_PN
3,3,2,419,36,0,0,419,176
3,3,3,419,37,0,0,419,30
3,24,2,419,35,0,0,419,31
3,24,3,419,34,0,0,419,31
3,29,3,644,31,644,21,644,170
3,32,3,195,30,195,171,195,170
3,32,4,195,31,195,171,195,170
3,59,3,1060,32,0,0,1060,31
3,60,4,1692,38,0,0,1692,30
3,60,5,1692,39,0,0,1692,30
3,61,2,1692,40,1692,4,1692,31
3,65,5,2191,182,2191,179,2191,7
3,76,3,2073,34,2073,1,2073,31
3,79,2,2073,33,0,0,2073,2
3,88,3,2613,30,2613,181,2613,4
3,88,4,2613,31,2613,181,2613,4
3,91,3,2086,31,2086,172,2086,4
3,91,4,2086,33,2086,172,2086,4
3,96,3,4,39,4,3,4,173
3,105,4,2277,183,2277,5,2277,181
3,105,5,2277,184,2277,5,2277,181
3,114,3,2138,33,2138,178,2138,30
3,115,3,1971,33,1971,4,1971,173
3,125,4,2050,32,2050,4,2050,172
3,126,5,1258,33,1258,4,1258,172
3,134,3,257,40,257,175,257,30
3,136,3,302,36,302,22,302,174
3,136,4,302,37,302,22,302,174
3,138,4,473,35,0,0,473,4
3,139,5,2882,32,2882,172,2882,3
3,152,2,1129,39,1129,201,1129,175
3,152,3,1129,189,1129,201,1129,175
3,154,4,2191,38,2191,173,2191,4
3,163,2,2311,31,2311,174,2311,6
3,171,3,1038,33,1038,30,1038,173
3,178,3,2137,34,0,0,2137,174
3,188,4,1813,32,1813,170,1813,3
3,190,3,14,32,14,173,14,3
3,190,4,14,33,14,173,14,3
3,216,3,2715,30,2715,3,2715,176
3,218,3,593,30,593,171,593,4
3,218,5,593,33,593,171,593,4
3,226,3,2888,30,2888,3,2888,171
3,235,3,250,32,250,177,250,3
3,235,4,250,31,250,177,250,3
3,243,3,114,33,114,3,114,173
3,257,3,10,34,0,0,10,6
3,257,4,10,35,0,0,10,6
3,260,3,14,30,14,4,14,172
3,260,4,14,31,14,4,14,172
3,262,3,84,33,84,172,84,1
3,277,3,350,30,350,170,350,3
3,277,4,350,31,350,170,350,3
3,283,4,624,172,624,174,624,3
3,283,5,624,173,624,174,624,3
3,285,3,4,41,0,0,4,31
3,285,4,4,42,0,0,4,31
3,288,3,2432,41,2432,191,2432,33
3,288,4,2432,44,2432,191,2432,33
3,301,5,2219,33,2219,170,2219,3
3,301,6,2219,34,2219,170,2219,3
3,303,3,3055,3,0,0,3055,2
3,303,4,3055,4,0,0,3055,2
3,309,3,122,174,122,4,122,173
3,309,4,122,36,122,4,122,173
3,318,3,1149,30,1149,4,1149,170
3,323,3,47,34,47,170,47,4
3,323,4,47,36,47,170,47,4
3,333,3,1043,35,0,0,1043,4
3,333,4,1043,36,0,0,1043,4
3,354,4,1184,40,1184,6,1184,171
3,359,3,96,31,96,170,96,3
3,359,4,96,32,96,170,96,3
3,361,3,228,32,228,174,228,5
3,366,3,145,30,145,170,145,3
3,366,4,145,31,145,170,145,3
3,368,4,1303,32,1303,4,1303,173
3,368,5,1303,33,1303,4,1303,173
3,370,4,414,39,0,0,414,3
3,378,3,1342,31,1342,3,1342,170
3,385,2,2028,32,0,0,2028,30
3,387,3,1048,34,1048,198,1048,6
3,387,4,1048,37,1048,198,1048,6
3,391,5,2849,32,0,0,2849,3
3,392,3,2323,32,2323,3,2323,174
3,395,3,2510,34,2510,171,2510,5
3,395,4,2510,36,2510,171,2510,5
3,409,3,2464,32,0,0,2464,171
3,414,4,1522,42,1522,176,1522,10
3,414,5,1522,43,1522,176,1522,10
3,415,4,1522,38,1522,9,1522,175
3,415,5,1522,41,1522,9,1522,175
3,419,4,321,32,321,170,321,4
3,421,2,2678,37,0,0,2678,7
3,430,3,2618,34,2618,171,2618,4
3,430,4,2618,37,2618,171,2618,4
3,446,3,980,30,980,176,980,3
3,446,4,980,31,980,176,980,3
3,447,3,1803,31,1803,175,1803,3
3,447,4,1803,30,1803,175,1803,3
3,460,3,602,34,602,177,602,178
3,466,3,53,36,53,173,53,4
3,472,3,1663,43,1663,179,1663,7
3,475,3,625,30,625,172,625,3
3,478,3,343,32,343,30,343,171
3,478,4,343,33,343,30,343,171
3,482,3,577,32,577,174,577,4
3,484,3,1767,33,1767,30,1767,180
3,488,3,3109,3,3109,1,3109,2
3,491,3,315,30,315,3,315,170
3,494,3,90,31,90,172,90,3
3,494,4,90,32,90,172,90,3
3,497,2,2032,35,0,0,2032,172
3,500,2,1498,32,0,0,1498,4
3,501,3,1498,35,1498,30,1498,171
3,501,4,1498,37,1498,30,1498,171
3,503,4,1687,31,1687,3,1687,170
3,510,3,2707,182,0,0,2707,3
3,520,5,428,32,428,4,428,170
3,527,4,487,35,487,5,487,170
3,533,4,2779,31,2779,3,2779,170
3,538,2,1048,182,1048,198,1048,6
3,543,4,1166,37,1166,9,1166,180
3,547,4,548,39,548,7,548,183
3,547,5,548,40,548,7,548,183
3,549,5,2164,41,2164,176,2164,30
3,549,6,2164,42,2164,176,2164,30
3,558,4,2876,32,0,0,2876,3
3,572,3,1315,36,1315,174,1315,30
3,572,5,1315,39,1315,174,1315,30
3,580,3,2409,31,2409,173,2409,3
3,580,4,2409,32,2409,173,2409,3
3,586,3,2056,34,2056,171,2056,2
3,588,3,91,31,91,170,91,3
3,588,4,91,32,91,170,91,3
3,591,3,1154,30,1154,181,1154,179
3,594,3,517,33,517,172,517,5
3,594,4,517,34,517,172,517,5
3,596,4,1786,45,1786,4,1786,182
3,596,6,1786,49,1786,4,1786,182
3,598,2,1236,31,0,0,1236,170
3,601,3,172,36,172,183,172,34
3,602,3,236,32,236,172,236,3
3,603,4,1221,31,1221,173,1221,4
3,603,5,1221,32,1221,173,1221,4
3,604,4,819,32,819,4,819,170
3,606,4,2196,34,2196,175,2196,30
3,606,5,2196,35,2196,175,2196,30
3,613,3,486,31,486,3,486,170
3,615,2,1394,35,0,0,1394,33
3,615,3,1394,37,0,0,1394,33
3,616,2,2628,34,2628,174,2628,5
3,616,3,2628,35,2628,174,2628,5
3,620,4,2771,33,2771,6,2771,173
3,620,5,2771,34,2771,6,2771,173
3,621,4,2529,31,2529,30,2529,175
3,631,3,121,32,121,170,121,6
3,631,4,121,33,121,170,121,6
3,632,2,3002,2,0,0,3002,1
3,657,6,2576,33,2576,170,2576,3
3,657,7,2576,34,2576,170,2576,3
3,658,2,1503,170,0,0,1503,901
3,659,4,544,32,544,21,544,170
3,663,2,2707,37,2707,190,2707,5
3,664,2,2707,34,0,0,2707,6
3,672,3,2610,32,2610,4,2610,173
3,673,3,1281,35,1281,4,1281,173
3,673,4,1281,36,1281,4,1281,173
3,676,3,707,30,707,3,707,171
3,676,4,707,32,707,3,707,171
3,680,3,374,30,374,170,374,5
3,689,2,1315,34,0,0,1315,5
3,689,3,1315,35,0,0,1315,5
3,691,3,2774,172,2774,6,2774,2
3,692,3,1784,33,1784,171,1784,5
3,692,5,1784,35,1784,171,1784,5
3,693,5,1663,36,1663,173,1663,5
3,693,7,1663,41,1663,173,1663,5
3,696,3,2578,180,2578,179,2578,30
3,701,3,2607,30,2607,170,2607,3
3,704,3,60,36,60,181,60,32
3,704,4,60,37,60,181,60,32
3,705,3,2478,32,2478,175,2478,4
3,710,2,138,32,0,0,138,31
3,710,3,138,33,0,0,138,31
3,716,3,1121,33,1121,30,1121,175
3,717,4,351,38,351,170,351,3
3,726,3,2473,30,2473,4,2473,170
3,726,5,2473,32,2473,4,2473,170
3,727,3,174,33,174,5,174,171
3,727,5,174,36,174,5,174,171
3,731,3,2661,43,2661,21,2661,171
3,731,4,2661,44,2661,21,2661,171
3,733,4,2628,32,2628,170,2628,3
3,733,6,2628,37,2628,170,2628,3
3,734,3,2012,32,2012,3,2012,170
3,734,4,2012,33,2012,3,2012,170
3,741,5,1043,33,0,0,1043,3
3,741,6,1043,34,0,0,1043,3
3,742,3,1127,30,0,0,1127,172
3,751,4,2441,34,0,0,2441,5
3,751,5,2441,35,0,0,2441,5
3,752,3,2441,37,2441,4,2441,176
3,753,4,1407,32,1407,3,1407,172
3,772,3,351,37,0,0,351,6
3,784,3,1236,32,1236,4,1236,172
3,789,3,117,31,117,171,117,30
3,789,4,117,32,117,171,117,30
3,796,3,626,45,626,184,626,3
3,801,3,582,32,582,3,582,173
3,801,4,582,33,582,3,582,173
3,802,3,2490,34,2490,173,2490,31
3,804,3,121,37,121,4,121,173
3,805,2,2335,32,0,0,2335,30
3,815,2,3005,2,0,0,3005,1
3,818,3,593,31,593,3,593,170
3,819,3,1315,32,1315,170,1315,4
3,819,4,1315,33,1315,170,1315,4
3,821,2,3033,2,0,0,3033,1
3,823,2,2432,48,0,0,2432,176
3,824,4,2432,52,2432,3,2432,35
3,824,5,2432,55,2432,3,2432,35
3,828,3,3387,3,3387,1,3387,2
3,832,3,5287,186,0,0,5287,4
3,833,5,6735,41,6735,171,6735,5
3,834,3,6735,42,0,0,6735,8
3,834,4,6735,44,0,0,6735,8
3,837,3,6316,31,0,0,6316,4
3,840,2,2409,33,0,0,2409,171
3,840,4,2409,175,0,0,2409,171
3,841,3,1185,32,1185,177,1185,5
3,841,4,1185,34,1185,177,1185,5
3,842,2,1047,32,1047,21,1047,4
3,846,2,1426,34,0,0,1426,4
3,846,3,1426,38,0,0,1426,4
3,851,3,1775,33,1775,175,1775,4
3,851,5,1775,35,1775,175,1775,4
3,852,5,321,176,321,174,321,5
3,852,6,321,177,321,174,321,5
3,858,3,853,30,853,174,853,3
3,859,4,2061,31,0,0,2061,2
3,861,2,1254,30,0,0,1254,170
3,863,3,1911,34,0,0,1911,30
3,871,2,6365,51,0,0,6365,10
3,871,3,6365,53,0,0,6365,10
3,874,3,2902,32,2902,4,2902,174
3,879,4,246,31,246,170,246,3
3,883,3,582,34,582,4,582,174
3,886,2,2330,31,0,0,2330,171
3,886,3,2330,32,0,0,2330,171
3,887,3,1897,30,1897,170,1897,3
3,891,4,134,30,134,3,134,171
3,891,5,134,31,134,3,134,171
3,892,3,319,31,319,173,319,171
3,893,3,121,30,121,171,121,7
3,893,5,121,36,121,171,121,7
3,894,3,2175,30,2175,3,2175,170
3,894,4,2175,31,2175,3,2175,170
3,896,4,2427,34,2427,4,2427,171
3,896,5,2427,35,2427,4,2427,171
3,898,2,1628,32,0,0,1628,4
3,898,3,1628,33,0,0,1628,4
3,907,2,2485,35,0,0,2485,176
3,918,3,2436,36,0,0,2436,170
3,919,5,1740,32,1740,3,1740,170
3,927,2,2432,38,2432,3,2432,35
3,934,2,3073,2,0,0,3073,1
3,937,3,3140,3,3140,1,3140,2
3,937,4,3140,4,3140,1,3140,2
3,938,4,3141,5,3141,1,3141,2
3,943,2,1731,31,1731,30,1731,3
3,943,3,1731,33,1731,30,1731,3
3,946,3,3159,3,3159,1,3159,2
3,946,4,3159,4,3159,1,3159,2
3,955,4,2752,32,2752,4,2752,170
3,957,3,6838,33,6838,170,6838,6
3,970,3,2656,33,2656,5,2656,171
3,970,4,2656,35,2656,5,2656,171
3,972,3,50,32,50,3,50,171
3,972,4,50,33,50,3,50,171
3,979,3,548,37,548,9,548,182
3,979,4,548,38,548,9,548,182
3,983,2,5299,40,0,0,5299,4
3,983,4,5299,47,0,0,5299,4
3,987,3,5180,32,5180,174,5180,4
3,989,2,5299,55,0,0,5299,10
3,1002,3,355,32,355,4,355,171
3,1002,4,355,33,355,4,355,171
3,1013,3,517,30,517,170,517,4
3,1013,4,517,31,517,170,517,4
3,1016,3,2752,33,2752,5,2752,172
3,1018,5,2061,32,2061,8,2061,181
3,1023,3,1221,35,0,0,1221,172
3,1023,4,1221,36,0,0,1221,172
3,1033,3,2656,34,2656,7,2656,174
3,1033,4,2656,36,2656,7,2656,174
3,1038,2,1043,37,0,0,1043,8
3,1038,3,1043,38,0,0,1043,8
3,1043,3,2485,34,2485,174,2485,173
3,1043,4,2485,36,2485,174,2485,173
3,1047,3,5299,56,0,0,5299,12
3,1047,4,5299,57,0,0,5299,12
3,1048,3,1036,31,1036,1,1036,2
3,1057,3,495,36,495,170,495,30
3,1059,3,1126,35,1126,174,1126,30
3,1059,4,1126,36,1126,174,1126,30
3,1061,4,2277,34,2277,178,2277,8
3,1061,5,2277,35,2277,178,2277,8
3,1066,4,570,35,570,171,570,8
3,1066,5,570,36,570,171,570,8
3,1071,3,1397,34,1397,5,1397,172
3,1071,5,1397,38,1397,5,1397,172
3,1076,2,6233,36,0,0,6233,9
3,1076,3,6233,37,0,0,6233,9
3,1082,3,2545,33,2545,172,2545,30
3,1082,4,2545,34,2545,172,2545,30
3,1085,2,6187,38,6187,1,6187,12
3,1085,4,6187,40,6187,1,6187,12
3,1086,3,6187,36,6187,4,6187,170
3,1093,3,6839,36,6839,34,6839,9
3,1093,4,6839,37,6839,34,6839,9
3,1096,3,53,35,0,0,53,6
3,1098,3,2469,32,2469,172,2469,4
3,1100,5,833,181,833,190,833,176
3,1101,3,3289,3,3289,2,3289,1
3,1107,4,297,48,297,176,297,7
3,1111,4,433,38,433,30,433,175
3,1111,5,433,40,433,30,433,175
3,1112,3,517,32,517,2,517,3
3,1113,3,5292,40,5292,7,5292,32
3,1113,4,5292,43,5292,7,5292,32
3,1117,5,173,38,173,170,173,4
3,1117,6,173,40,173,170,173,4
3,1122,4,1468,33,1468,176,1468,5
3,1122,5,1468,34,1468,176,1468,5
3,1135,4,774,31,774,171,774,2
3,1135,5,774,32,774,171,774,2
3,1136,3,361,176,361,4,361,175
3,1139,4,2117,33,2117,171,2117,6
3,1143,4,2603,32,2603,171,2603,5
3,1148,3,2323,33,2323,177,2323,31
3,1148,4,2323,34,2323,177,2323,31
3,1161,4,53,42,0,0,53,10
3,1164,4,2441,32,2441,173,2441,3
3,1169,2,3308,3,3308,170,3308,2
3,1173,5,607,42,607,183,607,174
3,1177,2,6262,36,0,0,6262,179
3,1178,3,284,30,284,4,284,170
3,1178,4,284,31,284,4,284,170
3,1180,3,2682,32,2682,175,2682,5
3,1180,4,2682,33,2682,175,2682,5
3,1182,3,1142,31,1142,170,1142,3
3,1182,4,1142,32,1142,170,1142,3
3,1184,3,5570,204,5570,33,5570,203
3,1188,4,1013,31,1013,5,1013,170
3,1189,3,68,30,68,3,68,175
3,1191,3,608,186,608,185,608,8
3,1195,3,1775,38,1775,182,1775,6
3,1195,4,1775,39,1775,182,1775,6
3,1200,3,1909,31,1909,2,1909,1
3,1200,4,1909,30,1909,2,1909,1
3,1204,5,1918,33,1918,173,1918,4
3,1212,4,999,31,999,3,999,170
3,1212,5,999,32,999,3,999,170
3,1218,5,1624,35,1624,21,1624,174
3,1222,3,1867,33,1867,170,1867,3
3,1222,4,1867,34,1867,170,1867,3
3,1232,3,2012,34,2012,172,2012,31
3,1233,3,2525,30,2525,3,2525,174
3,1234,3,5576,37,5576,3,5576,172
3,1234,4,5576,41,5576,3,5576,172
3,1239,3,263,38,263,175,263,31
3,1240,2,5306,33,0,0,5306,170
3,1242,2,5621,33,0,0,5621,9
3,1245,3,915,30,915,171,915,4
3,1245,4,915,34,915,171,915,4
3,1247,3,915,31,915,170,915,5
3,1247,4,915,32,915,170,915,5
3,1249,2,5145,34,0,0,5145,2
3,1249,3,5145,35,0,0,5145,2
3,1253,3,2566,38,2566,174,2566,30
3,1253,4,2566,39,2566,174,2566,30
3,1256,3,2486,34,2486,189,2486,31
3,1268,3,840,191,0,0,840,21
3,1268,4,840,44,0,0,840,190
3,1282,3,6735,38,6735,184,6735,3
3,1289,3,5570,44,5570,7,5570,181
3,1293,4,3163,4,3163,3,3163,2
3,1303,2,1460,30,0,0,1460,8
3,1309,3,2354,34,2354,174,2354,5
3,1309,4,2354,36,2354,174,2354,5
3,1313,3,6680,30,6680,171,6680,4
3,1318,2,5170,42,0,0,5170,7
3,1329,3,1612,30,1612,171,1612,170
3,1336,4,2164,39,2164,171,2164,3
3,1337,2,1376,32,0,0,1376,170
3,1339,2,5449,34,0,0,5449,31
3,1344,3,2591,35,2591,6,2591,178
3,1355,5,5925,41,5925,8,5925,170
3,1355,6,5925,176,5925,8,5925,170
3,1356,2,5287,34,0,0,5287,177
3,1363,3,2299,34,2299,5,2299,171
3,1363,4,2299,35,2299,5,2299,171
3,1364,3,1121,31,1121,176,1121,3
3,1372,3,2304,32,2304,171,2304,4
3,1372,4,2304,33,2304,171,2304,4
3,1378,2,1633,174,0,0,1633,170
3,1378,3,1633,175,0,0,1633,170
3,1383,3,819,33,819,3,819,172
3,1383,4,819,34,819,3,819,172
3,1385,3,2397,37,0,0,2397,173
3,1385,4,2397,38,0,0,2397,173
3,1388,4,1810,43,0,0,1810,3
3,1390,3,620,37,620,173,620,6
3,1390,4,620,39,620,173,620,6
3,1391,4,620,33,620,171,620,4
3,1391,5,620,35,620,171,620,4
3,1392,3,2530,37,2530,181,2530,4
3,1392,4,2530,38,2530,181,2530,4
3,1396,3,777,31,777,5,777,173
3,1398,3,5569,180,5569,3,5569,171
3,1398,4,5569,181,5569,3,5569,171
3,1404,3,6051,183,0,0,6051,3
3,1404,4,6051,185,0,0,6051,3
3,1407,3,6541,31,6541,4,6541,179
3,1408,2,5922,40,0,0,5922,192
3,1409,3,5774,32,5774,30,5774,170
3,1409,4,5774,33,5774,30,5774,170
3,1413,3,1192,33,1192,171,1192,3
3,1413,4,1192,35,1192,171,1192,3
3,1421,3,2515,40,2515,189,2515,30
3,1422,4,2352,31,2352,3,2352,170
3,1422,5,2352,32,2352,3,2352,170
3,1423,3,534,32,534,171,534,31
3,1425,3,2848,39,0,0,2848,10
3,1425,4,2848,40,0,0,2848,10
3,1428,4,452,37,452,31,452,177
3,1436,3,893,31,893,3,893,170
3,1436,4,893,32,893,3,893,170
3,1448,4,5,32,5,3,5,170
3,1449,3,45,32,45,178,45,179
3,1450,3,2509,37,2509,174,2509,6
3,1450,4,2509,42,2509,174,2509,6
3,1458,3,2880,30,2880,177,2880,5
3,1458,4,2880,31,2880,177,2880,5
3,1460,2,5995,33,0,0,5995,170
3,1460,4,5995,40,0,0,5995,170
3,1468,3,61,35,61,3,61,172
3,1469,3,89,35,89,179,89,31
3,1474,2,6822,173,0,0,6822,4
3,1484,4,2244,31,2244,21,2244,170
3,1486,2,2128,32,0,0,2128,171
3,1486,3,2128,33,0,0,2128,171
3,1487,4,173,36,173,171,173,5
3,1487,5,173,39,173,171,173,5
3,1490,2,2848,37,0,0,2848,176
3,1490,3,2848,179,0,0,2848,176
3,1491,3,2847,40,2847,176,2847,31
3,1493,3,1397,33,1397,4,1397,171
3,1493,5,1397,37,1397,4,1397,171
3,1500,2,1960,178,0,0,1960,177
3,1500,3,1960,179,0,0,1960,177
3,1508,3,266,35,266,173,266,30
3,1509,2,935,30,0,0,935,4
3,1509,3,935,34,0,0,935,4
3,1513,2,6381,178,0,0,6381,176
3,1513,3,6381,38,0,0,6381,176
3,1515,2,722,35,722,180,722,32
3,1522,2,5995,43,0,0,5995,5
3,1522,3,5995,34,0,0,5995,5
3,1523,3,1663,46,1663,176,1663,6
3,1525,3,1839,36,1839,30,1839,174
3,1525,5,1839,38,1839,30,1839,174
3,1530,3,5922,206,0,0,5922,7
3,1534,3,3397,3,3397,1,3397,2
3,1543,3,2672,31,2672,170,2672,5
3,1543,4,2672,32,2672,170,2672,5
3,1548,5,3282,5,3282,1,3282,3
3,1548,7,3282,7,3282,1,3282,3
3,1556,3,2673,174,2673,172,2673,3
3,1563,3,2411,171,2411,170,2411,4
3,1563,4,2411,172,2411,170,2411,4
3,1564,5,2143,32,2143,170,2143,3
3,1600,3,377,30,377,170,377,4
3,1600,4,377,31,377,170,377,4
3,1602,4,2526,33,2526,171,2526,4
3,1604,3,3348,6,3348,172,3348,5
3,1605,4,3176,4,3176,1,3176,2
3,1605,5,3176,5,3176,1,3176,2
3,1615,6,1802,33,0,0,1802,170
3,1617,2,664,32,0,0,664,175
3,1617,3,664,34,0,0,664,175
3,1621,3,6112,36,6112,200,6112,173
3,1621,4,6112,35,6112,200,6112,173
3,1622,3,5621,34,5621,6,5621,177
3,1627,3,2201,173,2201,3,2201,172
3,1627,4,2201,30,2201,3,2201,172
3,1633,2,1610,31,0,0,1610,30
3,1636,3,2893,177,2893,176,2893,3
3,1636,4,2893,31,2893,176,2893,3
3,1637,4,6801,39,6801,32,6801,3
3,1640,5,898,35,898,185,898,5
3,1645,3,1955,30,1955,3,1955,170
3,1646,5,5613,48,5613,3,5613,172
3,1653,4,3021,4,3021,2,3021,1
3,1654,3,1210,31,1210,173,1210,171
3,1663,5,5534,32,5534,170,5534,30
3,1664,3,5969,34,5969,5,5969,174
3,1667,3,6765,37,6765,172,6765,6
3,1670,2,6519,38,0,0,6519,30
3,1670,3,6519,40,0,0,6519,30
3,1680,4,1522,36,1522,174,1522,8
3,1680,5,1522,40,1522,174,1522,8
3,1684,2,6396,30,0,0,6396,3
3,1684,3,6396,31,0,0,6396,3
3,1686,4,6250,34,6250,174,6250,7
3,1687,3,6210,35,6210,179,6210,6
3,1687,4,6210,37,6210,6,6210,179
3,1690,3,1233,34,1233,173,1233,30
3,1690,4,1233,35,1233,173,1233,30
3,1694,3,2848,38,0,0,2848,6
3,1694,4,2848,43,0,0,2848,6
3,1700,3,5576,176,5576,177,5576,30
3,1704,3,1213,31,1213,177,1213,4
3,1709,3,45,34,45,184,45,30
3,1711,3,1954,30,1954,3,1954,170
3,1711,4,1954,31,1954,3,1954,170
3,1713,3,1954,171,0,0,1954,172
3,1713,4,1954,33,0,0,1954,172
3,1714,3,1947,30,1947,170,1947,3
3,1715,3,2047,30,2047,170,2047,5
3,1715,4,2047,31,2047,170,2047,5
3,1718,3,2022,30,2022,3,2022,170
3,1718,4,2022,31,2022,3,2022,170
3,1719,2,6335,37,0,0,6335,31
3,1723,4,706,177,706,175,706,5
3,1724,3,2238,31,2238,3,2238,170
3,1724,4,2238,33,2238,3,2238,170
3,1728,2,1823,34,1823,176,1823,171
3,1730,3,89,34,89,170,89,3
3,1737,4,2271,32,2271,170,2271,3
3,1737,5,2271,35,2271,170,2271,3
3,1738,3,1142,34,1142,174,1142,171
3,1738,4,1142,33,1142,174,1142,171
3,1747,3,1682,33,1682,174,1682,4
3,1752,4,1613,39,1613,175,1613,7
3,1752,5,1613,42,1613,175,1613,7
3,1756,3,2251,35,2251,171,2251,3
3,1761,3,1399,37,1399,4,1399,175
3,1761,4,1399,40,1399,4,1399,175
3,1762,2,691,30,0,0,691,171
3,1762,3,691,32,0,0,691,171
3,1764,3,1919,43,0,0,1919,175
3,1764,4,1919,45,0,0,1919,175
3,1767,5,2250,44,2250,4,2250,170
3,1771,2,704,30,704,907,704,3
3,1771,3,704,31,704,907,704,3
3,1780,5,6335,35,6335,32,6335,4
3,1780,6,6335,36,6335,32,6335,4
3,1782,3,6839,35,6839,8,6839,172
3,1793,2,6765,33,0,0,6765,4
3,1793,3,6765,35,0,0,6765,4
3,1796,3,1732,30,0,0,1732,8
3,1796,4,1732,31,0,0,1732,8
3,1799,3,6822,177,0,0,6822,176
3,1799,4,6822,32,0,0,6822,176
3,1800,3,90,30,90,4,90,171
3,1812,4,5379,32,5379,171,5379,174
3,1812,5,5379,33,5379,171,5379,174
3,1814,3,2831,32,2831,4,2831,171
3,1814,4,2831,33,2831,4,2831,171
3,1818,2,2195,181,0,0,2195,180
3,1819,2,1399,36,0,0,1399,6
3,1821,2,452,38,452,190,452,30
3,1823,4,1919,44,1919,174,1919,9
3,1823,5,1919,46,1919,174,1919,9
3,1827,3,2297,34,2297,30,2297,174
3,1836,4,5613,49,5613,174,5613,8
3,1840,3,935,31,935,176,935,3
3,1840,4,935,32,935,176,935,3
3,1843,2,840,42,0,0,840,38
3,1846,3,495,35,495,175,495,33
3,1846,4,495,34,495,175,495,33
3,1853,2,2516,32,0,0,2516,4
3,1853,3,2516,33,0,0,2516,4
3,1859,4,2661,40,2661,5,2661,176
3,1866,3,2055,31,2055,174,2055,5
3,1866,4,2055,33,2055,174,2055,5
3,1867,3,2055,34,2055,4,2055,181
3,1874,3,1571,40,0,0,1571,32
3,1876,3,1908,32,0,0,1908,174
3,1876,4,1908,33,0,0,1908,174
3,1878,3,53,38,53,215,53,9
3,1878,4,53,40,53,215,53,9
3,1883,3,1695,46,0,0,1695,11
3,1887,3,1107,34,1107,7,1107,175
3,1887,4,1107,35,1107,7,1107,175
3,1889,2,654,32,0,0,654,30
3,1889,3,654,33,0,0,654,30
3,1890,6,3147,6,0,0,3147,2
3,1892,3,508,31,508,172,508,4
3,1892,4,508,32,508,172,508,4
3,1893,3,3161,3,3161,1,3161,2
3,1894,3,6707,34,0,0,6707,3
3,1902,3,2516,31,0,0,2516,170
3,1903,2,1038,32,0,0,1038,3
3,1906,3,818,30,818,171,818,4
3,1906,5,818,32,818,171,818,4
3,1907,4,414,38,414,172,414,5
3,1912,4,308,37,0,0,308,3
3,1914,2,844,32,0,0,844,170
3,1914,3,844,33,0,0,844,170
3,1920,3,922,36,922,172,922,5
3,1921,4,1399,38,1399,177,1399,7
3,1921,5,1399,39,1399,177,1399,7
3,1923,4,5714,32,5714,175,5714,2
3,1923,5,5714,33,5714,175,5714,2
3,1925,3,1901,172,1901,1,1901,2
3,1926,2,5814,39,0,0,5814,31
3,1926,4,5814,186,0,0,5814,31
3,1929,2,2526,34,0,0,2526,30
3,1930,3,3345,3,0,0,3345,1
3,1930,5,3345,5,0,0,3345,1
3,1948,4,2053,31,2053,3,2053,172
3,1953,3,856,35,856,175,856,5
3,1953,4,856,38,856,175,856,5
3,1959,3,2509,39,2509,176,2509,3
3,1959,4,2509,41,2509,176,2509,3
3,1965,3,2621,34,2621,174,2621,30
3,1968,3,673,32,673,1,673,172
3,1968,4,673,174,673,1,673,172
3,1969,2,3205,2,3205,170,3205,1
3,1975,2,5570,47,0,0,5570,31
3,1979,2,6780,174,0,0,6780,6
3,1989,2,6229,31,0,0,6229,5
3,1989,3,6229,32,0,0,6229,5
3,1992,3,126,30,126,177,126,3
3,1994,3,2515,38,2515,191,2515,31
3,1994,4,2515,41,2515,191,2515,31
3,1998,3,2848,36,2848,186,2848,174
3,1998,4,2848,175,2848,186,2848,174
3,2004,2,1634,32,0,0,1634,172
3,2004,3,1634,33,0,0,1634,172
3,2007,3,3309,3,3309,1,3309,2
3,2007,4,3309,4,3309,1,3309,2
3,2012,3,220,30,220,2,220,170
3,2013,2,1866,32,0,0,1866,171
3,2016,3,1947,31,1947,4,1947,171
3,2016,4,1947,32,1947,4,1947,171
3,2020,2,5065,39,0,0,5065,34
3,2020,5,5065,45,0,0,5065,34
3,2022,3,941,37,941,185,941,31
3,2022,4,941,39,941,185,941,31
3,2025,5,1663,37,1663,170,1663,3
3,2030,4,5922,39,5922,10,5922,194
3,2050,3,1621,31,1621,3,1621,171
3,2050,4,1621,32,1621,3,1621,171
3,2054,2,2594,30,0,0,2594,3
3,2068,3,5315,34,0,0,5315,173
3,2068,5,5315,36,0,0,5315,173
3,2069,3,2509,38,2509,4,2509,173
3,2069,4,2509,40,2509,4,2509,173
3,2070,3,2660,31,2660,3,2660,172
3,2070,4,2660,32,2660,3,2660,172
3,2074,2,1571,38,0,0,1571,30
3,2074,3,1571,39,0,0,1571,30
3,2075,2,1571,37,0,0,1571,176
3,2076,2,840,41,0,0,840,32
3,2076,3,840,43,0,0,840,32
3,2087,2,6485,39,0,0,6485,30
3,2091,2,2032,40,2032,914,2032,177
3,2091,3,2032,41,2032,914,2032,177
3,2092,3,6212,35,0,0,6212,2
3,2092,4,6212,36,0,0,6212,2
3,2094,3,1222,35,1222,199,1222,5
3,2098,3,1613,36,1613,6,1613,172
3,2098,4,1613,38,1613,6,1613,172
3,2105,3,6093,36,0,0,6093,6
3,2109,3,2261,33,2261,4,2261,172
3,2109,4,2261,34,2261,4,2261,172
3,2110,5,2717,33,2717,174,2717,5
3,2111,4,1394,36,1394,173,1394,3
3,2111,5,1394,38,1394,173,1394,3
3,2113,4,5826,36,5826,33,5826,175
3,2114,2,1411,44,0,0,1411,31
3,2120,3,39,31,39,30,39,174
3,2123,2,5569,38,0,0,5569,172
3,2123,3,5569,39,0,0,5569,172
3,2133,4,2680,32,2680,171,2680,3
3,2135,2,6820,36,0,0,6820,173
3,2135,3,6820,35,0,0,6820,173
3,2146,3,2848,41,2848,184,2848,30
3,2146,4,2848,42,2848,184,2848,30
3,2149,3,1345,34,1345,178,1345,6
3,2152,3,2902,30,2902,170,2902,3
3,2152,5,2902,33,2902,170,2902,3
3,2153,4,1411,43,0,0,1411,4
3,2153,5,1411,45,0,0,1411,4
3,2164,3,699,35,699,5,699,174
3,2164,4,699,36,699,5,699,174
3,2165,4,771,32,0,0,771,30
3,2166,3,939,33,939,171,939,31
3,2183,5,5623,49,5623,5,5623,172
3,2184,3,257,37,0,0,257,174
3,2184,5,257,39,0,0,257,174
3,2188,2,5995,42,0,0,5995,30
3,2188,3,5995,44,0,0,5995,30
3,2190,3,2860,31,2860,171,2860,6
3,2190,4,2860,32,2860,171,2860,6
3,2191,3,625,31,625,175,625,5
3,2191,4,625,32,625,175,625,5
3,2192,2,1839,34,1839,175,1839,31
3,2192,3,1839,35,1839,175,1839,31
3,2194,3,2816,33,2816,171,2816,4
3,2200,3,1695,48,1695,209,1695,210
3,2202,2,5922,204,0,0,5922,38
3,2202,3,5922,205,0,0,5922,38
3,2204,3,3024,3,3024,1,3024,2
3,2206,3,61,32,61,171,61,5
3,2206,5,61,34,61,171,61,5
3,2210,3,2478,31,2478,170,2478,3
3,2211,3,5287,35,0,0,5287,178
3,2211,4,5287,36,0,0,5287,178
3,2213,2,5287,32,5287,197,5287,173
3,2215,3,2727,35,2727,21,2727,171
3,2215,4,2727,36,2727,21,2727,171
3,2218,3,6822,175,6822,6,6822,174
3,2220,2,6845,41,0,0,6845,7
3,2222,4,6845,37,0,0,6845,5
3,2222,5,6845,39,0,0,6845,5
3,2227,2,2852,41,0,0,2852,172
3,2227,4,2852,49,0,0,2852,172
3,2228,3,3422,3,0,0,3422,1
3,2230,3,1131,32,0,0,1131,173
3,2230,5,1131,34,0,0,1131,173
3,2233,4,976,33,976,180,976,172
3,2237,3,2410,31,2410,170,2410,3
3,2237,4,2410,32,2410,170,2410,3
3,2238,3,2410,33,2410,171,2410,30
3,2241,2,728,33,728,180,728,30
3,2242,3,6210,36,6210,3,6210,30
3,2246,2,5559,36,0,0,5559,172
3,2248,2,5292,39,0,0,5292,9
3,2255,3,817,32,817,3,817,170
3,2258,4,1822,34,1822,5,1822,171
3,2267,2,6655,36,0,0,6655,3
3,2267,3,6655,37,0,0,6655,3
3,2269,2,5959,36,0,0,5959,7
3,2272,3,1901,31,1901,179,1901,30
3,2277,3,3349,3,3349,2,3349,1
3,2277,4,3349,4,3349,2,3349,1
3,2285,3,2590,40,2590,175,2590,32
3,2285,4,2590,43,2590,175,2590,32
3,2290,3,1898,30,1898,174,1898,3
3,2300,4,5569,197,5569,195,5569,177
3,2303,3,5813,34,0,0,5813,6
3,2303,4,5813,35,0,0,5813,6
3,2305,3,2509,43,2509,5,2509,177
3,2309,3,2326,36,0,0,2326,35
3,2309,4,2326,37,0,0,2326,35
3,2314,3,899,32,0,0,899,2
3,2324,3,6571,177,0,0,6571,176
3,2324,4,6571,38,0,0,6571,176
3,2329,2,961,36,961,179,961,31
3,2337,3,6707,33,6707,908,6707,909
3,2339,4,2311,32,2311,170,2311,3
3,2339,5,2311,34,2311,170,2311,3
3,2344,3,1959,32,1959,4,1959,171
3,2345,4,114,34,114,21,114,170
3,2350,3,6368,34,6368,1,6368,4
3,2354,2,1399,35,0,0,1399,174
3,2355,3,1468,35,1468,175,1468,6
3,2369,3,1783,170,1783,1,1783,2
3,2369,4,1783,30,1783,1,1783,2
3,2375,4,1914,32,1914,170,1914,3
3,2377,3,5613,43,5613,10,5613,178
3,2378,5,6560,181,0,0,6560,170
3,2381,3,910,36,910,7,910,174
3,2391,3,2108,178,2108,4,2108,177
3,2391,4,2108,179,2108,4,2108,177
3,2393,3,2704,185,2704,184,2704,3
3,2393,4,2704,186,2704,184,2704,3
3,2396,3,6765,36,6765,173,6765,5
3,2398,2,6485,181,0,0,6485,180
3,2399,4,6545,178,0,0,6545,6
3,2401,4,3365,4,3365,1,3365,2
3,2401,5,3365,5,3365,1,3365,2
3,2408,2,5938,33,0,0,5938,31
3,2408,3,5938,34,0,0,5938,31
3,2420,4,998,32,998,3,998,170
3,2420,5,998,33,998,3,998,170
3,2430,3,915,33,915,3,915,172
3,2430,4,915,35,915,3,915,172
3,2434,4,856,34,0,0,856,4
3,2434,5,856,36,0,0,856,4
3,2438,3,2175,32,2175,4,2175,171
3,2438,4,2175,33,2175,4,2175,171
3,2444,2,5640,33,0,0,5640,32
3,2444,4,5640,35,0,0,5640,32
3,2455,2,838,30,0,0,838,3
3,2455,3,838,31,0,0,838,3
3,2458,3,2432,47,2432,181,2432,34
3,2458,4,2432,54,2432,181,2432,34
3,2463,3,5230,39,0,0,5230,178
3,2465,4,6735,43,6735,39,6735,7
3,2465,5,6735,45,6735,39,6735,7
3,2471,3,2299,33,2299,4,2299,172
3,2471,4,2299,36,2299,4,2299,172
3,2472,3,344,33,344,4,344,178
3,2472,4,344,34,344,4,344,178
3,2473,3,2411,173,2411,175,2411,30
3,2473,4,2411,174,2411,175,2411,30
3,2476,4,2783,31,2783,170,2783,3
3,2477,3,5442,178,0,0,5442,31
3,2479,2,5133,34,0,0,5133,31
3,2479,3,5133,35,0,0,5133,31
3,2482,2,5542,32,0,0,5542,2
3,2484,3,2717,34,2717,172,2717,6
3,2484,4,2717,36,2717,172,2717,6
3,2489,3,2199,35,2199,31,2199,180
3,2489,4,2199,36,2199,31,2199,180
3,2492,3,2197,31,2197,174,2197,30
3,2492,4,2197,32,2197,174,2197,30
3,2497,3,1985,30,1985,4,1985,172
3,2498,3,655,30,655,3,655,172
3,2498,4,655,31,655,3,655,172
3,2501,3,673,33,673,2,673,30
3,2510,3,3332,3,3332,1,3332,2
3,2510,4,3332,4,3332,1,3332,2
3,2511,3,3333,3,3333,1,3333,2
3,2512,3,3416,3,3416,1,3416,2
3,2513,3,3336,3,3336,2,3336,1
3,2513,5,3336,5,3336,2,3336,1
3,2530,3,180,30,180,3,180,171
3,2530,5,180,32,180,3,180,171
3,2533,2,1679,30,0,0,1679,4
3,2534,3,6698,33,6698,173,6698,4
3,2536,3,1098,32,1098,175,1098,30
3,2536,4,1098,33,1098,175,1098,30
3,2537,3,931,32,931,172,931,30
3,2537,4,931,33,931,172,931,30
3,2540,3,634,32,634,175,634,7
3,2540,5,634,31,634,175,634,7
3,2543,3,1970,32,1970,182,1970,5
3,2549,3,3032,3,3032,171,3032,1
3,2552,3,613,31,613,174,613,5
3,2554,4,391,31,391,172,391,3
3,2559,3,6577,40,6577,4,6577,183
3,2560,3,5922,208,0,0,5922,210
3,2560,5,5922,43,0,0,5922,210
3,2562,3,3397,7,3397,170,3397,6
3,2565,3,6545,37,6545,177,6545,7
3,2565,4,6545,40,6545,177,6545,7
3,2571,3,5570,41,0,0,5570,5
3,2572,3,1731,32,1731,174,1731,4
3,2572,5,1731,35,1731,174,1731,4
3,2574,2,6845,35,0,0,6845,6
3,2574,3,6845,38,0,0,6845,6
3,2576,3,47,40,47,176,47,32
3,2577,2,3056,3,3056,170,3056,1
3,2579,3,2852,50,2852,183,2852,33
3,2581,2,2492,30,0,0,2492,170
3,2585,3,1184,39,1184,7,1184,174
3,2585,4,1184,41,1184,7,1184,174
3,2587,3,1494,32,1494,4,1494,175
3,2587,4,1494,31,1494,4,1494,175
3,2590,4,1222,34,1222,174,1222,4
3,2590,5,1222,185,1222,174,1222,4
3,2599,3,3127,3,0,0,3127,2
3,2599,4,3127,4,0,0,3127,2
3,2601,4,2601,34,2601,176,2601,171
3,2601,5,2601,36,2601,176,2601,171
3,2607,3,656,33,656,173,656,5
3,2607,4,656,34,656,173,656,5
3,2609,3,3204,3,3204,1,3204,2
3,2609,4,3204,4,3204,1,3204,2
3,2610,3,3360,2,3360,170,3360,1
3,2610,4,3360,3,3360,170,3360,1
3,2612,4,3331,6,0,0,3331,1
3,2612,6,3331,8,0,0,3331,1
3,2614,5,3111,4,3111,170,3111,1
3,2614,6,3111,5,3111,170,3111,1
3,2620,3,3144,3,3144,1,3144,2
3,2621,3,3121,4,3121,2,3121,1
3,2623,2,5684,39,5684,4,5684,1
3,2627,3,5576,38,5576,179,5576,31
3,2630,4,2250,41,2250,5,2250,173
3,2631,4,1164,33,1164,3,1164,173
3,2638,4,952,32,952,170,952,3
3,2639,4,6790,35,6790,4,6790,171
3,2639,5,6790,36,6790,4,6790,171
3,2640,2,5306,32,0,0,5306,1
3,2644,3,6120,196,6120,1,6120,193
3,2645,5,1787,35,1787,3,1787,171
3,2654,2,6335,38,0,0,6335,6
3,2674,3,1798,39,1798,190,1798,34
3,2678,3,1763,35,1763,179,1763,6
3,2678,4,1763,36,1763,179,1763,6
3,2679,3,2852,52,2852,30,2852,184
3,2679,4,2852,54,2852,30,2852,184
3,2680,3,1522,37,1522,3,1522,171
3,2686,2,2701,43,0,0,2701,4
3,2686,3,2701,47,0,0,2701,4
3,2696,3,922,35,922,173,922,30
3,2697,3,922,31,922,171,922,4
3,2697,4,922,34,922,171,922,4
3,2703,3,3302,3,3302,1,3302,2
3,2703,4,3302,4,3302,1,3302,2
3,2709,3,1169,30,1169,176,1169,3
3,2709,4,1169,31,1169,176,1169,3
3,2715,3,2657,37,2657,171,2657,7
3,2716,4,5281,32,5281,170,5281,3
3,2718,2,5290,34,0,0,5290,7
3,2722,3,319,32,319,172,319,3
3,2724,4,856,33,856,172,856,3
3,2728,4,1893,34,0,0,1893,173
3,2728,5,1893,35,0,0,1893,173
3,2734,3,1286,32,1286,171,1286,4
3,2744,2,6041,173,6041,183,6041,170
3,2744,3,6041,174,0,0,6041,3
3,2745,3,6287,41,0,0,6287,170
3,2754,3,1684,36,1684,176,1684,5
3,2754,4,1684,37,1684,176,1684,5
3,2757,5,3171,5,3171,1,3171,2
3,2758,3,1905,33,1905,4,1905,173
3,2766,5,2195,178,2195,174,2195,5
3,2769,3,1960,32,1960,1,1960,171
3,2772,3,1516,31,1516,4,1516,170
3,2772,4,1516,33,1516,4,1516,170
3,2779,3,6191,30,6191,1,6191,2
3,2780,3,762,31,762,170,762,4
3,2782,3,459,31,459,4,459,170
3,2787,3,1695,50,1695,193,1695,10
3,2789,3,5219,193,5219,195,5219,30
3,2789,5,5219,35,5219,195,5219,30
3,2790,2,6616,33,0,0,6616,172
3,2790,3,6616,35,0,0,6616,172
3,2791,3,1799,38,0,0,1799,6
3,2791,4,1799,39,0,0,1799,6
3,2793,5,5926,36,5926,171,5926,3
3,2794,3,3409,3,3409,1,3409,2
3,2794,4,3409,4,3409,1,3409,2
3,2795,3,5425,33,5425,171,5425,3
3,2795,4,5425,34,5425,171,5425,3
3,2796,3,3437,3,3437,1,3437,2
3,2796,7,3437,7,3437,1,3437,2
3,2801,3,18,38,18,193,18,170
3,2802,3,18,39,18,183,18,31
3,2802,4,18,40,18,183,18,31
3,2804,3,5635,39,0,0,5635,2
3,2804,4,5635,180,0,0,5635,2
3,2809,3,2276,171,2276,1,2276,170
3,2811,3,649,32,649,171,649,30
3,2811,4,649,33,649,171,649,30
3,2812,3,3034,4,3034,1,3034,2
3,2813,3,1905,31,1905,5,1905,172
3,2813,4,1905,32,1905,5,1905,172
3,2814,4,823,33,823,171,823,4
3,2815,3,3323,3,3323,1,3323,2
3,2815,4,3323,4,3323,1,3323,2
3,2819,3,1624,36,1624,177,1624,3
3,2819,4,1624,37,1624,177,1624,3
3,2820,2,1061,30,0,0,1061,4
3,2820,3,1061,32,0,0,1061,4
3,2823,2,209,30,0,0,209,170
3,2826,4,1805,175,0,0,1805,2
3,2827,3,6438,32,0,0,6438,30
3,2830,3,2655,33,2655,30,2655,173
3,2832,2,5656,45,5656,184,5656,171
3,2833,3,6217,34,0,0,6217,3
3,2837,3,3386,3,3386,1,3386,2
3,2837,4,3386,4,3386,1,3386,2
3,2839,3,1697,46,1697,190,1697,37
3,2839,4,1697,47,1697,190,1697,37
3,2844,3,6546,36,6546,5,6546,182
3,2845,4,5926,32,5926,173,5926,5
3,2845,5,5926,34,5926,173,5926,5
3,2846,2,6231,40,6231,8,6231,31
3,2847,3,3367,3,3367,1,3367,2
3,2847,4,3367,4,3367,1,3367,2
3,2849,3,3221,3,3221,170,3221,2
3,2849,5,3221,5,3221,170,3221,2
3,2850,3,3232,4,3232,1,3232,2
3,2850,4,3232,5,3232,1,3232,2
3,2851,3,2722,31,2722,171,2722,3
3,2854,3,6030,38,0,0,6030,178
3,2855,3,1290,34,1290,174,1290,21
3,2855,4,1290,35,1290,174,1290,21
3,2860,4,633,41,633,183,633,30
3,2860,5,633,42,633,183,633,30
3,2861,4,2897,33,2897,170,2897,4
3,2862,3,3124,3,3124,1,3124,2
3,2863,3,2645,30,2645,1,2645,171
3,2864,3,1917,30,1917,173,1917,4
3,2866,3,656,31,656,172,656,4
3,2866,5,656,35,656,172,656,4
3,2869,4,750,34,750,30,750,174
3,2870,2,6655,38,0,0,6655,2
3,2870,3,6655,39,0,0,6655,2
3,2875,3,699,33,699,175,699,4
3,2875,4,699,34,699,175,699,4
3,2877,2,5625,32,0,0,5625,170
3,2878,3,5619,37,5619,171,5619,5
3,2882,3,814,32,0,0,814,30
3,2886,2,6436,46,6436,170,6436,31
3,2886,3,6436,48,6436,170,6436,31
3,2888,3,1663,40,1663,178,1663,9
3,2888,4,1663,42,1663,178,1663,9
3,2889,4,1823,33,1823,3,1823,170
3,2893,4,5940,32,0,0,5940,3
3,2898,2,1697,45,1697,198,1697,176
3,2900,3,6577,38,6577,174,6577,7
3,2901,3,5921,32,5921,4,5921,172
3,2904,4,821,31,821,21,821,170
3,2905,3,5230,41,5230,194,5230,6
3,2907,2,6161,31,0,0,6161,4
3,2908,3,5366,193,5366,13,5366,192
3,2908,5,5366,195,5366,13,5366,192
3,2909,2,6485,178,0,0,6485,177
3,2909,4,6485,41,0,0,6485,177
3,2914,4,5446,32,5446,170,5446,3
3,2916,3,5573,43,0,0,5573,8
3,2917,3,6231,41,6231,183,6231,33
3,2918,2,6161,32,0,0,6161,7
3,2918,3,6161,33,0,0,6161,7
3,2923,2,5874,179,0,0,5874,30
3,2925,2,2786,32,2786,31,2786,6
3,2925,3,2786,34,2786,31,2786,6
3,2926,3,6826,33,0,0,6826,7
3,2931,2,5314,37,5314,2,5314,30
3,2931,3,5314,38,5314,2,5314,30
3,2939,3,228,31,228,3,228,172
3,2942,2,311,32,0,0,311,3
3,2942,3,311,33,0,0,311,3
3,2945,3,7,39,0,0,7,171
3,2945,4,7,40,0,0,7,171
3,2950,2,6635,53,6635,5,6635,32
3,2952,3,3123,3,3123,1,3123,2
3,2953,3,1917,31,1917,3,1917,172
3,2953,4,1917,33,1917,3,1917,172
3,2955,3,5216,171,5216,172,5216,3
3,2956,3,725,31,725,178,725,177
3,2959,3,674,30,674,170,674,5
3,2961,3,3061,3,3061,1,3061,2
3,2961,4,3061,4,3061,1,3061,2
3,2964,3,1700,39,1700,920,1700,175
3,2965,3,6028,180,0,0,6028,8
3,2965,4,6028,181,0,0,6028,8
3,2968,4,1926,31,1926,170,1926,3
3,2968,5,1926,33,1926,170,1926,3
3,2969,2,5464,183,0,0,5464,184
3,2969,3,5464,43,0,0,5464,184
3,2970,3,5464,41,5464,185,5464,32
3,2972,5,1920,32,1920,170,1920,3
3,2972,6,1920,33,1920,170,1920,3
3,2979,3,6200,39,0,0,6200,10
3,2980,3,5819,34,5819,31,5819,5
3,2981,2,5429,31,5429,6,5429,8
3,2981,3,5429,32,5429,6,5429,8
3,2982,2,5136,40,0,0,5136,11
3,2982,3,5136,41,0,0,5136,11
3,2992,3,2080,31,2080,3,2080,170
3,2992,4,2080,32,2080,3,2080,170
3,2993,2,2250,42,2250,187,2250,6
3,3000,3,6605,37,0,0,6605,12
3,3000,4,6605,38,0,0,6605,12
3,3011,2,3352,3,0,0,3352,2
3,3012,3,913,31,913,5,913,173
3,3017,5,751,35,751,184,751,172
3,3018,3,751,39,751,178,751,30
3,3021,3,880,30,880,3,880,175
3,3021,4,880,31,880,3,880,175
3,3024,3,796,33,796,172,796,4
3,3024,4,796,34,796,172,796,4
3,3029,3,6103,180,6103,178,6103,5
3,3030,4,5825,30,5825,175,5825,2
3,3030,5,5825,31,5825,175,5825,2
3,3032,2,2509,36,0,0,2509,170
3,3034,2,5990,37,0,0,5990,4
3,3036,3,5898,34,5898,170,5898,3
3,3036,4,5898,37,5898,170,5898,3
3,3038,6,5613,44,5613,4,5613,170
3,3040,3,5623,46,0,0,5623,7
3,3042,3,2485,32,2485,171,2485,3
3,3046,4,2890,31,2890,174,2890,5
3,3049,2,6381,40,0,0,6381,184
3,3051,2,6024,33,0,0,6024,2
3,3052,3,2432,42,0,0,2432,190
3,3052,5,2432,53,0,0,2432,190
3,3056,4,5017,32,5017,3,5017,171
3,3059,5,6041,35,0,0,6041,171
3,3059,6,6041,39,0,0,6041,181
3,3060,2,6287,42,0,0,6287,33
3,3060,3,6287,43,0,0,6287,33
3,3061,3,2392,33,2392,172,2392,4
3,3061,4,2392,35,2392,172,2392,4
3,3063,3,6485,36,6485,4,6485,172
3,3067,2,5635,183,0,0,5635,3
3,3078,3,5849,43,0,0,5849,8
3,3086,3,922,32,922,3,922,170
3,3086,4,922,33,922,3,922,170
3,3089,4,6361,33,6361,173,6361,3
3,3089,5,6361,34,6361,173,6361,3
3,3091,3,783,31,783,4,783,171
3,3092,3,1000,34,1000,172,1000,4
3,3092,4,1000,35,1000,172,1000,4
3,3097,4,5363,33,5363,171,5363,3
3,3100,3,2524,31,2524,175,2524,171
3,3105,3,868,37,868,3,868,181
3,3108,4,6801,185,6801,35,6801,172
3,3111,4,6103,38,6103,181,6103,7
3,3111,5,6103,40,6103,181,6103,7
3,3112,3,866,32,0,0,866,4
3,3112,4,866,33,0,0,866,4
3,3121,4,6765,32,6765,170,6765,7
3,3121,5,6765,34,6765,170,6765,7
3,3122,3,5451,30,5451,3,5451,171
3,3123,3,3368,7,3368,3,3368,6
3,3123,4,3368,8,3368,3,3368,6
3,3124,3,3441,3,3441,1,3441,2
3,3124,5,3441,5,3441,1,3441,2
3,3126,2,6820,34,6820,30,6820,2
3,3132,3,5015,35,0,0,5015,3
3,3134,2,1701,34,0,0,1701,3
3,3138,3,775,31,775,5,775,172
3,3139,5,1919,37,1919,4,1919,172
3,3139,6,1919,38,1919,4,1919,172
3,3145,3,713,37,713,6,713,176
3,3146,2,3105,3,0,0,3105,2
3,3146,3,3105,4,0,0,3105,2
3,3157,2,6736,40,6736,190,6736,184
3,3159,2,5539,36,0,0,5539,6
3,3159,3,5539,39,0,0,5539,6
3,3160,3,5539,184,5539,192,5539,3
3,3160,4,5539,187,5539,192,5539,3
3,3166,3,510,31,510,170,510,30
3,3170,3,2117,30,2117,170,2117,3
3,3170,4,2117,31,2117,170,2117,3
3,3174,2,5990,180,0,0,5990,31
3,3177,2,1572,41,0,0,1572,4
3,3180,3,1663,38,1663,180,1663,8
3,3181,3,1845,30,1845,3,1845,170
3,3181,4,1845,31,1845,170,1845,3
3,3187,2,5366,49,0,0,5366,32
3,3188,3,3378,3,3378,1,3378,2
3,3188,4,3378,4,3378,1,3378,2
3,3190,2,5872,41,5872,921,5872,31
3,3194,2,5314,35,0,0,5314,172
3,3194,3,5314,36,0,0,5314,172
3,3202,3,2897,180,2897,189,2897,179
3,3208,3,6358,43,6358,4,6358,170
3,3209,2,5849,47,0,0,5849,31
3,3212,4,5553,31,5553,4,5553,171
3,3213,4,6093,38,0,0,6093,11
3,3213,5,6093,41,0,0,6093,11
3,3214,3,6187,178,6187,173,6187,10
3,3214,4,6187,179,6187,173,6187,10
3,3228,4,6365,49,6365,177,6365,11
3,3228,5,6365,50,6365,177,6365,11
3,3229,3,6853,32,6853,173,6853,30
3,3230,3,626,44,0,0,626,34
3,3230,4,626,47,0,0,626,34
3,3234,3,2109,30,2109,174,2109,2
3,3234,4,2109,31,2109,174,2109,2
3,3236,5,5048,39,0,0,5048,4
3,3237,4,6801,40,6801,4,6801,170
3,3237,5,6801,33,6801,4,6801,170
3,3239,3,2577,30,2577,3,2577,173
3,3239,4,2577,31,2577,3,2577,173
3,3240,3,5899,31,0,0,5899,3
3,3240,4,5899,32,0,0,5899,3
3,3244,4,5066,39,5066,178,5066,6
3,3244,5,5066,40,5066,178,5066,6
3,3246,4,5066,181,5066,170,5066,3
3,3263,3,1298,31,1298,171,1298,5
3,3263,4,1298,33,1298,171,1298,5
3,3268,4,6358,38,6358,171,6358,6
3,3270,4,773,36,773,172,773,4
3,3270,5,773,37,773,172,773,4
3,3274,3,634,34,634,173,634,6
3,3282,2,5706,209,0,0,5706,3
3,3284,4,2461,32,2461,30,2461,174
3,3284,5,2461,33,2461,30,2461,174
3,3286,4,6217,35,6217,176,6217,172
3,3286,5,6217,36,6217,176,6217,172
3,3287,3,3045,3,3045,1,3045,2
3,3287,4,3045,4,3045,1,3045,2
3,3293,3,2898,31,0,0,2898,2
3,3294,2,2898,32,2898,917,2898,170
3,3295,3,1542,33,1542,3,1542,176
3,3295,4,1542,35,1542,3,1542,176
3,3297,2,5885,33,0,0,5885,174
3,3299,3,2726,30,2726,170,2726,3
3,3299,4,2726,31,2726,170,2726,3
3,3302,4,1697,48,1697,5,1697,172
3,3303,5,1695,45,1695,3,1695,181
3,3305,3,5612,39,5612,913,5612,183
3,3305,4,5612,40,5612,913,5612,183
3,3306,3,3373,3,3373,1,3373,2
3,3306,4,3373,4,3373,1,3373,2
3,3309,4,5570,200,5570,30,5570,198
3,3309,5,5570,201,5570,30,5570,198
3,3310,3,18,189,18,21,18,173
3,3312,2,6820,37,6820,2,6820,30
3,3313,4,18,41,18,35,18,185
3,3316,2,2672,30,0,0,2672,171
3,3318,4,6843,32,6843,2,6843,173
3,3322,4,5314,34,5314,171,5314,5
3,3323,3,1335,53,1335,31,1335,179
3,3323,4,1335,54,1335,31,1591,171
3,3324,3,1335,56,1335,35,1335,183
3,3328,3,1701,35,1701,30,1701,178
3,3328,4,1701,36,1701,30,1701,178
3,3338,2,3116,2,0,0,3116,1
3,3344,3,2642,32,2642,180,2642,30
3,3346,4,1932,35,1932,5,1932,173
3,3350,4,2088,31,2088,173,2088,4
3,3352,4,3191,4,3191,1,3191,2
3,3353,3,5393,37,5393,5,5393,30
3,3357,4,5539,37,5539,34,5539,7
3,3357,5,5539,40,5539,34,5539,7
3,3358,4,5626,34,5626,7,5626,170
3,3360,3,6553,30,6553,172,6553,4
3,3360,4,6553,171,6553,172,6553,4
3,3363,3,1608,32,0,0,1608,30
3,3363,4,1608,33,0,0,1608,30
3,3364,3,751,37,751,186,751,31
3,3364,4,751,38,751,186,751,31
3,3367,2,6232,39,0,0,6232,7
3,3368,4,1866,33,1866,3,1866,170
3,3375,3,6436,47,6436,192,6436,33
3,3376,4,6740,34,6740,172,6740,3
3,3378,3,2474,34,2474,30,2474,171
3,3379,3,5614,180,5614,3,5614,177
3,3383,4,5299,41,5299,172,5299,9
3,3393,3,2210,33,2210,174,2210,30
3,3393,4,2210,35,2210,174,2210,30
3,3397,2,2272,33,0,0,2272,3
3,3398,3,1597,30,1597,170,1597,3
3,3398,4,1597,31,1597,170,1597,3
3,3399,3,1762,40,0,0,1762,176
3,3399,4,1762,42,0,0,1762,6
3,3408,52,6843,34,0,0,6843,6
3,3417,3,1014,32,1014,170,1014,30
3,3426,3,2017,32,2017,3,2017,172
3,3429,3,6077,176,6077,4,6077,174
3,3430,2,6370,37,0,0,6370,33
3,3430,3,6370,39,0,0,6370,33
3,3434,3,6853,33,0,0,6853,3
3,3436,4,2355,176,2355,179,2355,174
3,3436,5,2355,33,2355,179,2355,174
3,3437,3,2054,30,2054,170,2054,3
3,3437,4,2054,31,2054,170,2054,3
3,3438,3,2205,32,2205,172,2205,5
3,3442,4,2753,34,2753,5,2753,172
3,3443,5,2753,35,2753,173,2753,4
3,3446,3,5991,33,5991,171,5991,2
3,3446,4,5991,34,5991,171,5991,2
3,3447,2,6740,33,0,0,6740,4
3,3447,3,6740,35,0,0,6740,4
3,3451,3,1572,38,1572,174,1572,5
3,3451,4,1572,40,1572,174,1572,5
3,3464,3,5397,33,5397,173,5397,5
3,3464,4,5397,34,5397,173,5397,5
3,3466,3,835,30,835,4,835,173
3,3466,4,835,31,835,4,835,173
3,3477,3,203,31,203,172,203,5
3,3477,5,203,33,203,172,203,5
3,3481,3,597,35,597,5,597,176
3,3481,4,597,36,597,5,597,176
3,3485,3,1930,34,1930,172,1930,5
3,3485,4,1930,35,1930,172,1930,5
3,3489,3,1915,30,1915,4,1915,171
3,3489,4,1915,31,1915,4,1915,171
3,3492,3,698,34,698,172,698,7
3,3492,4,698,35,698,172,698,7
3,3493,2,5683,42,0,0,5683,31
3,3498,2,5479,31,0,0,5479,30
3,3502,3,1697,44,1697,42,1697,6
3,3503,5,686,36,686,171,686,33
3,3504,3,3091,3,3091,1,3091,2
3,3504,4,3091,4,3091,1,3091,2
3,3506,3,3196,3,3196,1,3196,2
3,3506,6,3196,6,3196,1,3196,2
3,3510,3,1541,36,0,0,1541,171
3,3510,4,1541,38,0,0,1541,171
3,3518,2,1568,34,1568,184,1568,32
3,3525,3,6361,30,6361,172,6361,6
3,3530,3,1879,32,1879,174,1879,175
3,3530,4,1879,33,1879,174,1879,175
3,3533,4,1805,33,1805,4,1805,174
3,3533,5,1805,34,1805,4,1805,174
3,3540,3,5057,196,5057,194,5057,4
3,3540,4,5057,47,5057,194,5057,4
3,3541,3,664,30,664,174,664,8
3,3541,4,664,35,664,174,664,8
3,3542,2,6232,47,0,0,6232,32
3,3542,3,6232,48,0,0,6232,32
3,3543,3,221,32,221,31,221,171
3,3545,3,5871,171,5871,170,5871,6
3,3555,3,6522,32,0,0,6522,1
3,3565,3,178,33,178,4,178,171
3,3565,4,178,34,178,4,178,171
3,3567,4,3380,4,3380,1,3380,2
3,3567,5,3380,5,3380,1,3380,2
3,3568,2,5416,35,5416,174,5416,6
3,3570,2,5424,33,0,0,5424,30
3,3570,3,5424,34,0,0,5424,30
3,3572,3,946,30,946,1,946,172
3,3575,4,3125,4,3125,1,3125,2
3,3575,5,3125,5,3125,1,3125,2
3,3577,3,6357,35,6357,183,6357,31
3,3581,3,2282,178,2282,3,2282,177
3,3583,3,1627,32,1627,170,1627,30
3,3585,5,5801,35,5801,32,5801,4
3,3586,3,1837,34,1837,6,1837,172
3,3586,4,1837,35,1837,6,1837,172
3,3589,4,5057,42,0,0,5057,8
3,3589,5,5057,45,0,0,5057,8
3,3597,3,2461,173,2461,172,2461,4
3,3600,4,548,36,548,8,548,175
3,3601,4,2731,35,0,0,2731,1
3,3604,4,2731,36,2731,176,2731,4
3,3604,5,2731,175,2731,1,2731,4
3,3605,4,5990,177,0,0,5990,3
3,3605,5,5990,178,0,0,5990,3
3,3607,3,6414,173,0,0,6414,1
3,3608,2,6867,201,0,0,6867,200
3,3608,3,6867,34,0,0,6867,200
3,3611,5,5478,33,5478,3,5478,170
3,3616,4,6872,31,6872,2,6872,170
3,3620,3,1306,31,1306,170,1306,3
3,3621,3,2640,30,2640,171,2640,4
3,3628,3,711,30,711,2,711,3
3,3628,4,711,31,711,2,711,3
3,3629,4,2016,31,0,0,2016,4
3,3633,3,3025,3,3025,1,3025,2
3,3633,4,3025,4,3025,1,3025,2
3,3638,4,3371,4,3371,1,3371,2
3,3638,5,3371,5,3371,1,3371,2
3,3641,4,3197,5,3197,1,3197,2
3,3644,3,573,33,573,171,573,4
3,3644,4,573,35,573,171,573,4
3,3645,3,5872,37,5872,34,5872,6
3,3647,6,2907,38,0,0,2907,9
3,3649,3,6826,32,6826,178,6826,6
3,3652,3,5430,46,5430,202,5430,30
3,3652,4,5430,53,5430,202,5430,30
3,3653,3,5812,59,5812,5,5812,171
3,3654,2,5447,32,0,0,5447,30
3,3654,3,5447,33,0,0,5447,30
3,3656,2,6053,34,0,0,6053,175
3,3657,2,5082,30,0,0,5082,3
3,3659,5,6053,35,6053,6,6053,177
3,3659,6,6053,37,6053,6,6053,177
3,3660,3,5476,30,5476,2,5476,171
3,3663,4,1335,48,1335,9,1335,174
3,3665,4,1591,33,1591,3,1591,171
3,3665,5,1591,34,1591,3,1591,171
3,3668,4,2302,47,2302,184,2302,11
3,3668,5,2302,51,2302,184,2302,11
3,3671,4,5655,35,5655,197,5655,171
3,3675,3,1568,33,1568,3,1568,173
3,3679,2,6368,33,0,0,6368,178
3,3679,3,6368,180,0,0,6368,178
3,3680,3,897,35,897,170,897,4
3,3682,3,6357,34,6357,182,6357,3
3,3693,4,3115,4,3115,1,3115,2
3,3697,4,1000,33,1000,170,1000,3
3,3710,3,713,184,713,190,713,183
3,3713,3,2639,30,2639,172,2639,3
3,3716,3,2125,31,2125,170,2125,6
3,3716,4,2125,34,2125,170,2125,6
3,3717,3,2125,30,2125,171,2125,4
3,3717,4,2125,32,2125,171,2125,4
3,3719,5,1274,33,1274,172,1274,3
3,3722,3,5393,179,5393,182,5393,171
3,3728,4,970,32,970,170,970,3
3,3730,3,1072,31,1072,3,1072,170
3,3730,4,1072,32,1072,3,1072,170
3,3737,5,6499,34,0,0,6499,170
3,3738,3,5299,43,5299,173,5299,8
3,3738,8,5299,50,5299,173,5299,8
3,3739,5,6624,34,0,0,6624,3
3,3740,3,5683,183,0,0,5683,7
3,3741,4,6864,35,6864,173,6864,3
3,3742,3,5069,37,5069,35,5069,4
3,3742,4,5069,38,0,0,5069,31
3,3743,2,5055,37,0,0,5055,31
3,3743,3,5055,38,0,0,5055,31
3,3747,3,3019,3,3019,1,3019,2
3,3750,3,5643,31,5643,170,5643,6
3,3750,4,5643,30,5643,170,5643,6
3,3754,4,1292,32,1292,176,1292,4
3,3758,3,1928,30,1928,4,1928,171
3,3760,5,1368,32,1368,174,1368,172
3,3765,3,5403,30,5403,5,5403,171
3,3765,4,5403,174,5403,5,5403,171
3,3769,4,6724,40,0,0,6724,8
3,3770,5,1222,189,1222,186,1222,3
3,3772,3,327,33,327,31,327,172
3,3775,2,6152,30,0,0,6152,2
3,3776,3,5678,37,5678,4,5678,172
3,3776,5,5678,39,5678,4,5678,172
3,3777,3,6626,34,6626,173,6626,3
3,3784,3,2506,178,0,0,2506,3
3,3800,3,50,34,50,170,50,5
3,3800,4,50,35,50,170,50,5
3,3809,3,6216,30,6216,2,6216,3
3,3811,4,5706,39,5706,199,5706,9
3,3812,3,5259,39,0,0,5259,10
3,3814,3,2461,31,0,0,2461,3
3,3821,5,6103,39,6103,171,6103,3
3,3821,6,6103,41,6103,171,6103,3
3,3825,3,5683,41,0,0,5683,8
3,3825,4,5683,43,5683,948,5683,8
3,3828,4,6024,34,0,0,6024,3
3,3828,5,6024,35,0,0,6024,3
3,3832,2,1368,175,1368,182,1368,1
3,3834,6,3376,6,3376,1,3376,2
3,3834,7,3376,7,3376,1,3376,2
3,3837,3,5635,43,5635,189,5635,190
3,3840,3,1547,31,1547,170,1547,3
3,3840,4,1547,33,1547,170,1547,3
3,3841,4,6375,33,6375,172,6375,30
3,3841,5,6375,34,6375,172,6375,30
3,3843,2,1682,34,0,0,1682,175
3,3843,3,1682,35,0,0,1682,175
3,3846,3,1591,35,1591,5,1591,172
3,3846,4,1591,36,1591,5,1591,172
3,3848,5,2302,194,2302,174,2302,8
3,3849,3,674,31,674,3,674,171
3,3855,2,3320,2,3320,901,3320,900
3,3856,3,1045,31,1045,171,1045,30
3,3857,2,6370,38,6370,5,6370,31
3,3857,3,6370,42,6370,5,6370,31
3,3861,3,3178,3,3178,6,3178,2
3,3861,5,3178,5,3178,6,3178,2
3,3865,4,5057,41,0,0,5057,15
3,3865,5,5057,44,0,0,5057,15
3,3868,2,5539,38,0,0,5539,4
3,3869,3,6549,30,6549,173,6549,4
3,3869,4,6549,31,6549,173,6549,4
3,3871,3,2237,32,2237,3,2237,172
3,3877,4,5994,32,5994,171,5994,6
3,3879,3,6738,34,0,0,6738,3
3,3882,3,2060,30,2060,170,2060,3
3,3891,4,5570,42,5570,180,5570,11
3,3891,5,5570,43,5570,180,5570,11
3,3892,4,2434,32,2434,183,2434,3
3,3893,2,2207,30,2207,174,2207,21
3,3893,3,2207,31,2207,174,2207,21
3,3894,4,1092,32,1092,170,1092,3
3,3894,5,1092,34,1092,170,1092,3
3,3896,2,6086,30,0,0,6086,1
3,3897,3,6626,37,6626,180,6626,7
3,3898,2,6086,31,0,0,6086,3
3,3899,4,2302,43,2302,6,2302,189
3,3902,3,1559,30,1559,3,1559,170
3,3903,3,2138,176,2138,5,2138,175
3,3908,3,2717,38,2717,4,2717,173
3,3909,5,1919,40,1919,3,1919,170
3,3916,2,5350,178,0,0,5350,30
3,3916,3,5350,37,0,0,5350,30
3,3921,3,2176,31,2176,4,2176,175
3,3921,4,2176,32,2176,4,2176,175
3,3922,4,677,34,677,5,677,172
3,3923,3,6154,33,6154,174,6154,3
3,3925,3,863,34,863,173,863,6
3,3925,4,863,35,863,173,863,6
3,3927,3,1285,30,1285,171,1285,5
3,3927,4,1285,32,1285,171,1285,5
3,3934,3,3229,3,3229,1,3229,2
3,3934,4,3229,4,3229,1,3229,2
3,3936,4,6724,34,0,0,6724,170
3,3936,5,6724,35,0,0,6724,170
3,3939,3,1298,32,1298,177,1298,172
3,3941,5,2801,35,2801,4,2801,171
3,3942,3,2707,43,2707,7,2707,179
3,3942,4,2707,44,2707,7,2707,179
3,3944,3,1485,33,1485,171,1485,3
3,3944,4,1485,34,1485,171,1485,3
3,3951,3,2615,46,0,0,2615,174
3,3952,3,1434,35,1434,170,1434,32
3,3954,4,5264,31,5264,170,5264,4
3,3954,5,5264,32,5264,170,5264,4
3,3955,2,5350,39,5350,181,5350,31
3,3958,2,2198,31,0,0,2198,171
3,3963,3,2846,176,2846,175,2846,6
3,3963,4,2846,177,2846,175,2846,6
3,3965,3,677,37,677,187,677,182
3,3969,2,5676,34,0,0,5676,176
3,3980,3,1762,41,1762,178,1762,32
3,3980,4,1762,43,1762,178,1762,32
3,3982,4,3085,4,3085,170,3085,2
3,3986,6,687,171,687,170,687,3
3,3989,3,280,32,280,4,280,172
3,3989,4,280,33,280,4,280,172
3,3991,3,3094,3,3094,1,3094,2
3,3991,4,3094,4,3094,1,3094,2
3,3992,3,3238,3,3238,1,3238,2
3,3992,4,3238,4,3238,1,3238,2
3,3993,3,3242,3,3242,1,3242,2
3,3993,4,3242,4,3242,1,3242,2
3,4004,3,5499,36,5499,183,5499,182
3,4005,4,1684,34,1684,173,1684,6
3,4005,5,1684,35,1684,173,1684,6
3,4007,3,5274,31,0,0,5274,4
3,4007,4,5274,32,0,0,5274,4
3,4008,4,2852,46,2852,190,2852,6
3,4008,6,2852,53,2852,190,2852,6
3,4009,4,2643,32,2643,172,2643,3
3,4014,3,6724,204,6724,185,6724,31
3,4028,3,2302,53,2302,202,2302,32
3,4029,2,2302,48,2302,216,2302,201
3,4031,3,564,34,564,3,564,32
3,4040,3,1221,33,1221,3,1221,170
3,4040,4,1221,34,1221,3,1221,170
3,4041,3,691,36,691,5,691,176
3,4046,3,2822,32,2822,30,2822,175
3,4050,4,1925,31,1925,170,1925,1
3,4051,4,1445,35,1445,7,1445,173
3,4051,5,1445,37,1445,7,1445,173
3,4053,3,1096,33,0,0,1096,174
3,4060,3,1048,194,1048,208,1048,191
3,4060,4,1048,195,1048,208,1048,191
3,4061,4,1048,185,0,0,1048,4
3,4066,3,1915,32,1915,175,1915,5
3,4071,2,6436,49,0,0,6436,36
3,4073,4,5488,31,5488,173,5488,7
3,4075,3,2603,179,2603,7,2603,177
3,4075,4,2603,33,2603,7,2603,177
3,4092,3,1762,44,1762,181,1762,30
3,4093,2,5034,42,0,0,5034,170
3,4093,3,5034,43,0,0,5034,170
3,4096,3,2108,33,2108,173,2108,5
3,4096,4,2108,34,2108,173,2108,5
3,4097,4,2680,33,2680,5,2680,174
3,4097,5,2680,34,2680,5,2680,174
3,4106,3,1807,35,1807,5,1807,170
3,4113,2,5126,35,0,0,5126,1
3,4121,2,897,34,0,0,897,6
3,4128,4,630,33,630,21,630,171
3,4130,3,2030,41,2030,5,2030,175
3,4132,3,5335,35,5335,5,5335,4
3,4132,4,5335,36,5335,5,5335,4
3,4136,3,713,39,713,185,713,33
3,4139,3,2285,36,2285,4,2285,175
3,4139,4,2285,37,2285,4,2285,175
3,4140,4,2532,31,2532,170,2532,3
3,4140,5,2532,32,2532,170,2532,3
3,4141,3,782,171,782,170,782,3
3,4145,3,2353,30,2353,3,2353,171
3,4145,5,2353,35,2353,3,2353,171
3,4150,3,749,35,749,181,749,173
3,4151,3,2198,33,2198,174,2198,5
3,4155,7,2443,33,2443,2,2443,175
3,4160,4,1150,172,0,0,1150,170
3,4161,4,5916,38,5916,176,5916,8
3,4162,3,1695,64,1695,1,1695,2
3,4163,3,1762,45,1762,31,1762,180
3,4166,4,2225,33,2225,173,2225,170
3,4169,3,368,32,368,3,368,170
3,4170,3,6157,31,6157,173,6157,3
3,4179,2,5771,30,5771,3,5771,170
3,4182,4,5814,184,0,0,5814,5
3,4182,5,5814,185,0,0,5814,5
3,4183,2,2004,35,0,0,2004,177
3,4183,3,2004,36,0,0,2004,177
3,4184,3,2435,32,2435,5,2435,172
3,4184,4,2435,34,2435,5,2435,172
3,4186,4,6170,33,6170,6,6170,171
3,4186,5,6170,34,6170,6,6170,171
3,4187,2,5308,32,0,0,5308,4
3,4191,4,909,32,909,170,909,3
3,4192,3,908,36,908,177,908,6
3,4192,4,908,37,908,177,908,6
3,4194,3,2756,173,2756,172,2756,3
3,4194,4,2756,34,2756,172,2756,3
3,4203,3,354,31,0,0,354,171
3,4206,3,6625,33,6625,21,6625,170
3,4210,3,1260,43,1260,171,1260,39
3,4211,3,3291,3,0,0,3291,2
3,4212,2,106,31,0,0,106,173
3,4212,3,106,32,0,0,106,173
3,4214,3,355,31,355,174,355,3
3,4216,3,5012,38,0,0,5012,183
3,4216,4,5012,39,0,0,5012,183
3,4220,3,2569,37,0,0,2569,31
3,4220,4,2569,38,0,0,2569,31
3,4221,4,2302,50,0,0,2302,173
3,4226,3,1786,48,1786,185,1786,3
3,4227,3,2240,175,0,0,2240,30
3,4230,3,323,34,323,5,323,173
3,4231,2,783,32,0,0,783,3
3,4237,3,5610,31,5610,173,5610,3
3,4237,4,5610,32,5610,173,5610,3
3,4242,3,2055,30,2055,175,2055,3
3,4242,4,2055,32,2055,175,2055,3
3,4247,4,1859,33,1859,4,1859,171
3,4251,2,846,30,0,0,846,6
3,4251,3,846,45,0,0,846,6
3,4257,3,639,32,639,186,639,175
3,4258,2,702,32,0,0,702,30
3,4259,2,5495,32,5495,2,5495,30
3,4259,3,5495,34,5495,2,5495,30
3,4262,3,1695,54,1695,208,1695,34
3,4265,4,5034,40,5034,174,5034,5
3,4268,3,3070,3,3070,1,3070,2
3,4271,3,1965,31,1965,171,1965,5
3,4274,2,5366,48,0,0,5366,33
3,4278,2,6546,34,0,0,6546,9
3,4278,3,6546,37,0,0,6546,9
3,4279,5,6041,36,0,0,6041,181
3,4280,3,3375,5,0,0,3375,170
3,4283,2,2271,34,0,0,2271,5
3,4285,3,47,35,47,174,47,31
3,4285,4,47,39,47,174,47,31
3,4289,5,6064,37,0,0,6064,4
3,4289,6,6064,38,0,0,6064,4
3,4291,2,1505,30,0,0,1505,4
3,4292,2,6434,30,0,0,6434,170
3,4305,3,2897,32,2897,171,2897,3
3,4305,4,2897,34,2897,171,2897,3
3,4307,3,2129,35,2129,3,2129,183
3,4310,3,1917,32,1917,174,1917,5
3,4310,4,1917,34,1917,174,1917,5
3,4318,2,6607,180,0,0,6607,8
3,4319,4,6635,52,6635,6,6635,176
3,4321,5,729,41,729,188,729,6
3,4321,6,729,43,729,188,729,6
3,4327,4,2615,47,2615,176,2615,7
3,4327,5,2615,49,2615,176,2615,7
3,4330,3,691,34,691,6,691,172
3,4330,4,691,35,691,6,691,172
3,4332,3,6370,40,6370,186,6370,32
3,4334,3,5900,35,5900,173,5900,5
3,4335,3,2807,30,2807,3,2807,170
3,4335,4,2807,31,2807,3,2807,170
3,4338,4,5562,32,5562,171,5562,5
3,4339,4,5684,201,5684,32,5684,205
3,4343,2,5440,32,0,0,5440,3
3,4343,3,5440,33,0,0,5440,3
3,4345,3,5136,39,5136,188,5136,187
3,4348,4,1411,186,1411,13,1411,184
3,4355,4,833,35,833,6,833,178
3,4360,3,5393,38,0,0,5393,33
3,4361,2,5305,34,0,0,5305,6
3,4361,3,5305,35,0,0,5305,6
3,4362,2,6110,44,6110,171,6110,32
3,4362,3,6110,47,6110,171,6110,32
3,4363,2,5547,35,0,0,5547,170
3,4370,3,880,33,880,180,880,174
3,4378,3,1480,33,1480,179,1480,31
3,4378,4,1480,34,1480,179,1480,31
3,4385,6,5623,47,5623,45,5623,8
3,4385,7,5623,48,5623,45,5623,8
3,4394,3,1168,37,0,0,1168,8
3,4395,3,2177,34,2177,185,2177,178
3,4401,3,2468,30,0,0,2468,171
3,4401,4,2468,31,0,0,2468,171
3,4407,3,2225,34,2225,4,2225,172
3,4409,5,3375,6,3375,1,3375,2
3,4410,4,3369,4,3369,1,3369,2
3,4410,7,3369,7,3369,1,3369,2
3,4416,2,1547,32,0,0,1547,5
3,4417,2,6724,36,0,0,6724,30
3,4417,3,6724,39,0,0,6724,30
3,4428,4,6327,171,6327,170,6327,4
3,4428,5,6327,172,6327,170,6327,4
3,4433,3,1411,39,0,0,1411,7
3,4439,4,5527,31,0,0,5527,172
3,4440,4,6110,40,0,0,6110,179
3,4441,2,5537,180,0,0,5537,3
3,4442,4,6736,35,6736,173,6736,3
3,4446,3,6125,36,6125,183,6125,5
3,4446,5,6125,31,6125,183,6125,5
3,4450,3,2151,39,2151,174,2151,3
3,4452,3,181,31,181,3,181,171
3,4452,4,181,32,181,3,181,171
3,4453,3,6073,37,6073,178,6073,31
3,4454,3,5613,41,5613,188,5613,6
3,4456,3,5613,45,5613,182,5613,12
3,4456,4,5613,46,5613,182,5613,12
3,4457,3,5615,37,5615,181,5615,11
3,4461,2,6073,34,0,0,6073,2
3,4463,2,6664,31,0,0,6664,172
3,4464,2,6664,173,0,0,6664,172
3,4472,2,2019,31,0,0,2019,4
3,4475,2,1695,199,1695,225,1695,37
3,4480,3,1013,32,1013,171,1013,7
3,4480,5,1013,33,1013,171,1013,7
3,4482,3,6575,31,0,0,6575,171
3,4482,4,6575,32,0,0,6575,171
3,4484,3,1121,34,0,0,1121,174
3,4490,3,1351,35,1351,3,1351,174
3,4490,4,1351,36,1351,3,1351,174
3,4493,2,5901,38,0,0,5901,175
3,4494,3,6789,32,6789,176,6789,7
3,4495,4,6377,36,6377,173,6377,5
3,4495,5,6377,37,6377,173,6377,5
3,4496,3,2240,31,0,0,2240,170
3,4498,2,5820,34,0,0,5820,7
3,4498,3,5820,35,0,0,5820,7
3,4499,2,2867,32,0,0,2867,3
3,4502,3,2280,39,2280,171,2280,2
3,4503,5,2280,38,2280,3,2280,172
3,4503,6,2280,41,2280,3,2280,172
3,4505,3,760,172,760,4,760,171
3,4505,4,760,173,760,4,760,171
3,4511,4,1893,36,1893,3,1893,174
3,4511,5,1893,37,1893,3,1893,174
3,4513,3,605,31,605,170,605,3
3,4518,2,5052,48,0,0,5052,4
3,4523,2,5995,32,0,0,5995,6
3,4523,5,5995,38,0,0,5995,6
3,4536,5,1975,32,1975,170,1975,4
3,4536,6,1975,33,1975,170,1975,4
3,4537,3,465,33,465,179,465,30
3,4537,4,465,34,465,179,465,30
3,4540,3,6615,33,6615,173,6615,4
3,4545,4,717,33,717,176,717,4
3,4546,3,2618,35,2618,172,2618,31
3,4557,3,5628,37,0,0,5628,6
3,4557,5,5628,41,0,0,5628,6
3,4562,2,6127,38,0,0,6127,178
3,4563,2,2875,34,0,0,2875,7
3,4563,3,2875,35,0,0,2875,7
3,4567,3,5960,48,5960,189,5960,38
3,4568,3,2629,30,2629,170,2629,3
3,4568,4,2629,31,2629,170,2629,3
3,4573,3,5526,49,5526,171,5526,10
3,4577,3,706,171,706,7,706,170
3,4577,4,706,30,706,7,706,170
3,4580,4,3408,4,3408,1,3408,2
3,4581,3,1807,37,0,0,1807,30
3,4583,4,1302,37,1302,178,1302,3
3,4584,7,6785,37,6785,178,6785,7
3,4584,8,6785,38,6785,178,6785,7
3,4585,3,5012,177,5012,186,5012,187
3,4592,2,6635,44,0,0,6635,9
3,4592,5,6635,42,0,0,6635,9
3,4596,3,2067,36,2067,5,2067,188
3,4596,4,2067,37,2067,5,2067,188
3,4600,3,2524,30,2524,174,2524,172
3,4604,2,2181,38,2181,187,2181,30
3,4607,3,5909,37,0,0,5909,184
3,4608,3,6111,33,0,0,6111,4
3,4608,4,6111,34,0,0,6111,4
3,4613,3,2198,32,0,0,2198,3
3,4613,4,2198,34,0,0,2198,3
3,4614,3,779,38,779,175,779,173
3,4616,5,151,37,151,3,151,171
3,4616,6,151,38,151,3,151,171
3,4617,3,5834,34,0,0,5834,7
3,4622,3,602,35,0,0,602,184
3,4623,3,2177,35,2177,179,2177,5
3,4623,4,2177,36,2177,179,2177,5
3,4626,3,2750,31,2750,3,2750,172
3,4626,4,2750,32,2750,3,2750,172
3,4627,3,2851,34,0,0,2851,5
3,4627,4,2851,35,0,0,2851,5
3,4628,3,2851,32,2851,171,2851,3
3,4628,4,2851,33,2851,171,2851,3
3,4629,2,916,36,916,198,916,31
3,4632,3,5392,39,5392,189,5392,30
3,4632,4,5392,40,5392,189,5392,30
3,4643,3,2412,33,2412,170,2412,30
3,4644,5,3063,5,3063,1,3063,2
3,4644,6,3063,6,3063,1,3063,2
3,4646,3,1230,31,1230,171,1230,30
3,4649,3,1862,32,1862,171,1862,30
3,4649,4,1862,33,1862,171,1862,30
3,4651,3,6545,39,6545,176,6545,5
3,4651,4,6545,41,6545,176,6545,5
3,4655,4,2907,35,2907,6,2907,174
3,4655,5,2907,36,2907,6,2907,174
3,4656,3,2593,33,2593,172,2593,170
3,4658,3,2786,33,2786,30,2786,171
3,4659,3,5548,36,0,0,5548,9
3,4661,2,6107,47,0,0,6107,30
3,4663,2,6107,43,0,0,6107,6
3,4665,3,6800,38,0,0,6800,37
3,4673,2,964,35,0,0,964,173
3,4677,3,5199,35,5199,4,5199,178
3,4681,2,6368,35,0,0,6368,5
3,4682,3,1583,31,0,0,1583,3
3,4684,2,5863,44,0,0,5863,33
3,4687,3,490,32,490,174,490,172
3,4690,3,999,33,999,172,999,4
3,4690,4,999,34,999,172,999,4
3,4692,3,610,33,610,175,610,173
3,4695,4,165,32,165,174,165,4
3,4699,3,2869,31,2869,170,2869,30
3,4701,3,5987,35,5987,6,5987,188
3,4701,4,5987,36,5987,6,5987,188
3,4706,5,672,174,672,171,672,3
3,4711,3,6854,173,0,0,6854,172
3,4712,3,5491,34,0,0,5491,177
3,4714,2,5491,33,0,0,5491,4
3,4715,2,5332,187,0,0,5332,31
3,4715,3,5332,41,0,0,5332,31
3,4716,3,51,31,51,171,51,30
3,4716,4,51,32,51,171,51,30
3,4718,2,5031,38,0,0,5031,6
3,4718,3,5031,40,0,0,5031,6
3,4721,3,5332,43,5332,191,5332,32
3,4723,5,5458,36,5458,4,5458,170
3,4724,3,1051,42,1051,185,1051,38
3,4724,4,1051,45,1051,185,1051,38
3,4733,5,5990,35,5990,2,5990,172
3,4733,7,5990,36,5990,2,5990,172
3,4738,2,5646,35,0,0,5646,6
3,4738,4,5646,38,0,0,5646,6
3,4750,3,636,31,0,0,636,2
3,4750,5,636,33,636,3,636,170
3,4753,3,2393,30,2393,171,2393,4
3,4753,4,2393,31,2393,171,2393,4
3,4755,3,5462,31,5462,4,5462,170
3,4755,4,5462,33,5462,4,5462,170
3,4756,3,5592,32,0,0,5592,7
3,4756,4,5592,31,0,0,5592,7
3,4758,2,2016,32,0,0,2016,6
3,4758,3,2016,33,0,0,2016,6
3,4767,2,432,32,432,174,432,31
3,4771,4,5464,40,0,0,5464,7
3,4773,3,96,33,96,173,96,5
3,4775,5,6150,33,0,0,6150,4
3,4775,6,6150,34,0,0,6150,4
3,4779,3,2618,32,2618,170,2618,3
3,4779,4,2618,33,2618,170,2618,3
3,4780,3,700,32,0,0,700,176
3,4780,4,700,34,0,0,700,176
3,4782,3,6203,182,0,0,6203,2
3,4782,4,6203,183,0,0,6203,2
3,4785,3,6605,33,6605,11,6605,190
3,4785,5,6605,35,6605,11,6605,190
3,4788,3,5057,197,0,0,5057,190
3,4793,3,796,32,796,177,796,173
3,4794,3,2237,31,2237,4,2237,171
3,4799,3,5660,31,0,0,5660,5
3,4800,4,1542,34,1542,5,1542,174
3,4800,5,1542,36,1542,5,1542,174
3,4802,3,5462,32,5462,5,5462,174
3,4802,4,5462,35,5462,5,5462,174
3,4806,3,1945,32,1945,30,1945,179
3,4808,3,3404,3,3404,1,3404,2
3,4808,4,3404,4,3404,1,3404,2
3,4809,3,3233,3,3233,1,3233,2
3,4809,4,3233,4,3233,1,3233,2
3,4810,3,3090,3,3090,1,3090,2
3,4810,4,3090,4,3090,1,3090,2
3,4812,4,6030,34,6030,177,6030,7
3,4812,6,6030,37,6030,177,6030,7
3,4814,2,5549,34,5549,180,5549,6
3,4814,3,5549,36,5549,180,5549,6
3,4817,4,6107,45,6107,187,6107,922
3,4819,3,5464,42,0,0,5464,2
3,4821,3,5154,45,5154,36,5154,8
3,4822,4,5142,34,5142,4,5142,174
3,4822,5,5142,35,5142,4,5142,174
3,4826,3,2799,31,2799,177,2799,5
3,4826,4,2799,32,2799,177,2799,5
3,4828,4,1152,38,1152,35,1152,176
3,4830,3,729,40,729,30,729,183
3,4830,4,729,42,729,30,729,183
3,4832,4,769,38,769,174,769,4
3,4837,5,5046,176,5046,173,5046,2
3,4837,6,5046,177,5046,173,5046,2
3,4838,4,2502,36,2502,5,2502,172
3,4838,5,2502,37,2502,5,2502,172
3,4841,3,857,30,857,3,857,174
3,4841,4,857,31,857,3,857,174
3,4842,3,5061,35,5061,178,5061,177
3,4843,3,1284,31,1284,3,1284,170
3,4843,4,1284,32,1284,3,1284,170
3,4848,3,2198,35,2198,4,2198,173
3,4848,4,2198,36,2198,4,2198,173
3,4849,2,5458,173,173,1,5458,3
3,4850,3,5458,35,0,0,5458,2
3,4850,4,5458,37,0,0,5458,32
3,4859,2,5526,44,0,0,5526,14
3,4859,3,5526,46,0,0,5526,14
3,4860,2,2083,30,2083,180,2083,171
3,4861,3,6166,59,6166,4,6166,40
3,4863,2,5501,41,0,0,5501,32
3,4863,3,5501,44,0,0,5501,32
3,4868,3,3156,3,3156,1,3156,2
3,4868,4,3156,4,3156,1,3156,2
3,4870,3,3217,3,3217,1,3217,2
3,4873,2,6179,174,0,0,6179,173
3,4873,3,6179,40,0,0,6179,173
3,4874,3,3417,3,3417,1,3417,2
3,4875,2,5154,39,0,0,5154,32
3,4875,3,5154,41,0,0,5154,32
3,4879,3,6840,33,6840,173,6840,30
3,4882,3,557,176,557,175,557,30
3,4882,4,557,177,557,175,557,30
3,4888,3,5170,41,5170,186,5170,30
3,4893,3,129,197,129,196,129,35
3,4893,4,129,41,129,196,129,35
3,4895,3,970,33,970,4,970,171
3,4896,2,1962,30,0,0,1962,176
3,4896,3,1962,31,0,0,1962,176
3,4897,3,1144,36,1144,32,1144,174
3,4905,3,5968,33,0,0,5968,5
3,4905,4,5968,34,0,0,5968,5
3,4908,3,1066,33,1066,172,1066,30
3,4908,4,1066,35,1066,172,1066,30
3,4913,3,1750,31,1750,178,1750,3
3,4915,3,1878,33,1878,1,1878,172
3,4915,4,1878,34,1878,1,1878,172
3,4918,4,3237,6,3237,1,3237,2
3,4918,5,3237,7,3237,1,3237,2
3,4922,2,6183,170,6183,905,6183,3
3,4923,3,1775,36,1775,179,1775,5
3,4923,4,1775,37,1775,179,1775,5
3,4924,3,356,31,356,173,356,3
3,4930,2,6203,185,0,0,6203,184
3,4930,3,6203,186,0,0,6203,184
3,4934,3,5960,42,5960,188,5960,34
3,4934,4,5960,45,5960,188,5960,34
3,4935,2,5960,44,5960,195,5960,33
3,4939,2,5055,42,5055,924,5055,178
3,4940,3,5070,175,5070,174,5070,4
3,4941,3,5052,50,0,0,5052,174
3,4945,3,5302,37,5302,176,5302,7
3,4946,3,1285,31,1285,172,1285,4
3,4946,4,1285,33,1285,172,1285,4
3,4952,4,5035,31,5035,3,5035,171
3,4956,5,3374,5,3374,4,3374,2
3,4957,2,1782,33,9999,999,1782,30
3,4957,3,1782,35,9999,999,1782,30
3,4961,3,6862,45,6862,181,6862,8
3,4963,4,1227,35,1227,2,1227,193
3,4965,3,563,47,563,194,563,40
3,4967,2,628,34,0,0,628,30
3,4968,3,6626,38,6626,176,6626,8
3,4969,4,5678,34,0,0,5678,2
3,4969,5,5678,36,0,0,5678,2
3,4970,3,6660,31,0,0,6660,3
3,4970,4,6660,32,0,0,6660,3
3,4972,3,5655,37,5655,34,5655,174
3,4972,4,5655,40,5655,34,5655,174
3,4973,3,2678,38,2678,5,2678,175
3,4973,5,2678,40,2678,5,2678,175
3,4974,3,6418,36,0,0,6418,3
3,4974,4,6418,176,0,0,6418,3
3,4977,4,729,31,729,3,729,171
3,4977,5,729,32,729,3,729,171
3,4978,3,1540,178,1540,5,1540,177
3,4983,4,1850,33,1850,4,1850,172
3,4983,5,1850,34,1850,4,1850,172
3,5001,2,5663,47,5663,199,5663,34
3,5001,3,5663,52,5663,199,5663,34
3,5008,3,2151,40,2151,7,2151,177
3,5008,4,2151,41,2151,7,2151,177
3,5010,3,1893,38,1893,177,1893,5
3,5012,3,3023,3,3023,1,3023,2
3,5012,4,3023,4,3023,1,3023,2
3,5015,3,6073,33,6073,3,6073,173
3,5015,4,6073,36,6073,3,6073,173
3,5022,3,6498,33,6498,187,6498,6
3,5024,4,6583,46,0,0,6583,6
3,5026,4,5299,177,0,0,5299,5
3,5026,5,5299,178,0,0,5299,5
3,5031,3,6736,36,6736,181,6736,5
3,5031,4,6736,39,6736,181,6736,5
3,5034,2,1824,176,0,0,1824,2
3,5040,3,6577,41,6577,9,6577,185
3,5047,2,5858,37,5858,7,5858,33
3,5047,3,5858,39,5858,7,5858,33
3,5048,4,5680,31,5680,171,5680,4
3,5048,5,5680,33,5680,171,5680,4
3,5056,2,2240,34,0,0,2240,3
3,5060,3,1258,30,1258,170,1258,3
3,5060,4,1258,31,1258,170,1258,3
3,5062,3,1383,37,1383,174,1383,31
3,5062,4,1383,40,1383,174,1383,31
3,5071,3,5693,49,5693,935,5693,32
3,5077,3,6583,49,0,0,6583,30
3,5077,4,6583,52,0,0,6583,30
3,5078,7,5052,49,0,0,5052,8
3,5078,8,5052,192,0,0,5052,8
3,5080,3,1168,35,0,0,1168,3
3,5080,4,1168,36,0,0,1168,3
3,5084,2,6684,34,0,0,6684,4
3,5084,3,6684,41,0,0,6684,4
3,5085,2,6588,40,0,0,6588,3
3,5090,3,473,36,473,172,473,177
3,5092,5,652,33,652,5,652,171
3,5092,6,652,35,652,5,652,171
3,5096,2,5499,33,5499,195,5499,8
3,5097,4,2354,35,0,0,2354,3
3,5099,3,6802,174,6802,3,6802,171
3,5100,3,1430,30,1430,170,1430,4
3,5100,4,1430,31,1430,170,1430,4
3,5102,3,5154,44,0,0,5154,33
3,5102,4,5154,46,0,0,5154,33
3,5107,3,727,30,727,171,727,3
3,5117,2,5693,196,0,0,5693,2
3,5118,3,6706,34,0,0,6706,1
3,5119,3,5120,32,5120,183,5120,177
3,5120,3,5031,39,0,0,5031,5
3,5120,5,5031,50,0,0,5031,32
3,5122,3,749,33,749,1,749,171
3,5122,4,749,34,749,1,749,171
3,5126,3,1051,44,1051,183,1051,36
3,5128,3,2341,31,2341,5,2341,172
3,5128,4,2341,32,2341,5,2341,172
3,5129,3,891,31,891,178,891,177
3,5129,4,891,32,891,178,891,177
3,5131,2,1432,31,0,0,1432,170
3,5140,6,6179,38,6179,3,6179,170
3,5140,7,6179,41,6179,3,6179,170
3,5143,3,2701,48,0,0,2701,41
3,5143,4,2701,52,0,0,2701,41
3,5146,2,5784,32,0,0,5784,5
3,5146,4,5784,37,0,0,5784,5
3,5147,4,6377,35,6377,2,6377,170
3,5150,4,6589,34,0,0,6589,6
3,5154,2,3131,2,0,0,3131,1
3,5154,3,3131,3,0,0,3131,1
3,5155,4,1919,41,1919,6,1919,173
3,5157,2,6370,41,0,0,6370,172
3,5160,4,1579,42,1579,6,1579,172
3,5169,3,6583,200,6583,7,6583,199
3,5169,4,6583,48,6583,7,6583,199
3,5170,3,6583,50,0,0,6583,37
3,5176,4,3207,4,3207,1,3207,2
3,5176,5,3207,5,3207,1,3207,2
3,5177,3,652,37,652,6,652,173
3,5180,3,6376,34,6376,4,6376,172
3,5183,3,5493,39,0,0,5493,7
3,5183,5,5493,42,0,0,5493,7
3,5186,2,5677,43,5677,40,5677,36
3,5188,2,5678,38,0,0,5678,30
3,5188,3,5678,41,0,0,5678,30
3,5190,2,6145,37,0,0,6145,32
3,5191,3,6088,34,6088,176,6088,31
3,5192,6,5234,30,5234,3,5234,171
3,5192,7,5234,31,5234,3,5234,171
3,5193,5,6205,182,6205,4,6205,175
3,5194,10,6205,193,6205,183,6205,5
3,5194,11,6205,42,6205,183,6205,5
3,5195,3,6205,41,6205,195,6205,177
3,5196,2,5872,38,0,0,5872,175
3,5196,3,5872,40,0,0,5872,175
3,5199,4,3312,5,3312,1,3312,2
3,5204,2,5332,42,0,0,5332,188
3,5207,5,6583,45,6583,177,6583,8
3,5209,3,6588,42,6588,177,6588,35
3,5210,2,6793,36,0,0,6793,170
3,5211,2,6793,37,0,0,6793,31
3,5211,3,6793,38,0,0,6793,31
3,5212,2,6110,41,0,0,6110,30
3,5212,4,6110,46,0,0,6110,30
3,5218,3,2224,45,2224,190,2224,33
3,5220,3,5462,36,0,0,5462,6
3,5221,2,5016,33,0,0,5016,170
3,5221,3,5016,34,0,0,5016,170
3,5227,4,1178,177,1178,5,1178,175
3,5232,2,6832,35,0,0,6832,3
3,5232,3,6832,42,0,0,6832,3
3,5233,4,6444,34,6444,3,6444,171
3,5233,5,6444,35,6444,3,6444,171
3,5238,2,5430,52,5430,173,5430,200
3,5239,4,5430,195,5430,190,5430,3
3,5241,2,6066,30,6066,174,6066,5
3,5241,3,6066,31,6066,174,6066,5
3,5242,3,5142,33,0,0,5142,171
3,5244,4,1700,38,0,0,1700,5
3,5247,3,174,37,174,174,174,6
3,5247,4,174,40,174,174,174,6
3,5249,4,2302,198,0,0,2302,195
3,5249,5,2302,199,0,0,2302,195
3,5256,2,982,32,0,0,982,3
3,5261,3,1258,32,1258,175,1258,171
3,5261,4,1258,34,1258,175,1258,171
3,5263,3,5900,36,0,0,5900,7
3,5263,4,5900,39,0,0,5900,7
3,5273,2,5814,40,0,0,5814,30
3,5277,3,2435,31,2435,4,2435,175
3,5277,5,2435,36,2435,4,2435,175
3,5283,2,5031,42,5031,33,5031,3
3,5283,3,5031,46,5031,33,5031,3
3,5290,2,1048,38,1048,207,1048,206
3,5290,3,1048,39,1048,207,1048,206
3,5294,3,5821,173,5821,5,5821,176
3,5294,4,5821,174,5821,5,5821,176
3,5295,3,455,34,455,180,455,30
3,5304,2,1571,181,0,0,1571,171
3,5306,2,5459,32,0,0,5459,176
3,5311,4,652,34,652,170,652,3
3,5315,3,5897,31,5897,170,5897,5
3,5315,4,5897,32,5897,170,5897,5
3,5317,2,105,35,105,181,105,4
3,5320,2,2518,33,0,0,2518,9
3,5320,3,2518,176,0,0,2518,9
3,5323,4,173,35,173,172,173,3
3,5323,5,173,37,173,172,173,3
3,5328,4,2030,38,2030,7,2030,174
3,5329,2,5136,180,0,0,5136,10
3,5329,3,5136,181,0,0,5136,10
3,5332,2,10,33,0,0,10,177
3,5348,2,2895,32,0,0,2895,2
3,5349,3,1167,44,0,0,1167,30
3,5349,4,1167,45,0,0,1167,30
3,5351,3,1168,174,0,0,1168,31
3,5351,4,1168,175,0,0,1168,31
3,5352,4,2011,33,2011,4,2011,174
3,5355,4,941,34,941,189,941,4
3,5356,4,2238,35,2238,5,2238,171
3,5356,5,2238,36,2238,5,2238,171
3,5360,8,2224,42,2224,7,2224,184
3,5360,9,2224,44,2224,7,2224,184
3,5362,3,2224,39,2224,179,2224,6
3,5362,4,2224,30,2224,179,2224,6
3,5369,5,1426,36,1426,180,1426,2
3,5369,7,1426,40,1426,180,1426,2
3,5370,3,2416,35,2416,172,2416,6
3,5370,4,2416,36,2416,172,2416,6
3,5373,3,6537,36,0,0,6537,31
3,5376,2,6840,32,0,0,6840,3
3,5380,3,1994,177,1994,7,1994,176
3,5380,4,1994,178,1994,7,1994,176
3,5384,3,1100,34,1100,170,1100,3
3,5386,6,2280,42,2280,4,2280,173
3,5386,7,2280,43,2280,4,2280,173
3,5387,3,5656,44,5656,195,5656,11
3,5388,2,5348,33,0,0,5348,5
3,5390,2,5503,176,0,0,5503,3
3,5390,3,5503,185,0,0,5503,3
3,5394,3,2177,31,2177,4,2177,177
3,5394,4,2177,33,2177,4,2177,177
3,5395,3,6583,51,6583,205,6583,36
3,5395,5,6583,47,6583,205,6583,36
3,5398,3,6803,33,0,0,6803,170
3,5399,3,6793,40,6793,32,6793,33
3,5406,3,6053,39,6053,190,6053,31
3,5409,3,6646,179,0,0,6646,4
3,5411,3,563,43,563,6,563,183
3,5411,4,563,45,563,6,563,183
3,5414,3,1345,35,1345,175,1345,4
3,5417,3,769,36,769,1,769,173
3,5417,5,769,37,769,1,769,173
3,5423,3,3059,3,3059,1,3059,2
3,5423,4,3059,4,3059,1,3059,2
3,5428,3,5429,33,5429,181,5429,7
3,5428,4,5429,35,5429,181,5429,7
3,5432,4,1415,31,1415,170,1415,4
3,5436,3,6706,195,0,0,6706,179
3,5438,3,5621,31,5621,170,5621,7
3,5440,5,846,44,846,38,846,170
3,5441,4,5560,40,0,0,5560,30
3,5441,5,5560,41,0,0,5560,30
3,5447,2,3027,2,0,0,3027,1
3,5458,4,2801,180,0,0,2801,8
3,5459,3,2897,36,2897,5,2897,176
3,5466,3,6649,34,0,0,6649,3
3,5467,3,5182,43,5182,185,5182,30
3,5467,4,5182,45,5182,185,5182,30
3,5468,3,5182,42,5182,10,5182,176
3,5472,2,1670,35,0,0,1670,30
3,5472,3,1670,36,0,0,1670,30
3,5474,3,971,30,971,4,971,171
3,5478,3,53,205,53,30,53,202
3,5483,4,2224,40,2224,3,2224,174
3,5484,3,6166,177,6166,8,6166,44
3,5490,3,2422,35,2422,179,2422,171
3,5490,4,2422,36,2422,179,2422,171
3,5491,4,5045,33,5045,176,5045,3
3,5492,2,5036,31,5036,173,5036,2
3,5497,3,3250,3,3250,1,3250,2
3,5497,4,3250,4,3250,1,3250,2
3,5498,3,2916,31,2916,30,2916,177
3,5498,4,2916,32,2916,30,2916,177
3,5506,3,5015,36,5015,184,5015,30
3,5506,4,5015,177,5015,184,5015,30
3,5511,3,2800,35,2800,4,2800,171
3,5515,3,323,32,323,172,323,4
3,5515,4,323,33,323,172,323,4
3,5518,2,5841,35,0,0,5841,32
3,5518,3,5841,38,0,0,5841,32
3,5522,2,5375,30,5375,3,5375,170
3,5525,3,486,30,486,4,486,171
3,5526,3,5170,43,5170,188,5170,32
3,5528,2,6649,35,0,0,6649,30
3,5529,3,1431,30,1431,3,1431,170
3,5532,4,1281,34,1281,172,1281,5
3,5533,3,1611,177,1611,175,1611,4
3,5535,2,2921,31,0,0,2921,4
3,5535,3,2921,33,0,0,2921,4
3,5541,3,5061,34,5061,176,5061,4
3,5543,4,5621,32,5621,5,5621,171
3,5545,3,631,35,0,0,631,171
3,5550,3,5960,43,5960,8,5960,181
3,5550,5,5960,47,5960,8,5960,181
3,5554,2,6475,42,0,0,6475,170
3,5559,3,5395,37,0,0,5395,7
3,5562,2,6166,54,6166,45,6166,6
3,5562,4,6166,57,6166,45,6166,6
3,5563,2,6166,58,0,0,6166,38
3,5564,3,6166,62,6166,178,6166,33
3,5572,3,1227,34,1227,22,1227,180
3,5574,3,3133,3,3133,1,3133,2
3,5575,3,3135,3,3135,1,3135,2
3,5575,4,3135,4,3135,1,3135,2
3,5576,3,5904,44,5904,2,5904,177
3,5581,3,5170,38,5170,180,5170,9
3,5581,4,5170,40,5170,180,5170,9
3,5585,3,6779,37,6779,186,6779,8
3,5588,3,5663,46,0,0,5663,181
3,5588,4,5663,50,0,0,5663,181
3,5596,3,6736,37,0,0,6736,182
3,5596,4,6736,38,0,0,6736,30
3,5600,3,1841,37,1841,172,1841,3
3,5600,4,1841,39,1841,172,1841,3
3,5602,2,5501,39,0,0,5501,6
3,5606,5,3162,5,3162,1,3162,2
3,5606,6,3162,6,3162,1,3162,2
3,5611,2,6413,39,0,0,6413,35
3,5611,3,6413,42,0,0,6413,35
3,5614,2,5684,38,0,0,5684,3
3,5617,3,1225,31,0,0,1225,170
3,5619,4,5619,38,5619,170,5619,3
3,5623,3,5964,30,5964,3,5964,170
3,5623,4,5964,32,5964,3,5964,170
3,5624,2,6615,36,0,0,6615,31
3,5626,3,6828,31,6828,171,6828,3
3,5626,4,6828,32,6828,171,6828,3
3,5630,3,1533,32,1533,172,1533,3
3,5636,3,2248,33,2248,31,2248,172
3,5636,4,2248,34,2248,31,2248,172
3,5637,4,6478,48,6478,6,6478,179
3,5639,4,5600,32,0,0,5600,5
3,5639,5,5600,30,0,0,5600,5
3,5641,3,2075,177,2075,185,2075,186
3,5642,3,750,31,750,4,750,170
3,5642,4,750,32,750,4,750,170
3,5645,3,6365,46,0,0,6365,9
3,5647,3,5182,46,5182,190,5182,33
3,5647,4,5182,47,5182,190,5182,33
3,5653,2,6366,31,6366,4,6366,2
3,5653,3,6366,32,6366,4,6366,2
3,5655,4,5539,191,0,0,5539,188
3,5661,2,5241,172,0,0,5241,30
3,5663,4,53,41,53,216,53,217
3,5671,2,6832,36,0,0,6832,4
3,5671,3,6832,39,0,0,6832,4
3,5672,3,6832,38,0,0,6832,32
3,5672,4,6832,41,0,0,6832,32
3,5673,4,2716,32,2716,170,2716,3
3,5675,2,6862,47,6862,182,6862,35
3,5679,2,6635,50,0,0,6635,171
3,5681,2,5780,31,5780,1,5780,4
3,5699,3,2501,32,2501,177,2501,5
3,5699,4,2501,34,2501,177,2501,5
3,5704,5,6103,43,6103,179,6103,8
3,5705,2,581,173,0,0,581,171
3,5705,3,581,172,0,0,581,171
3,5708,3,1167,42,1167,178,1167,33
3,5708,4,1167,46,1167,178,1167,33
3,5709,2,2688,36,0,0,2688,31
3,5711,4,1473,32,1473,3,1473,170
3,5712,3,1533,33,1533,5,1533,173
3,5712,4,1533,34,1533,5,1533,173
3,5713,3,1475,31,1475,170,1475,3
3,5713,4,1475,32,1475,170,1475,3
3,5715,3,1220,30,1220,1,1220,171
3,5715,4,1220,31,1220,1,1220,171
3,5716,2,6694,32,6694,905,6694,30
3,5722,3,3078,3,3078,1,3078,2
3,5724,3,5417,182,0,0,5417,4
3,5724,4,5417,183,0,0,5417,4
3,5726,2,5926,31,0,0,5926,6
3,5729,3,3041,3,3041,1,3041,2
3,5729,4,3041,4,3041,1,3041,2
3,5732,4,1192,34,1192,172,1192,5
3,5733,2,3012,2,0,0,3012,1
3,5737,4,3200,4,3200,1,3200,2
3,5737,6,3200,6,3200,1,3200,2
3,5739,3,508,33,508,3,508,175
3,5744,3,47,37,47,177,47,173
3,5744,4,47,38,47,177,47,173
3,5749,6,6210,40,0,0,6210,171
3,5752,2,5863,40,0,0,5863,31
3,5752,4,5863,38,0,0,5863,31
3,5756,3,6093,39,6093,10,6093,170
3,5760,4,1000,32,1000,5,1000,171
3,5762,3,5336,30,5336,179,5336,7
3,5763,3,2435,35,2435,176,2435,7
3,5766,3,1242,34,1242,4,1242,176
3,5766,4,1242,36,1242,4,1242,176
3,5768,2,2881,33,0,0,2881,32
3,5768,3,2881,36,0,0,2881,32
3,5774,4,2895,33,2895,176,2895,30
3,5774,5,2895,34,2895,176,2895,30
3,5776,3,6165,37,6165,176,6165,4
3,5779,5,6684,40,6684,173,6684,3
3,5779,6,6684,42,6684,173,6684,3
3,5783,2,5984,34,0,0,5984,30
3,5783,3,5984,35,0,0,5984,30
3,5793,2,6485,42,0,0,6485,5
3,5796,4,496,32,496,179,496,185
3,5822,4,5916,37,5916,4,5916,171
3,5822,5,5916,39,5916,4,5916,171
3,5823,2,5177,33,0,0,5177,7
3,5823,3,5177,35,0,0,5177,7
3,5826,2,2108,31,0,0,2108,3
3,5826,3,2108,32,0,0,2108,3
3,5830,2,3198,2,0,0,3198,1
3,5832,4,3356,6,3356,1,3356,3
3,5833,3,6849,32,6849,196,6849,5
3,5838,3,6589,35,0,0,6589,7
3,5839,5,3155,5,3155,1,3155,2
3,5839,6,3155,6,3155,1,3155,2
3,5840,2,5904,50,0,0,5904,37
3,5845,3,5977,35,5977,6,5977,173
3,5847,3,1093,31,1093,170,1093,3
3,5847,4,1093,34,1093,170,1093,3
3,5848,2,6127,39,0,0,6127,33
3,5850,3,2418,34,2418,5,2418,173
3,5854,4,1542,31,1542,179,1542,6
3,5854,5,1542,39,1542,179,1542,6
3,5857,2,1722,37,0,0,1722,31
3,5859,3,1722,38,0,0,1722,33
3,5860,3,1033,31,0,0,1033,171
3,5862,2,6591,36,0,0,6591,175
3,5871,6,6682,33,6682,3,6682,174
3,5873,3,1935,172,1935,170,1935,4
3,5873,4,1935,173,1935,170,1935,4
3,5875,3,5182,44,5182,34,5182,182
3,5875,4,5182,48,5182,34,5182,182
3,5878,3,5503,32,5503,30,5503,174
3,5882,2,6475,41,0,0,6475,30
3,5884,2,5065,43,5065,2,5065,36
3,5885,3,5052,51,0,0,5052,33
3,5885,4,5052,52,0,0,5052,33
3,5888,2,6054,32,0,0,6054,5
3,5890,2,1906,31,0,0,1906,30
3,5891,3,2882,33,2882,4,2882,171
3,5891,4,2882,34,2882,4,2882,171
3,5903,3,6591,38,0,0,6591,6
3,5904,3,3275,3,3275,1,3275,2
3,5904,4,3275,4,3275,1,3275,2
3,5914,2,6832,40,0,0,6832,33
3,5914,3,6832,44,0,0,6832,33
3,5916,4,6350,33,6350,170,6350,3
3,5917,3,6350,34,6350,6,6350,171
3,5919,3,6121,50,0,0,6121,35
3,5919,4,6121,52,0,0,6121,35
3,5920,3,5858,188,0,0,5858,179
3,5920,4,5858,38,0,0,5858,179
3,5921,3,6275,31,6275,173,6275,3
3,5921,4,6275,33,6275,173,6275,3
3,5926,2,6633,36,0,0,6633,4
3,5926,3,6633,37,0,0,6633,4
3,5931,3,6093,40,0,0,6093,7
3,5932,3,3310,3,3310,1,3310,2
3,5934,3,5904,49,5904,196,5904,33
3,5934,4,5904,52,5904,196,5904,33
3,5938,2,6287,44,0,0,6287,32
3,5940,3,5182,40,5182,175,5182,9
3,5940,4,5182,41,5182,175,5182,9
3,5942,3,3179,4,3179,2,3179,3
3,5942,5,3179,6,3179,2,3179,3
3,5947,3,5393,36,0,0,5393,34
3,5956,2,6864,34,0,0,6864,2
3,5957,2,5623,53,0,0,5623,37
3,5958,2,5623,55,5623,189,5623,40
3,5963,4,245,34,245,21,245,170
3,5970,3,6040,35,6040,177,6040,8
3,5970,4,6040,36,6040,177,6040,8
3,5975,2,40,35,0,0,40,178
3,5980,3,3177,3,3177,1,3177,2
3,5983,3,5560,42,5560,186,5560,35
3,5986,4,1542,37,1542,177,1542,7
3,5986,5,1542,40,1542,177,1542,7
3,5988,4,5396,34,5396,173,5396,170
3,5992,2,5501,182,0,0,5501,12
3,5996,6,2151,38,2151,173,2151,5
3,6004,3,6721,32,0,0,6721,6
3,6008,2,961,34,0,0,961,5
3,6008,3,961,35,0,0,961,5
3,6016,2,2177,32,0,0,2177,174
3,6017,3,5526,47,5526,201,5526,16
3,6017,4,5526,48,5526,201,5526,16
3,6022,4,5570,189,5570,186,5570,3
3,6025,2,5430,44,0,0,5430,183
3,6025,3,5430,184,0,0,5430,183
3,6030,3,7,45,7,31,7,175
3,6032,2,6602,194,0,0,6602,195
3,6039,3,5693,42,0,0,5693,5
3,6043,2,1066,32,1066,171,1066,3
3,6043,3,1066,34,1066,171,1066,3
3,6044,3,5926,33,5926,4,5926,174
3,6046,2,6121,60,0,0,6121,30
3,6047,2,6121,61,0,0,6121,34
3,6048,3,5548,42,5548,173,5548,30
3,6049,3,6121,47,0,0,6121,180
3,6049,4,6121,57,0,0,6121,180
3,6051,2,5463,44,0,0,5463,5
3,6052,3,6802,175,6802,177,6802,176
3,6055,3,709,40,709,181,709,34
3,6067,3,6054,33,6054,186,6054,30
3,6068,3,5067,35,5067,172,5067,2
3,6068,4,5067,36,5067,172,5067,2
3,6069,3,2599,174,2599,4,2599,173
3,6069,4,2599,175,2599,4,2599,173
3,6076,3,632,176,0,0,632,3
3,6076,4,632,177,0,0,632,173
3,6079,4,5230,42,5230,181,5230,8
3,6088,3,3110,3,3110,1,3110,2
3,6089,4,3258,4,3258,1,3258,2
3,6089,5,3258,5,3258,1,3258,2
3,6091,4,3108,4,3108,1,3108,2
3,6096,2,5900,175,0,0,5900,174
3,6096,3,5900,40,0,0,5900,174
3,6097,3,5463,41,5463,183,5463,9
3,6101,4,6646,38,6646,33,6646,3
3,6101,5,6646,40,6646,3,6646,33
3,6109,2,2292,36,0,0,2292,7
3,6111,3,6657,31,6657,170,6657,5
3,6111,4,6657,32,6657,170,6657,5
3,6112,3,6750,34,0,0,6750,30
3,6112,4,6750,35,0,0,6750,30
3,6120,4,760,176,760,3,760,174
3,6120,5,760,30,760,3,760,174
3,6122,2,5871,30,0,0,5871,172
3,6126,4,6398,31,6398,173,6398,2
3,6130,4,6159,33,6159,170,6159,3
3,6157,3,5821,30,5821,8,5821,172
3,6161,4,6516,33,0,0,6516,176
3,6165,2,6738,181,0,0,6738,180
3,6165,3,6738,182,0,0,6738,180
3,6166,5,2586,32,2586,6,2586,173
3,6166,6,2586,34,2586,6,2586,173
3,6170,3,3294,4,3294,5,3294,3
3,6171,4,166,33,166,21,166,170
3,6173,3,5215,32,0,0,5215,3
3,6174,2,6413,36,6413,2,6413,9
3,6174,3,6413,37,6413,2,6413,9
3,6176,3,3149,3,3149,1,3149,2
3,6181,3,5308,33,5308,174,5308,173
3,6183,2,5462,34,0,0,5462,3
3,6186,3,3239,3,3239,1,3239,2
3,6186,4,3239,4,3239,1,3239,2
3,6187,3,3257,3,3257,1,3257,2
3,6187,4,3257,4,3257,1,3257,2
3,6188,3,3223,3,3223,1,3223,2
3,6188,4,3223,4,3223,1,3223,2
3,6189,2,3225,3,0,0,3225,2
3,6189,5,3225,6,0,0,3225,2
3,6190,3,3240,3,3240,1,3240,2
3,6190,6,3240,6,3240,1,3240,2
3,6191,3,3231,3,3231,1,3231,2
3,6193,3,6849,31,6849,2,6849,188
3,6193,4,6849,33,6849,2,6849,188
3,6194,2,6114,48,0,0,6114,183
3,6195,3,2835,30,2835,170,2835,4
3,6195,4,2835,31,2835,170,2835,4
3,6196,3,709,38,709,177,709,7
3,6196,4,709,39,709,177,709,7
3,6200,3,3136,3,3136,1,3136,2
3,6201,2,5942,174,0,0,5942,8
3,6201,3,5942,38,0,0,5942,8
3,6203,3,6699,32,0,0,6699,2
3,6208,3,6200,34,6200,170,6200,9
3,6208,5,6200,38,6200,170,6200,9
3,6209,4,6200,40,6200,175,6200,11
3,6209,5,6200,41,6200,175,6200,11
3,6211,4,846,40,0,0,846,7
3,6211,5,846,43,0,0,846,7
3,6217,4,3427,4,3427,1,3427,2
3,6217,5,3427,5,3427,1,3427,2
3,6218,4,5537,44,5537,4,5537,170
3,6224,3,2392,36,2392,173,2392,5
3,6224,4,2392,37,2392,173,2392,5
3,6228,6,6602,192,6602,7,6602,188
3,6228,8,6602,40,6602,7,6602,188
3,6229,3,6413,38,6413,190,6413,10
3,6229,4,6413,40,6413,190,6413,10
3,6230,3,6830,30,6830,171,6830,2
3,6230,4,6830,31,6830,171,6830,2
3,6232,3,1100,32,0,0,1100,4
3,6237,2,5864,178,0,0,5864,3
3,6237,3,5864,179,0,0,5864,3
3,6240,4,5071,35,5071,3,5071,32
3,6240,5,5071,36,5071,3,5071,32
3,6242,3,2586,35,2586,5,2586,172
3,6245,3,3228,3,3228,1,3228,2
3,6245,6,3228,6,3228,1,3228,2
3,6246,3,3227,3,3227,1,3227,2
3,6246,4,3227,4,3227,1,3227,2
3,6247,3,3095,3,0,0,3095,1
3,6247,4,3095,4,0,0,3095,1
3,6251,4,6121,48,6121,8,6121,176
3,6254,3,5549,33,5549,175,5549,3
3,6257,2,5430,198,0,0,5430,171
3,6257,3,5430,197,0,0,5430,930
3,6259,2,5463,40,0,0,5463,6
3,6260,2,6114,193,0,0,6114,182
3,6263,3,6616,177,6616,6,6616,176
3,6268,2,6370,36,0,0,6370,181
3,6273,4,2011,34,2011,173,2011,5
3,6273,5,2011,35,2011,173,2011,5
3,6278,3,2526,35,2526,31,2526,173
3,6280,4,5614,34,5614,4,5614,170
3,6280,6,5614,37,5614,4,5614,170
3,6282,5,5619,39,0,0,5619,4
3,6287,2,5363,32,0,0,5363,4
3,6287,3,5363,35,0,0,5363,4
3,6291,3,122,37,122,3,122,171
3,6295,4,1522,35,1522,5,1522,170
3,6307,3,1611,32,1611,172,1611,5
3,6311,3,5592,177,5592,176,5592,2
3,6311,5,5592,179,5592,176,5592,2
3,6312,3,3010,3,3010,1,3010,2
3,6312,4,3010,4,3010,1,3010,2
3,6317,2,5610,33,0,0,5610,5
3,6317,3,5610,34,0,0,5610,5
3,6318,4,6114,189,0,0,6114,170
3,6318,6,6114,53,0,0,6114,170
3,6319,2,1355,174,0,0,1355,5
3,6323,3,2590,41,2590,178,2590,30
3,6323,4,2590,42,2590,178,2590,30
3,6327,4,692,33,692,171,692,5
3,6334,3,1887,37,1887,179,1887,5
3,6339,3,5537,38,5537,177,5537,10
3,6339,4,5537,42,5537,177,5537,10
3,6342,3,3189,3,3189,1,3189,2
3,6346,3,2302,49,0,0,2302,200
3,6346,4,2302,52,0,0,2302,200
3,6349,3,6657,33,0,0,6657,30
3,6359,3,5835,181,5835,185,5835,184
3,6360,4,5495,33,5495,177,5495,178
3,6361,3,2238,37,2238,174,2238,172
3,6365,2,6166,60,0,0,6166,50
3,6365,3,6166,63,0,0,6166,50
3,6372,5,5037,34,5037,172,5037,5
3,6372,6,5037,185,5037,172,5037,5
3,6375,3,22,30,22,2,22,3
3,6376,2,22,31,0,0,22,173
3,6377,4,5363,34,0,0,5363,30
3,6380,4,3099,4,3099,1,3099,2
3,6380,5,3099,5,3099,1,3099,2
3,6384,4,6845,40,6845,32,6845,3
3,6384,5,6845,42,6845,32,6845,3
3,6389,4,3420,4,3420,1,3420,2
3,6389,5,3420,5,3420,1,3420,2
3,6392,3,79,32,79,171,79,3
3,6395,2,6602,36,0,0,6602,179
3,6395,3,6602,181,0,0,6602,179
3,6396,3,2129,33,2129,4,2129,181
3,6396,4,2129,36,2129,4,2129,181
3,6400,5,5749,47,5749,6,5749,36
3,6406,3,2278,41,2278,37,2278,182
3,6406,4,2278,43,2278,37,2278,182
3,6420,4,5055,44,0,0,5055,2
3,6422,2,6108,32,6108,180,6108,175
3,6425,3,1161,30,1161,4,1161,171
3,6433,5,5770,31,0,0,5770,3
3,6435,3,1978,31,1978,3,1978,171
3,6440,2,6801,38,6801,189,6801,187
3,6443,3,3249,4,3249,1,3249,2
3,6443,6,3249,7,3249,1,3249,2
3,6444,4,6275,34,0,0,6275,7
3,6444,5,6275,35,0,0,6275,7
3,6446,4,5876,33,0,0,5876,4
3,6455,3,1644,30,1644,171,1644,4
3,6455,5,1644,32,1644,171,1644,4
3,6459,2,5397,36,0,0,5397,30
3,6460,3,844,34,844,3,844,172
3,6461,3,5463,45,5463,178,5463,30
3,6463,4,2030,39,2030,172,2030,6
3,6463,5,2030,40,2030,172,2030,6
3,6465,3,6478,31,6478,183,6478,5
3,6471,2,5381,32,0,0,5381,6
3,6473,3,2510,33,2510,3,2510,172
3,6473,4,2510,35,2510,3,2510,172
3,6476,4,2126,32,2126,21,2126,170
3,6477,3,6172,180,0,0,6172,6
3,6481,3,6539,174,6539,175,6539,170
3,6483,3,2712,32,2712,3,2712,170
3,6486,3,409,33,409,178,409,30
3,6489,2,941,184,0,0,941,3
3,6493,2,5612,37,0,0,5612,9
3,6493,3,5612,41,0,0,5612,9
3,6496,3,3096,3,3096,1,3096,2
3,6499,3,556,37,556,33,556,177
3,6502,3,6602,41,6602,204,6602,9
3,6504,3,1068,32,1068,177,1068,30
3,6512,5,5748,35,5748,33,5748,6
3,6512,6,5748,36,5748,33,5748,6
3,6517,3,5521,171,0,0,5521,3
3,6519,4,6159,38,6159,176,6159,30
3,6519,5,6159,35,6159,176,6159,30
3,6523,2,2653,30,2653,2,2653,4
3,6526,2,5430,50,5430,208,5430,192
3,6527,2,5430,196,0,0,5430,191
3,6529,3,5430,45,5430,203,5430,31
3,6530,4,3224,6,3224,1,3224,2
3,6530,5,3224,7,3224,1,3224,2
3,6532,4,5047,31,0,0,5047,3
3,6532,5,5047,32,0,0,5047,3
3,6540,4,5430,43,5430,178,5430,4
3,6542,2,6156,182,0,0,6156,181
3,6543,5,6350,35,6350,174,6350,7
3,6544,2,6411,33,0,0,6411,170
3,6545,4,5548,38,0,0,5548,9
3,6553,4,6494,35,6494,3,6494,185
3,6553,5,6494,36,6494,3,6494,185
3,6554,2,5749,46,0,0,5749,30
3,6554,3,5749,48,0,0,5749,30
3,6555,4,1163,39,1163,5,1163,173
3,6555,5,1163,43,1163,5,1163,173
3,6557,3,1163,40,1163,7,1163,174
3,6557,4,1163,41,1163,7,1163,174
3,6560,3,1798,40,1798,191,1798,9
3,6561,3,6281,39,6281,198,6281,179
3,6565,2,2019,32,0,0,2019,175
3,6567,3,5537,37,0,0,5537,6
3,6572,3,5612,42,5612,31,5612,184
3,6577,3,2059,33,2059,178,2059,176
3,6579,2,3018,2,3018,172,3018,1
3,6579,3,3018,3,3018,172,3018,1
3,6589,4,6560,33,0,0,6560,3
3,6590,3,941,38,941,5,941,186
3,6594,3,391,32,391,174,391,5
3,6598,2,478,38,0,0,478,30
3,6598,3,478,39,478,177,478,30
3,6600,2,5573,41,5573,40,5573,9
3,6602,5,3117,5,3117,1,3117,3
3,6602,6,3117,6,3117,1,3117,3
3,6604,3,351,39,351,5,351,173
3,6605,4,1266,31,1266,173,1266,2
3,6609,2,6590,41,0,0,6590,10
3,6609,3,6590,45,0,0,6590,10
3,6613,3,2053,32,2053,174,2053,4
3,6613,4,2053,33,2053,174,2053,4
3,6619,3,404,33,404,4,404,174
3,6619,5,404,35,404,4,404,174
3,6622,3,6625,34,6625,176,6625,7
3,6622,4,6625,35,6625,176,6625,7
3,6624,3,1141,179,1141,30,1141,2
3,6624,4,1141,37,1141,913,1141,912
3,6629,2,6857,184,6857,190,6857,6
3,6629,3,6857,30,6857,199,6857,200
3,6630,3,6212,37,0,0,6212,3
3,6634,6,3303,7,3303,2,3303,3
3,6636,3,1077,31,1077,170,1077,3
3,6636,4,1077,32,1077,170,1077,3
3,6641,3,1151,37,1151,4,1151,173
3,6641,4,1151,39,1151,4,1151,173
3,6644,3,3066,3,3066,1,3066,2
3,6646,3,88,35,88,5,88,174
3,6646,4,88,36,88,5,88,174
3,6658,4,6060,30,6060,1,6060,3
3,6658,5,6060,31,6060,1,6060,3
3,6666,2,5305,36,5305,190,5305,183
3,6666,3,5305,37,5305,190,5305,183
3,6672,2,2662,32,0,0,2662,172
3,6676,3,6588,41,0,0,6588,36
3,6689,4,1830,33,1830,3,1830,173
3,6692,3,2920,34,2920,6,2920,174
3,6692,4,2920,35,2920,6,2920,174
3,6695,3,6478,52,6478,197,6478,30
3,6699,2,5812,53,0,0,5812,34
3,6699,4,5812,60,0,0,5812,34
3,6705,3,2034,34,2034,177,2034,30
3,6709,3,565,32,565,173,565,4
3,6709,4,565,34,565,173,565,4
3,6712,2,1167,41,0,0,1167,32
3,6712,3,1167,43,0,0,1167,32
3,6719,2,5018,34,5018,2,5018,4
3,6720,2,99,32,0,0,99,171
3,6720,3,99,33,0,0,99,171
3,6721,4,6590,39,6590,8,6590,175
3,6721,5,6590,40,6590,8,6590,175
3,6728,4,6476,35,6476,6,6476,174
3,6735,4,1141,35,0,0,1141,171
3,6736,2,2436,37,0,0,2436,174
3,6742,3,3353,3,3353,1,3353,2
3,6742,4,3353,4,3353,1,3353,2
3,6744,3,6851,31,0,0,6851,3
3,6747,3,2278,39,2278,30,2278,178
3,6757,3,3202,3,3202,1,3202,2
3,6757,5,3202,5,3202,1,3202,2
3,6765,3,1055,30,1055,178,1055,4
3,6766,3,3082,3,3082,1,3082,2
3,6766,4,3082,4,3082,1,3082,2
3,6769,3,22,176,22,4,22,175
3,6774,4,6626,32,6626,171,6626,4
3,6774,5,6626,36,6626,171,6626,4
3,6777,4,1654,31,1654,4,1654,170
3,6778,2,834,34,834,179,834,174
3,6778,3,834,35,834,179,834,174
3,6781,3,2657,36,2657,177,2657,8
3,6781,4,2657,38,2657,177,2657,8
3,6789,2,3098,3,0,0,3098,2
3,6789,3,3098,4,0,0,3098,2
3,6792,3,3113,3,3113,1,3113,2
3,6797,3,5608,30,0,0,5608,171
3,6797,4,5608,31,0,0,5608,171
3,6798,3,5987,192,0,0,5987,1
3,6802,2,5706,208,0,0,5706,6
3,6802,3,5706,40,0,0,5706,6
3,6803,3,961,37,961,175,961,3
3,6803,4,961,38,961,175,961,3
3,6806,2,5299,42,0,0,5299,170
3,6810,2,6710,35,0,0,6710,31
3,6812,2,6232,46,6232,7,6232,37
3,6815,3,2034,31,0,0,2034,4
3,6815,5,2034,33,0,0,2034,4
3,6820,2,6706,37,0,0,6706,176
3,6820,3,6706,38,0,0,6706,176
3,6821,2,6228,36,0,0,6228,30
3,6821,3,6228,37,0,0,6228,30
3,6827,3,5663,53,5663,198,5663,32
3,6829,4,6205,38,6205,1,6205,2
3,6829,6,6205,40,6205,1,6205,2
3,6830,2,6590,47,0,0,6590,31
3,6835,3,6171,33,0,0,6171,1
3,6836,3,6358,37,0,0,6358,3
3,6842,3,899,33,899,180,899,177
3,6843,2,5584,33,0,0,5584,30
3,6853,2,6475,38,0,0,6475,32
3,6859,2,5834,184,0,0,5834,173
3,6860,2,1088,37,0,0,1088,178
3,6860,3,1088,38,0,0,1088,178
3,6861,4,2260,33,2260,4,2260,173
3,6861,5,2260,36,2260,4,2260,173
3,6865,2,5057,38,0,0,5057,30
3,6866,4,728,32,728,172,728,3
3,6869,3,2443,31,0,0,2443,170
3,6869,4,2443,30,0,0,2443,170
3,6872,3,4,187,4,186,4,5
3,6879,2,2083,173,0,0,2083,174
3,6879,3,2083,31,0,0,2083,174
3,6880,2,1516,172,0,0,1516,171
3,6880,3,1516,30,0,0,1516,171
3,6882,3,1242,33,1242,5,1242,177
3,6882,5,1242,39,1242,5,1242,177
3,6886,3,6499,39,6499,30,6499,185
3,6889,2,6115,49,0,0,6115,15
3,6889,3,6115,53,0,0,6115,15
3,6896,3,6478,45,6478,2,6478,181
3,6907,3,128,30,128,4,128,172
3,6907,4,128,31,128,4,128,172
3,6913,3,3389,3,3389,1,3389,2
3,6918,2,6153,31,0,0,6153,178
3,6919,2,5299,58,0,0,5299,32
3,6923,3,2095,32,2095,4,2095,177
3,6923,4,2095,33,2095,4,2095,177
3,6931,2,1782,34,1782,176,1782,174
3,6934,5,6187,35,6187,172,6187,11
3,6934,6,6187,37,6187,172,6187,11
3,6938,2,1242,35,0,0,1242,6
3,6938,3,1242,38,0,0,1242,6
3,6941,2,84,34,0,0,84,177
3,6941,3,84,35,0,0,84,177
3,6958,2,6646,37,0,0,6646,30
3,6958,3,6646,39,0,0,6646,30
3,6960,3,2260,31,2260,172,2260,6
3,6960,5,2260,35,2260,172,2260,6
3,6963,3,5812,51,0,0,5812,9
3,6966,3,5323,30,5323,170,5323,3
3,6967,3,1242,32,1242,3,1242,171
3,6971,2,5133,33,0,0,5133,3
3,6974,3,5287,193,0,0,5287,5
3,6985,3,5443,37,5443,171,5443,7
3,6987,2,1690,35,1690,175,1690,174
3,6987,3,1690,36,1690,175,1690,174
3,6988,2,6750,184,0,0,6750,183
3,6988,3,6750,185,0,0,6750,183
3,6991,2,3143,4,3143,170,3143,1
3,6996,3,1332,33,0,0,1332,180
3,7000,5,1841,35,1841,4,1841,171
3,7000,6,1841,36,1841,4,1841,171
3,7005,2,1852,32,0,0,1852,30
3,7011,3,2067,38,2067,30,2067,189
3,7014,4,6664,32,0,0,6664,177
3,7014,5,6664,33,0,0,6664,177
3,7023,3,5014,40,0,0,5014,32
3,7026,4,1163,42,1163,3,1163,172
3,7036,3,2251,40,2251,6,2251,174
3,7038,3,1163,36,1163,170,1163,4
3,7044,5,5904,45,5904,5,5904,176
3,7044,7,5904,48,5904,5,5904,176
3,7047,3,1055,32,1055,181,1055,172
3,7055,2,2006,177,0,0,2006,174
3,7055,3,2006,178,0,0,2006,174
3,7059,2,6616,181,0,0,6616,179
3,7059,4,6616,183,0,0,6616,179
3,7061,3,2341,33,2341,174,2341,4
3,7061,4,2341,34,2341,174,2341,4
3,7063,2,712,34,0,0,712,4
3,7065,2,3347,5,3347,171,3347,4
3,7070,3,5663,49,5663,197,5663,7
3,7086,3,3057,5,3057,1,3057,2
3,7087,3,626,189,626,31,626,188
3,7087,4,626,48,626,31,626,188
3,7090,2,5664,32,0,0,5664,3
3,7090,3,5664,33,0,0,5664,3
3,7093,2,1363,31,1363,3,1363,170
3,7098,3,1028,39,1028,180,1028,6
3,7098,4,1028,40,1028,180,1028,6
3,7113,4,344,31,344,187,344,6
3,7113,5,344,32,344,187,344,6
3,7114,6,3047,6,3047,3,3047,2
3,7117,4,3151,4,3151,1,3151,2
3,7117,5,3151,5,3151,1,3151,2
3,7125,2,5120,30,5120,190,5120,5
3,7133,3,722,34,722,30,722,178
3,7136,4,769,35,769,172,769,3
3,7136,5,769,39,769,172,769,3
3,7141,5,5018,33,5018,30,5018,3
3,7142,3,5120,31,0,0,5120,173
3,7144,2,6590,46,0,0,6590,34
3,7149,4,3206,4,3206,1,3206,2
3,7154,3,5835,36,5835,5,5835,35
3,7155,2,1722,184,0,0,1722,183
3,7155,3,1722,185,0,0,1722,183
3,7158,4,1670,34,1670,7,1670,172
3,7162,2,6867,36,6867,204,6867,203
3,7163,5,1541,37,1541,172,1541,5
3,7164,3,5055,176,5055,188,5055,171
3,7164,7,5055,43,5055,188,5055,171
3,7166,2,5853,44,5853,202,5853,33
3,7174,3,3088,4,3088,2,3088,3
3,7174,4,3088,5,3088,2,3088,3
3,7184,3,6115,52,0,0,6115,37
3,7184,4,6115,54,0,0,6115,176
3,7185,2,3130,2,0,0,3130,1
3,7192,3,3043,3,3043,1,3043,2
3,7193,3,2558,31,2558,30,2558,170
3,7203,4,6262,34,6262,172,6262,4
3,7211,3,6547,172,6547,6,6547,171
3,7211,4,6547,32,6547,6,6547,171
3,7214,3,1163,45,1163,30,1163,175
3,7218,2,2642,34,0,0,2642,179
3,7218,3,2642,35,0,0,2642,179
3,7220,4,6484,44,6484,175,6484,5
3,7221,2,1722,40,0,0,1722,35
3,7222,3,5040,33,5040,183,5040,30
3,7222,4,5040,181,5040,183,5040,30
3,7226,3,1701,32,1701,172,1701,4
3,7226,4,1701,33,1701,172,1701,4
3,7232,3,3211,3,3211,1,3211,2
3,7232,4,3211,4,3211,1,3211,2
3,7235,3,2288,33,2288,172,2288,4
3,7235,4,2288,34,2288,172,2288,4
3,7239,3,6342,170,0,0,6342,2
3,7250,2,1695,51,1695,174,1695,33
3,7250,3,1695,52,1695,174,1695,33
3,7260,4,3248,4,3248,2,3248,1
3,7260,5,3248,5,3248,2,3248,1
3,7261,3,6598,34,0,0,6598,4
3,7261,4,6598,36,0,0,6598,4
3,7270,2,1332,30,1332,183,1332,174
3,7270,3,1332,32,1332,183,1332,174
3,7276,3,6625,175,6625,174,6625,30
3,7279,3,496,31,0,0,496,180
3,7283,2,826,32,826,174,826,173
3,7286,3,1648,173,1648,3,1648,172
3,7286,4,1648,32,1648,3,1648,172
3,7295,2,5449,33,0,0,5449,30
3,7300,3,478,40,478,179,478,36
3,7301,2,5406,33,0,0,5406,173
3,7301,3,5406,176,0,0,5406,173
3,7304,3,1690,173,0,0,1690,30
3,7306,2,5120,33,5120,188,5120,178
3,7307,2,6227,30,6227,2,6227,5
3,7307,3,6227,178,6227,2,6227,5
3,7309,3,5164,32,0,0,5164,3
3,7312,2,6545,180,0,0,6545,179
3,7324,4,356,32,356,30,356,177
3,7331,2,3390,3,0,0,3390,2
3,7335,3,1498,178,1498,174,1498,175
3,7335,4,1498,34,1498,174,1498,175
3,7337,3,1654,32,1654,3,1654,172
3,7338,3,5965,185,5965,189,5965,182
3,7338,4,5965,37,5965,189,5965,182
3,7360,3,1163,37,1163,6,1163,171
3,7360,4,1163,38,1163,6,1163,171
3,7364,2,6722,31,0,0,6722,5
3,7370,2,2714,183,0,0,2714,191
3,7377,3,5812,50,5812,205,5812,33
3,7377,4,5812,52,5812,205,5812,33
3,7378,4,5614,36,0,0,5614,5
3,7378,5,5614,38,0,0,5614,31
3,7384,3,868,34,868,182,868,6
3,7384,4,868,36,868,182,868,6
3,7396,3,5942,37,0,0,5942,9
3,7397,2,1613,41,1613,8,1613,176
3,7404,1,5689,198,0,0,5689,6
3,7411,2,1084,32,0,0,1084,4
3,7415,2,5559,37,0,0,5559,176
3,7423,4,5861,34,0,0,5861,3
3,7423,5,5861,35,0,0,5861,3
3,7424,3,6845,43,0,0,6845,186
3,7424,4,6845,44,0,0,6845,186
3,7429,3,479,30,479,3,479,170
3,7429,4,479,31,479,3,479,170
3,7438,2,2278,42,2278,916,2278,184
3,7443,2,6475,37,0,0,6475,195
