CHILD_ID,CHILD_SN,CHILD_UID
9,3,1
9,4,2
14,2,3
14,3,4
15,4,5
15,5,6
16,6,7
16,8,8
18,4,9
18,5,10
21,3,11
21,4,12
26,2,13
26,3,14
28,3,15
28,4,16
31,3,17
31,4,18
34,2,19
36,3,20
36,5,21
37,3,22
37,5,23
38,2,24
39,2,25
39,3,26
40,2,27
40,3,28
44,3,29
45,2,30
45,3,31
46,2,32
46,3,33
47,4,34
54,2,35
54,3,36
56,3,37
57,2,38
57,3,39
60,4,40
61,3,41
61,4,42
66,3,43
68,3,44
71,3,45
71,4,46
74,4,47
76,3,48
76,4,49
78,3,50
78,4,51
79,5,52
83,3,53
83,4,54
85,3,55
85,4,56
92,2,57
95,3,58
95,4,59
97,4,60
98,3,61
98,4,62
104,2,63
111,5,64
117,4,65
118,3,66
120,3,67
127,3,68
127,4,69
128,3,70
130,3,71
134,2,72
136,9,73
136,10,74
137,2,75
137,3,76
140,2,77
142,3,78
142,4,79
144,3,80
144,4,81
145,5,82
146,4,83
147,3,84
147,5,85
148,4,86
148,5,87
150,3,88
151,2,89
162,3,90
162,4,91
163,3,92
168,3,93
168,4,94
169,5,95
179,3,96
188,2,97
188,3,98
189,2,99
189,3,100
191,4,101
191,5,102
194,6,103
196,5,104
196,6,105
199,3,106
199,4,107
207,4,108
207,5,109
210,4,110
210,5,111
211,3,112
226,3,113
226,4,114
227,3,115
228,3,116
228,4,117
235,2,118
235,3,119
248,3,120
248,4,121
250,2,122
250,6,123
251,2,124
254,3,125
254,8,126
255,3,127
255,4,128
257,2,129
261,2,130
266,4,131
274,4,132
274,5,133
276,3,134
276,4,135
277,2,136
277,3,137
280,3,138
281,3,139
285,3,140
285,4,141
291,2,142
293,2,143
297,3,144
299,4,145
301,3,146
301,5,147
302,4,148
303,3,149
305,3,150
305,4,151
306,3,152
306,4,153
307,4,154
307,5,155
308,5,156
313,2,157
313,3,158
314,4,159
314,5,160
315,3,161
315,4,162
323,3,163
323,4,164
328,3,165
329,7,166
329,8,167
331,3,168
334,4,169
335,3,170
336,3,171
337,3,172
342,3,173
342,4,174
344,2,175
344,3,176
358,3,177
362,3,178
362,4,179
365,3,180
365,5,181
367,3,182
367,4,183
368,4,184
369,3,185
383,4,186
384,3,187
384,4,188
389,5,189
389,7,190
391,3,191
394,4,192
394,6,193
397,5,194
399,3,195
406,3,196
406,4,197
409,3,198
409,4,199
417,3,200
417,4,201
421,3,202
421,4,203
426,2,204
426,3,205
428,3,206
428,4,207
430,2,208
432,3,209
434,3,210
434,5,211
440,4,212
441,3,213
441,4,214
442,2,215
443,3,216
443,4,217
446,4,218
446,5,219
451,4,220
451,5,221
455,3,222
457,3,223
457,4,224
459,3,225
459,4,226
461,3,227
461,4,228
468,3,229
471,3,230
472,4,231
472,5,232
474,4,233
475,3,234
475,4,235
480,4,236
487,3,237
487,4,238
488,3,239
497,4,240
499,2,241
499,4,242
514,4,243
514,5,244
516,3,245
516,4,246
521,2,247
521,3,248
524,3,249
531,2,250
531,3,251
536,3,252
536,4,253
539,4,254
539,5,255
547,3,256
549,5,257
550,5,258
553,3,259
555,2,260
556,4,261
561,4,262
561,5,263
567,4,264
567,5,265
573,3,266
573,4,267
575,3,268
575,4,269
576,4,270
578,3,271
578,4,272
582,3,273
582,4,274
584,5,275
587,4,276
587,5,277
590,3,278
602,3,279
603,4,280
605,3,281
606,7,282
606,8,283
612,4,284
612,5,285
613,3,286
613,4,287
615,4,288
617,2,289
617,3,290
619,2,291
623,3,292
626,3,293
627,2,294
627,3,295
631,4,296
632,4,297
632,5,298
633,4,299
636,4,300
636,5,301
637,3,302
637,4,303
643,3,304
650,2,305
650,3,306
651,3,307
652,3,308
652,5,309
655,3,310
655,5,311
657,4,312
659,2,313
660,3,314
665,3,315
666,4,316
669,3,317
670,3,318
672,3,319
674,3,320
674,4,321
676,4,322
676,5,323
677,4,324
677,5,325
680,3,326
680,4,327
681,3,328
681,4,329
687,3,330
687,4,331
690,3,332
693,3,333
695,4,334
695,5,335
702,3,336
702,4,337
705,2,338
705,3,339
707,3,340
707,4,341
709,3,342
709,4,343
713,2,344
713,3,345
714,2,346
714,3,347
715,4,348
715,6,349
719,3,350
722,2,351
722,3,352
724,3,353
725,6,354
731,5,355
732,3,356
732,4,357
735,4,358
738,4,359
740,2,360
742,3,361
742,4,362
745,3,363
746,3,364
746,4,365
747,3,366
748,4,367
748,5,368
749,4,369
749,5,370
750,3,371
750,4,372
752,3,373
752,4,374
756,4,375
758,2,376
758,3,377
759,3,378
759,4,379
764,4,380
765,2,381
766,2,382
766,3,383
767,3,384
768,3,385
769,2,386
769,3,387
770,3,388
773,3,389
773,4,390
774,2,391
777,3,392
777,4,393
779,4,394
781,3,395
781,4,396
785,5,397
785,6,398
786,5,399
786,6,400
787,4,401
787,5,402
788,6,403
789,5,404
789,7,405
793,5,406
793,6,407
795,4,408
795,5,409
797,4,410
800,2,411
801,2,412
802,2,413
803,3,414
803,4,415
805,3,416
810,3,417
811,5,418
811,6,419
812,2,420
820,4,421
827,3,422
828,3,423
829,3,424
829,4,425
832,3,426
832,4,427
833,3,428
838,5,429
839,5,430
849,3,431
850,2,432
851,2,433
851,3,434
854,2,435
859,3,436
860,3,437
860,4,438
862,3,439
862,4,440
864,3,441
864,5,442
866,4,443
866,5,444
870,3,445
875,2,446
878,2,447
879,3,448
880,6,449
882,4,450
885,4,451
885,5,452
888,3,453
892,3,454
892,4,455
901,3,456
903,3,457
903,4,458
905,4,459
905,5,460
918,3,461
920,2,462
920,3,463
926,3,464
926,4,465
933,3,466
933,4,467
934,2,468
934,3,469
938,4,470
938,5,471
956,2,472
964,4,473
964,5,474
967,2,475
971,3,476
971,5,477
972,4,478
972,5,479
974,3,480
980,2,481
981,3,482
981,4,483
985,3,484
985,4,485
986,5,486
997,5,487
1000,3,488
1000,4,489
1003,3,490
1004,3,491
1007,4,492
1007,5,493
1009,3,494
1009,4,495
1012,3,496
1012,4,497
1014,3,498
1024,3,499
1024,4,500
1031,3,501
1031,4,502
1033,4,503
1038,5,504
1042,3,505
1042,5,506
1045,4,507
1045,5,508
1046,3,509
1046,4,510
1049,3,511
1050,3,512
1053,2,513
1053,3,514
1061,2,515
1061,3,516
1062,3,517
1062,4,518
1067,3,519
1069,4,520
1070,3,521
1085,5,522
1085,6,523
1088,3,524
1089,4,525
1090,2,526
1090,3,527
1092,2,528
1094,4,529
1095,2,530
1095,3,531
1096,3,532
1096,4,533
1098,4,534
1098,5,535
1099,3,536
1101,4,537
1101,6,538
1104,3,539
1106,3,540
1107,3,541
1110,4,542
1111,5,543
1111,6,544
1113,3,545
1113,4,546
1114,4,547
1114,6,548
1115,4,549
1117,4,550
1134,3,551
1134,4,552
1135,3,553
1135,4,554
1137,2,555
1137,3,556
1138,3,557
1139,2,558
1139,3,559
1143,3,560
1143,4,561
1144,6,562
1144,7,563
1150,5,564
1150,7,565
1151,3,566
1151,4,567
1158,3,568
1158,5,569
1159,3,570
1159,6,571
1169,4,572
1174,3,573
1179,3,574
1179,4,575
1184,3,576
1184,4,577
1190,3,578
1190,4,579
1192,4,580
1197,3,581
1198,3,582
1198,4,583
1209,3,584
1210,3,585
1210,4,586
1216,3,587
1217,5,588
1217,6,589
1218,2,590
1218,3,591
1219,3,592
1220,5,593
1223,3,594
1223,4,595
1224,3,596
1226,5,597
1226,6,598
1228,3,599
1228,4,600
1230,3,601
1237,3,602
1239,4,603
1239,5,604
1241,3,605
1241,5,606
1244,3,607
1245,2,608
1249,4,609
1249,5,610
1250,3,611
1251,3,612
1251,4,613
1253,5,614
1256,4,615
1258,3,616
1258,4,617
1261,6,618
1261,7,619
1267,2,620
1268,3,621
1272,3,622
1272,5,623
1273,3,624
1273,4,625
1275,3,626
1277,2,627
1278,3,628
1279,2,629
1279,3,630
1280,7,631
1280,8,632
1281,3,633
1286,4,634
1286,5,635
1287,4,636
1287,6,637
1289,4,638
1290,3,639
1290,4,640
1293,3,641
1298,3,642
1298,4,643
1300,4,644
1300,5,645
1301,4,646
1301,5,647
1302,3,648
1303,3,649
1303,4,650
1304,3,651
1305,4,652
1310,3,653
1310,4,654
1311,2,655
1311,3,656
1312,2,657
1313,2,658
1315,4,659
1315,5,660
1320,3,661
1320,4,662
1323,5,663
1330,3,664
1336,4,665
1336,5,666
1340,3,667
1341,4,668
1342,4,669
1343,2,670
1343,3,671
1346,4,672
1350,4,673
1350,5,674
1355,3,675
1359,2,676
1361,2,677
1362,3,678
1362,4,679
1365,4,680
1366,3,681
1371,3,682
1375,3,683
1378,3,684
1378,4,685
1379,3,686
1385,2,687
1385,3,688
1386,3,689
1394,3,690
1394,4,691
1395,3,692
1397,4,693
1398,4,694
1399,3,695
1399,4,696
1400,4,697
1400,5,698
1402,4,699
1403,6,700
1403,7,701
1406,4,702
1407,2,703
1407,3,704
1408,3,705
1408,4,706
1409,3,707
1409,4,708
1412,4,709
1412,5,710
1413,2,711
1415,5,712
1417,2,713
1422,3,714
1423,3,715
1424,3,716
1424,4,717
1426,4,718
1426,5,719
1431,4,720
1431,5,721
1437,3,722
1437,4,723
1440,3,724
1440,4,725
1443,3,726
1443,4,727
1444,2,728
1444,3,729
1445,4,730
1445,5,731
1446,2,732
1446,4,733
1447,2,734
1453,3,735
1454,2,736
1460,3,737
1461,3,738
1461,4,739
1463,3,740
1463,4,741
1464,3,742
1465,3,743
1466,3,744
1466,4,745
1469,3,746
1476,3,747
1479,3,748
1485,4,749
1487,4,750
1487,6,751
1490,4,752
1491,3,753
1491,4,754
1492,2,755
1492,3,756
1495,3,757
1496,3,758
1496,4,759
1498,3,760
1498,4,761
1500,3,762
1503,4,763
1503,5,764
1504,3,765
1504,4,766
1506,3,767
1506,4,768
1508,2,769
1508,3,770
1513,4,771
1514,3,772
1519,3,773
1519,4,774
1521,2,775
1525,3,776
1525,4,777
1527,4,778
1529,3,779
1529,4,780
1531,3,781
1534,3,782
1534,5,783
1536,5,784
1536,6,785
1537,3,786
1537,4,787
1549,2,788
1554,7,789
1554,8,790
1562,3,791
1563,3,792
1563,4,793
1564,3,794
1564,4,795
1566,5,796
1566,6,797
1567,4,798
1567,5,799
1570,4,800
1574,3,801
1574,4,802
1576,4,803
1576,5,804
1579,2,805
1580,3,806
1587,3,807
1588,3,808
1594,3,809
1594,4,810
1595,4,811
1595,5,812
1596,2,813
1596,3,814
1597,3,815
1598,4,816
1599,4,817
1599,5,818
1600,3,819
1601,3,820
1601,4,821
1605,3,822
1608,4,823
1608,5,824
1609,5,825
1611,3,826
1611,4,827
1614,3,828
1614,5,829
1630,3,830
1633,3,831
1636,4,832
1636,5,833
1637,3,834
1637,4,835
1638,3,836
1640,3,837
1642,3,838
1642,4,839
1643,3,840
1643,4,841
1644,3,842
1652,3,843
1654,3,844
1654,4,845
1655,3,846
1655,4,847
1656,3,848
1659,3,849
1659,4,850
1665,4,851
1667,3,852
1667,5,853
1670,3,854
1671,3,855
1678,3,856
1681,4,857
1681,5,858
1685,3,859
1685,4,860
1693,3,861
1695,4,862
1696,3,863
1696,4,864
1697,3,865
1701,2,866
1701,3,867
1702,3,868
1705,3,869
1715,4,870
1717,3,871
1718,2,872
1718,3,873
1721,3,874
1722,5,875
1726,4,876
1726,5,877
1727,4,878
1727,5,879
1732,3,880
1734,3,881
1760,3,882
1762,2,883
1762,3,884
1765,4,885
1765,6,886
1777,2,887
1777,3,888
1778,3,889
1778,4,890
1787,3,891
1787,4,892
1788,3,893
1790,3,894
1790,4,895
1791,5,896
1792,7,897
1792,9,898
1794,3,899
1795,2,900
1798,3,901
1800,4,902
1802,4,903
1812,5,904
1813,3,905
1814,4,906
1816,4,907
1817,2,908
1817,3,909
1818,3,910
1818,4,911
1820,3,912
1822,4,913
1822,5,914
1830,3,915
1830,4,916
1832,3,917
1832,4,918
1837,3,919
1837,4,920
1839,5,921
1847,2,922
1847,3,923
1850,3,924
1850,4,925
1858,2,926
1863,3,927
1864,4,928
1865,3,929
1865,4,930
1866,3,931
1866,4,932
1869,3,933
1869,4,934
1877,3,935
1877,4,936
1879,4,937
1879,5,938
1882,3,939
1882,4,940
1885,6,941
1886,4,942
1886,6,943
1890,3,944
1890,4,945
1891,4,946
1891,5,947
1892,3,948
1900,3,949
1900,5,950
1902,4,951
1902,5,952
1904,2,953
1906,3,954
1906,4,955
1907,3,956
1907,4,957
1909,3,958
1910,5,959
1915,3,960
1915,4,961
1916,3,962
1916,4,963
1917,4,964
1919,5,965
1919,6,966
1921,3,967
1921,5,968
1923,4,969
1926,3,970
1928,4,971
1928,5,972
1932,3,973
1932,4,974
1933,3,975
1935,3,976
1938,3,977
1943,4,978
1944,2,979
1944,4,980
1948,2,981
1948,3,982
1950,3,983
1961,4,984
1961,8,985
1962,3,986
1962,4,987
1968,3,988
1969,3,989
1970,3,990
1970,4,991
1972,3,992
1973,3,993
1973,5,994
1974,4,995
1975,4,996
1975,5,997
1976,4,998
1981,3,999
1981,4,1000
1984,5,1001
1989,3,1002
1990,5,1003
1990,6,1004
1992,3,1005
1993,3,1006
1994,5,1007
1995,2,1008
1996,3,1009
1997,5,1010
1998,3,1011
1998,4,1012
2001,3,1013
2001,4,1014
2008,3,1015
2009,5,1016
2014,4,1017
2014,5,1018
2024,4,1019
2024,5,1020
2028,3,1021
2028,4,1022
2029,3,1023
2029,4,1024
2030,4,1025
2035,3,1026
2035,4,1027
2038,3,1028
2038,4,1029
2039,3,1030
2045,3,1031
2048,3,1032
2048,4,1033
2049,3,1034
2049,4,1035
2057,5,1036
2058,5,1037
2059,3,1038
2059,4,1039
2066,3,1040
2068,4,1041
2070,6,1042
2070,7,1043
2071,4,1044
2077,4,1045
2079,3,1046
2079,4,1047
2084,3,1048
2084,4,1049
2089,8,1050
2092,2,1051
2099,2,1052
2099,3,1053
2102,5,1054
2102,6,1055
2103,3,1056
2104,4,1057
2106,3,1058
2110,3,1059
2110,4,1060
2116,3,1061
2117,3,1062
2121,3,1063
2122,3,1064
2124,7,1065
2126,3,1066
2126,4,1067
2127,2,1068
2129,3,1069
2132,3,1070
2137,2,1071
2139,2,1072
2139,4,1073
2140,4,1074
2142,3,1075
2142,4,1076
2144,4,1077
2145,2,1078
2145,3,1079
2153,3,1080
2153,4,1081
2156,3,1082
2156,4,1083
2158,3,1084
2159,3,1085
2159,4,1086
2160,3,1087
2165,2,1088
2165,3,1089
2167,3,1090
2167,4,1091
2170,3,1092
2172,3,1093
2172,4,1094
2178,5,1095
2178,6,1096
2179,2,1097
2179,3,1098
2182,3,1099
2182,4,1100
2186,4,1101
2186,5,1102
2192,3,1103
2193,2,1104
2193,3,1105
2196,3,1106
2197,3,1107
2197,4,1108
2200,4,1109
2200,5,1110
2203,3,1111
2204,3,1112
2208,3,1113
2208,4,1114
2211,3,1115
2211,4,1116
2213,3,1117
2213,4,1118
2216,4,1119
2220,4,1120
2220,5,1121
2225,2,1122
2225,3,1123
2226,2,1124
2226,3,1125
2233,4,1126
2233,5,1127
2234,5,1128
2234,7,1129
2244,3,1130
2244,4,1131
2252,2,1132
2256,4,1133
2257,2,1134
2257,3,1135
2259,3,1136
2259,4,1137
2261,4,1138
2262,3,1139
2263,5,1140
2274,4,1141
2274,5,1142
2275,2,1143
2282,3,1144
2282,5,1145
2283,3,1146
2285,2,1147
2289,4,1148
2289,5,1149
2291,3,1150
2291,4,1151
2294,3,1152
2294,4,1153
2306,3,1154
2311,3,1155
2312,3,1156
2312,4,1157
2313,2,1158
2315,4,1159
2316,2,1160
2317,4,1161
2319,4,1162
2319,5,1163
2322,3,1164
2322,4,1165
2324,3,1166
2324,4,1167
2326,5,1168
2330,2,1169
2332,3,1170
2334,3,1171
2334,4,1172
2338,4,1173
2338,5,1174
2339,5,1175
2344,3,1176
2344,4,1177
2349,3,1178
2354,2,1179
2360,4,1180
2366,3,1181
2367,3,1182
2368,3,1183
2372,4,1184
2372,5,1185
2374,2,1186
2374,3,1187
2375,3,1188
2375,4,1189
2377,5,1190
2385,3,1191
2385,4,1192
2387,2,1193
2387,3,1194
2389,3,1195
2389,5,1196
2390,6,1197
2390,7,1198
2392,2,1199
2395,3,1200
2395,4,1201
2403,3,1202
2408,3,1203
2408,4,1204
2411,2,1205
2412,3,1206
2412,4,1207
2420,2,1208
2420,3,1209
2421,3,1210
2422,3,1211
2426,3,1212
2427,3,1213
2432,2,1214
2432,3,1215
2439,3,1216
2440,3,1217
2440,4,1218
2442,3,1219
2442,4,1220
2444,5,1221
2444,6,1222
2446,2,1223
2447,5,1224
2447,6,1225
2448,3,1226
2449,4,1227
2450,3,1228
2450,7,1229
2451,3,1230
2460,3,1231
2460,4,1232
2463,3,1233
2463,5,1234
2464,3,1235
2464,4,1236
2468,3,1237
2468,4,1238
2470,3,1239
2475,3,1240
2475,4,1241
2479,4,1242
2480,4,1243
2480,5,1244
2481,4,1245
2482,5,1246
2482,6,1247
2486,3,1248
2488,4,1249
2493,3,1250
2493,4,1251
2494,3,1252
2507,2,1253
2511,3,1254
2511,4,1255
2520,3,1256
2520,4,1257
2523,3,1258
2525,4,1259
2525,6,1260
2531,3,1261
2531,4,1262
2535,5,1263
2535,6,1264
2536,3,1265
2537,3,1266
2538,3,1267
2542,3,1268
2543,3,1269
2546,2,1270
2548,3,1271
2550,4,1272
2554,3,1273
2558,3,1274
2558,4,1275
2561,2,1276
2562,3,1277
2562,4,1278
2564,2,1279
2568,4,1280
2570,5,1281
2572,3,1282
2572,4,1283
2574,3,1284
2574,4,1285
2576,4,1286
2578,2,1287
2580,5,1288
2584,5,1289
2586,2,1290
2588,3,1291
2589,4,1292
2597,3,1293
2597,4,1294
2599,3,1295
2606,3,1296
2608,3,1297
2608,4,1298
2616,3,1299
2616,4,1300
2618,5,1301
2630,3,1302
2631,4,1303
2632,3,1304
2635,4,1305
2636,3,1306
2636,4,1307
2637,4,1308
2637,5,1309
2639,3,1310
2642,3,1311
2642,4,1312
2645,3,1313
2651,4,1314
2651,5,1315
2652,5,1316
2657,3,1317
2657,4,1318
2663,5,1319
2663,6,1320
2664,3,1321
2666,4,1322
2666,5,1323
2667,3,1324
2675,3,1325
2675,4,1326
2676,3,1327
2679,4,1328
2679,6,1329
2681,3,1330
2681,4,1331
2685,5,1332
2687,2,1333
2694,3,1334
2696,2,1335
2704,2,1336
2708,4,1337
2715,3,1338
2715,4,1339
2718,3,1340
2718,4,1341
2719,3,1342
2721,3,1343
2723,3,1344
2726,3,1345
2732,3,1346
2732,4,1347
2735,4,1348
2735,5,1349
2736,3,1350
2738,5,1351
2745,3,1352
2752,2,1353
2753,5,1354
2754,3,1355
2754,4,1356
2755,3,1357
2756,3,1358
2758,3,1359
2758,4,1360
2761,3,1361
2761,4,1362
2762,3,1363
2767,4,1364
2767,5,1365
2771,4,1366
2782,2,1367
2783,3,1368
2783,5,1369
2784,3,1370
2784,5,1371
2785,2,1372
2792,2,1373
2793,3,1374
2798,5,1375
2804,4,1376
2804,5,1377
2805,3,1378
2805,4,1379
2809,3,1380
2809,4,1381
2814,3,1382
2814,4,1383
2817,3,1384
2818,5,1385
2819,4,1386
2819,5,1387
2826,3,1388
2830,3,1389
2833,5,1390
2834,2,1391
2834,4,1392
2837,4,1393
2837,5,1394
2838,3,1395
2838,6,1396
2843,4,1397
2843,5,1398
2846,2,1399
2848,2,1400
2849,6,1401
2849,7,1402
2850,5,1403
2852,4,1404
2852,5,1405
2854,4,1406
2857,3,1407
2858,3,1408
2858,4,1409
2862,3,1410
2867,3,1411
2867,4,1412
2868,2,1413
2868,3,1414
2870,2,1415
2871,3,1416
2871,4,1417
2878,3,1418
2879,3,1419
2879,4,1420
2881,3,1421
2881,4,1422
2882,3,1423
2885,3,1424
2885,4,1425
2886,2,1426
2887,4,1427
2887,5,1428
2891,3,1429
2899,4,1430
2899,5,1431
2902,4,1432
2902,5,1433
2903,4,1434
2906,3,1435
2909,3,1436
2909,4,1437
2914,3,1438
2918,3,1439
2918,4,1440
2922,8,1441
2922,9,1442
2923,3,1443
2925,4,1444
2928,3,1445
2928,4,1446
2929,4,1447
2930,3,1448
2931,4,1449
2931,5,1450
2938,2,1451
2944,3,1452
2945,3,1453
2945,4,1454
2946,3,1455
2946,4,1456
2947,3,1457
2950,3,1458
2950,4,1459
2951,4,1460
2951,5,1461
2953,3,1462
2953,4,1463
2955,2,1464
2957,3,1465
2959,2,1466
2959,3,1467
2960,3,1468
2962,3,1469
2966,4,1470
2967,3,1471
2967,5,1472
2968,3,1473
2968,4,1474
2970,5,1475
2973,4,1476
2973,5,1477
2975,4,1478
2976,3,1479
2976,4,1480
2979,4,1481
2979,5,1482
2980,3,1483
2980,4,1484
2991,5,1485
2991,6,1486
2994,2,1487
2995,2,1488
2995,3,1489
2997,3,1490
2997,4,1491
3000,3,1492
3000,4,1493
3002,3,1494
3005,3,1495
3005,4,1496
3006,2,1497
3006,3,1498
3008,3,1499
3009,3,1500
3014,3,1501
3015,3,1502
3019,2,1503
3019,3,1504
3022,3,1505
3026,3,1506
3026,4,1507
3027,3,1508
3028,6,1509
3028,7,1510
3030,2,1511
3031,3,1512
3031,4,1513
3032,3,1514
3033,3,1515
3036,3,1516
3041,3,1517
3046,4,1518
3046,5,1519
3047,3,1520
3051,3,1521
3053,3,1522
3053,4,1523
3054,4,1524
3063,2,1525
3063,3,1526
3064,3,1527
3067,3,1528
3067,4,1529
3068,4,1530
3071,3,1531
3071,4,1532
3074,3,1533
3077,3,1534
3077,4,1535
3082,2,1536
3085,3,1537
3085,4,1538
3088,3,1539
3093,4,1540
3095,3,1541
3095,4,1542
3099,4,1543
3099,5,1544
3100,3,1545
3103,2,1546
3103,3,1547
3110,5,1548
3110,7,1549
3121,3,1550
3121,5,1551
3122,5,1552
3128,3,1553
3130,3,1554
3130,4,1555
3131,4,1556
3138,2,1557
3140,3,1558
3140,4,1559
3141,4,1560
3141,5,1561
3144,2,1562
3144,3,1563
3148,3,1564
3148,4,1565
3152,2,1566
3152,3,1567
3153,6,1568
3160,3,1569
3163,4,1570
3163,5,1571
3164,3,1572
3168,4,1573
3168,5,1574
3169,2,1575
3170,3,1576
3179,4,1577
3179,5,1578
3180,5,1579
3180,6,1580
3183,3,1581
3184,3,1582
3184,4,1583
3189,4,1584
3192,3,1585
3192,5,1586
3195,5,1587
3196,4,1588
3196,5,1589
3198,3,1590
3198,4,1591
3202,3,1592
3203,3,1593
3205,3,1594
3207,4,1595
3219,2,1596
3219,3,1597
3222,5,1598
3223,3,1599
3223,4,1600
3224,4,1601
3224,5,1602
3225,3,1603
3225,4,1604
3228,2,1605
3231,4,1606
3232,3,1607
3232,5,1608
3233,3,1609
3233,4,1610
3235,3,1611
3235,4,1612
3237,3,1613
3241,3,1614
3251,5,1615
3258,3,1616
3258,4,1617
3259,3,1618
3259,4,1619
3260,2,1620
3260,3,1621
3267,3,1622
3269,4,1623
3269,5,1624
3271,3,1625
3273,3,1626
3275,3,1627
3275,4,1628
3278,4,1629
3282,2,1630
3282,5,1631
3283,2,1632
3288,4,1633
3293,2,1634
3293,3,1635
3294,2,1636
3297,3,1637
3297,4,1638
3298,4,1639
3304,3,1640
3305,3,1641
3308,4,1642
3308,5,1643
3309,3,1644
3309,4,1645
3310,2,1646
3312,2,1647
3318,3,1648
3318,5,1649
3322,3,1650
3328,3,1651
3330,3,1652
3334,3,1653
3337,5,1654
3338,5,1655
3340,3,1656
3345,4,1657
3348,3,1658
3348,4,1659
3351,2,1660
3352,3,1661
3357,4,1662
3359,3,1663
3360,3,1664
3360,4,1665
3361,4,1666
3361,5,1667
3364,2,1668
3364,3,1669
3367,2,1670
3368,3,1671
3368,5,1672
3372,3,1673
3372,4,1674
3378,4,1675
3380,4,1676
3380,5,1677
3381,3,1678
3381,4,1679
3383,4,1680
3384,3,1681
3384,4,1682
3390,4,1683
3391,3,1684
3391,4,1685
3394,3,1686
3396,4,1687
3397,2,1688
3398,2,1689
3399,5,1690
3399,6,1691
3400,3,1692
3401,3,1693
3401,4,1694
3402,2,1695
3402,3,1696
3403,3,1697
3403,4,1698
3406,3,1699
3409,3,1700
3409,4,1701
3411,2,1702
3414,3,1703
3415,4,1704
3417,4,1705
3418,3,1706
3418,4,1707
3420,3,1708
3421,3,1709
3421,4,1710
3424,4,1711
3425,4,1712
3425,5,1713
3427,3,1714
3427,4,1715
3432,3,1716
3432,4,1717
3434,3,1718
3440,3,1719
3443,5,1720
3444,3,1721
3444,4,1722
3446,3,1723
3446,4,1724
3448,3,1725
3452,3,1726
3456,3,1727
3456,5,1728
3457,4,1729
3460,3,1730
3460,4,1731
3462,2,1732
3463,3,1733
3467,2,1734
3478,3,1735
3478,5,1736
3481,3,1737
3482,3,1738
3482,4,1739
3489,3,1740
3489,4,1741
3491,3,1742
3491,4,1743
3492,3,1744
3495,3,1745
3495,4,1746
3496,2,1747
3497,2,1748
3501,2,1749
3503,4,1750
3510,4,1751
3510,5,1752
3513,2,1753
3513,3,1754
3514,3,1755
3514,4,1756
3515,2,1757
3515,3,1758
3516,3,1759
3516,4,1760
3517,3,1761
3517,4,1762
3520,3,1763
3521,3,1764
3527,5,1765
3530,5,1766
3534,3,1767
3535,4,1768
3537,2,1769
3537,3,1770
3538,5,1771
3538,6,1772
3541,3,1773
3542,3,1774
3542,4,1775
3543,5,1776
3543,6,1777
3548,3,1778
3549,3,1779
3556,4,1780
3556,5,1781
3557,2,1782
3558,2,1783
3559,3,1784
3559,4,1785
3560,5,1786
3560,6,1787
3563,3,1788
3564,4,1789
3566,4,1790
3566,5,1791
3567,2,1792
3567,3,1793
3568,3,1794
3568,4,1795
3569,3,1796
3578,2,1797
3582,4,1798
3583,3,1799
3584,3,1800
3584,4,1801
3585,4,1802
3586,4,1803
3588,3,1804
3588,5,1805
3589,2,1806
3592,3,1807
3594,4,1808
3594,5,1809
3603,3,1810
3603,4,1811
3613,3,1812
3613,4,1813
3614,2,1814
3619,3,1815
3619,4,1816
3622,3,1817
3622,4,1818
3626,4,1819
3628,3,1820
3630,2,1821
3630,4,1822
3631,3,1823
3631,4,1824
3632,3,1825
3632,4,1826
3633,5,1827
3635,3,1828
3635,4,1829
3636,3,1830
3636,4,1831
3639,3,1832
3639,4,1833
3641,3,1834
3644,3,1835
3644,4,1836
3646,3,1837
3648,3,1838
3648,4,1839
3649,2,1840
3651,3,1841
3656,3,1842
3656,4,1843
3658,2,1844
3660,2,1845
3661,4,1846
3662,5,1847
3666,2,1848
3666,3,1849
3667,3,1850
3667,4,1851
3668,3,1852
3668,4,1853
3672,3,1854
3672,4,1855
3673,3,1856
3673,4,1857
3675,3,1858
3677,3,1859
3677,4,1860
3682,5,1861
3685,3,1862
3686,3,1863
3686,4,1864
3704,4,1865
3704,5,1866
3710,2,1867
3711,3,1868
3711,4,1869
3713,4,1870
3713,5,1871
3715,2,1872
3716,3,1873
3716,4,1874
3717,4,1875
3717,5,1876
3722,2,1877
3723,4,1878
3723,5,1879
3728,2,1880
3729,4,1881
3735,4,1882
3735,5,1883
3736,4,1884
3736,5,1885
3737,3,1886
3737,4,1887
3741,5,1888
3742,4,1889
3743,3,1890
3746,5,1891
3746,6,1892
3747,3,1893
3748,3,1894
3753,2,1895
3756,4,1896
3757,4,1897
3757,5,1898
3762,4,1899
3762,5,1900
3763,3,1901
3763,4,1902
3764,7,1903
3764,8,1904
3765,4,1905
3770,4,1906
3770,5,1907
3771,3,1908
3773,3,1909
3774,4,1910
3778,4,1911
3780,2,1912
3780,5,1913
3786,3,1914
3786,4,1915
3788,6,1916
3792,5,1917
3794,3,1918
3795,3,1919
3797,3,1920
3800,4,1921
3801,2,1922
3801,3,1923
3802,4,1924
3806,2,1925
3806,3,1926
3807,3,1927
3807,4,1928
3813,3,1929
3813,4,1930
3814,2,1931
3814,3,1932
3817,3,1933
3817,4,1934
3818,3,1935
3818,4,1936
3822,2,1937
3822,3,1938
3823,3,1939
3823,4,1940
3826,3,1941
3833,3,1942
3833,4,1943
3836,3,1944
3836,4,1945
3843,3,1946
3845,3,1947
3845,5,1948
3851,4,1949
3852,3,1950
3853,3,1951
3854,4,1952
3858,3,1953
3861,4,1954
3861,5,1955
3866,3,1956
3866,4,1957
3867,6,1958
3868,5,1959
3868,6,1960
3869,3,1961
3869,4,1962
3871,3,1963
3872,4,1964
3872,5,1965
3876,3,1966
3876,4,1967
3882,2,1968
3883,3,1969
3883,4,1970
3884,4,1971
3888,3,1972
3888,4,1973
3889,3,1974
3889,4,1975
3902,3,1976
3902,4,1977
3906,3,1978
3911,3,1979
3912,3,1980
3913,4,1981
3913,5,1982
3918,3,1983
3918,4,1984
3925,3,1985
3925,4,1986
3928,5,1987
3929,4,1988
3930,4,1989
3931,3,1990
3931,5,1991
3940,4,1992
3942,3,1993
3943,3,1994
3943,4,1995
3944,2,1996
3944,3,1997
3950,6,1998
3950,7,1999
3956,4,2000
3956,5,2001
3957,3,2002
3957,4,2003
3958,3,2004
3958,4,2005
3960,3,2006
3960,4,2007
3963,3,2008
3963,4,2009
3964,3,2010
3964,4,2011
3965,3,2012
3965,5,2013
3966,2,2014
3972,2,2015
3972,3,2016
3974,5,2017
3976,6,2018
3976,7,2019
3979,4,2020
3979,5,2021
3981,2,2022
3981,3,2023
3983,5,2024
3984,4,2025
3984,5,2026
3985,3,2027
3987,3,2028
3987,4,2029
3988,2,2030
3990,2,2031
3990,3,2032
3992,4,2033
3992,5,2034
3994,2,2035
3996,4,2036
3996,5,2037
4003,3,2038
4003,4,2039
4006,2,2040
4006,3,2041
4009,3,2042
4009,4,2043
4010,3,2044
4010,4,2045
4011,3,2046
4011,4,2047
4013,3,2048
4016,4,2049
4019,6,2050
4021,4,2051
4022,3,2052
4022,4,2053
4025,2,2054
4025,4,2055
4027,3,2056
4029,2,2057
4029,3,2058
4033,4,2059
4034,3,2060
4034,4,2061
4038,4,2062
4039,4,2063
4041,4,2064
4047,5,2065
4049,2,2066
4052,4,2067
4054,4,2068
4055,3,2069
4059,2,2070
4061,3,2071
4062,3,2072
4067,4,2073
4071,3,2074
4071,4,2075
4072,2,2076
4072,3,2077
4073,3,2078
4075,2,2079
4075,4,2080
4081,5,2081
4081,6,2082
4084,3,2083
4085,2,2084
4090,3,2085
4090,4,2086
4094,2,2087
4098,2,2088
4105,3,2089
4105,5,2090
4107,3,2091
4111,5,2092
4112,2,2093
4113,2,2094
4113,3,2095
4114,6,2096
4114,8,2097
4119,2,2098
4122,3,2099
4122,4,2100
4126,4,2101
4126,5,2102
4127,3,2103
4128,3,2104
4128,4,2105
4129,2,2106
4129,3,2107
4134,3,2108
4134,4,2109
4136,3,2110
4136,4,2111
4138,3,2112
4138,4,2113
4140,7,2114
4140,8,2115
4141,3,2116
4141,4,2117
4143,4,2118
4143,5,2119
4145,4,2120
4146,3,2121
4149,5,2122
4149,6,2123
4152,5,2124
4153,2,2125
4153,4,2126
4162,2,2127
4165,4,2128
4165,5,2129
4167,3,2130
4167,4,2131
4169,4,2132
4171,3,2133
4171,4,2134
4173,2,2135
4173,4,2136
4175,3,2137
4175,5,2138
4178,2,2139
4178,3,2140
4181,4,2141
4182,2,2142
4182,3,2143
4183,2,2144
4183,3,2145
4187,3,2146
4196,3,2147
4198,3,2148
4200,3,2149
4205,3,2150
4205,4,2151
4206,3,2152
4206,4,2153
4211,3,2154
4211,4,2155
4219,2,2156
4219,4,2157
4220,3,2158
4220,4,2159
4221,4,2160
4222,2,2161
4222,3,2162
4226,3,2163
4227,4,2164
4229,2,2165
4229,4,2166
4230,2,2167
4231,3,2168
4233,4,2169
4235,3,2170
4236,3,2171
4238,3,2172
4238,4,2173
4239,2,2174
4242,4,2175
4244,3,2176
4245,3,2177
4246,2,2178
4246,3,2179
4249,4,2180
4252,5,2181
4254,3,2182
4254,4,2183
4260,4,2184
4260,5,2185
4261,4,2186
4264,3,2187
4264,4,2188
4267,4,2189
4267,5,2190
4277,3,2191
4284,2,2192
4285,4,2193
4287,3,2194
4288,3,2195
4288,4,2196
4289,3,2197
4296,3,2198
4296,4,2199
4299,3,2200
4301,4,2201
4302,3,2202
4304,3,2203
4304,4,2204
4307,5,2205
4307,6,2206
4308,3,2207
4311,2,2208
4311,3,2209
4312,6,2210
4312,7,2211
4317,3,2212
4317,4,2213
4321,3,2214
4325,4,2215
4326,6,2216
4329,4,2217
4329,5,2218
4334,4,2219
4337,4,2220
4337,5,2221
4338,3,2222
4338,5,2223
4339,4,2224
4339,5,2225
4343,4,2226
4347,3,2227
4354,3,2228
4354,5,2229
4359,4,2230
4359,5,2231
4360,3,2232
4360,4,2233
4361,2,2234
4365,5,2235
4370,3,2236
4370,4,2237
4373,2,2238
4374,2,2239
4377,4,2240
4380,4,2241
4383,3,2242
4383,4,2243
4384,3,2244
4385,3,2245
4385,4,2246
4390,4,2247
4390,5,2248
4394,3,2249
4396,4,2250
4397,3,2251
4397,4,2252
4400,3,2253
4402,3,2254
4404,3,2255
4404,4,2256
4405,3,2257
4405,4,2258
4406,3,2259
4406,4,2260
4411,2,2261
4416,4,2262
4416,5,2263
4418,3,2264
4418,4,2265
4419,3,2266
4420,3,2267
4424,4,2268
4426,3,2269
4429,4,2270
4429,5,2271
4430,6,2272
4436,4,2273
4436,5,2274
4442,4,2275
4443,2,2276
4443,4,2277
4453,2,2278
4453,4,2279
4455,4,2280
4455,6,2281
4461,3,2282
4461,4,2283
4464,4,2284
4465,3,2285
4465,4,2286
4469,4,2287
4470,2,2288
4471,4,2289
4474,2,2290
4474,3,2291
4475,4,2292
4476,2,2293
4476,3,2294
4481,3,2295
4481,4,2296
4484,5,2297
4487,3,2298
4487,4,2299
4499,2,2300
4499,3,2301
4500,2,2302
4500,3,2303
4501,3,2304
4501,4,2305
4504,3,2306
4506,3,2307
4506,4,2308
4507,4,2309
4508,4,2310
4510,3,2311
4510,4,2312
4515,2,2313
4515,3,2314
4516,3,2315
4516,4,2316
4527,3,2317
4527,4,2318
4529,2,2319
4529,3,2320
4530,3,2321
4530,4,2322
4531,4,2323
4536,3,2324
4536,4,2325
4537,3,2326
4537,4,2327
4541,2,2328
4541,3,2329
4543,5,2330
4543,6,2331
4550,2,2332
4550,3,2333
4553,4,2334
4553,5,2335
4556,4,2336
4557,2,2337
4557,3,2338
4565,4,2339
4565,5,2340
4566,2,2341
4566,3,2342
4571,3,2343
4572,3,2344
4572,4,2345
4574,3,2346
4574,4,2347
4576,5,2348
4576,6,2349
4581,6,2350
4581,7,2351
4587,4,2352
4587,5,2353
4588,3,2354
4593,3,2355
4593,4,2356
4599,2,2357
4601,3,2358
4601,4,2359
4602,6,2360
4603,4,2361
4603,5,2362
4604,3,2363
4605,3,2364
4612,3,2365
4612,4,2366
4616,2,2367
4616,3,2368
4617,3,2369
4618,4,2370
4619,3,2371
4619,4,2372
4630,3,2373
4630,4,2374
4633,4,2375
4637,5,2376
4638,2,2377
4638,3,2378
4639,3,2379
4639,5,2380
4641,3,2381
4647,4,2382
4647,5,2383
4648,3,2384
4648,4,2385
4650,2,2386
4650,3,2387
4651,4,2388
4652,5,2389
4653,5,2390
4655,3,2391
4658,3,2392
4665,3,2393
4665,4,2394
4667,3,2395
4669,3,2396
4672,3,2397
4672,4,2398
4675,3,2399
4678,3,2400
4678,4,2401
4679,2,2402
4679,5,2403
4685,3,2404
4687,3,2405
4687,4,2406
4688,2,2407
4688,4,2408
4694,6,2409
4697,3,2410
4697,4,2411
4704,3,2412
4704,4,2413
4705,3,2414
4706,3,2415
4706,4,2416
4707,5,2417
4707,6,2418
4709,4,2419
4710,3,2420
4710,4,2421
4711,5,2422
4716,4,2423
4718,3,2424
4720,3,2425
4724,4,2426
4724,5,2427
4725,3,2428
4726,5,2429
4727,4,2430
4731,3,2431
4734,5,2432
4739,5,2433
4741,3,2434
4741,5,2435
4742,3,2436
4743,3,2437
4744,4,2438
4744,5,2439
4745,3,2440
4745,4,2441
4748,3,2442
4748,4,2443
4750,3,2444
4751,2,2445
4751,3,2446
4755,5,2447
4755,6,2448
4757,4,2449
4759,3,2450
4759,4,2451
4762,4,2452
4764,2,2453
4764,3,2454
4766,3,2455
4766,4,2456
4767,8,2457
4767,9,2458
4769,5,2459
4769,7,2460
4770,4,2461
4771,2,2462
4772,3,2463
4772,4,2464
4773,2,2465
4773,3,2466
4775,2,2467
4777,3,2468
4779,2,2469
4779,3,2470
4780,11,2471
4780,12,2472
4781,4,2473
4781,5,2474
4783,4,2475
4788,4,2476
4788,5,2477
4789,2,2478
4791,3,2479
4793,4,2480
4794,3,2481
4794,4,2482
4799,5,2483
4803,3,2484
4809,2,2485
4815,4,2486
4815,5,2487
4816,5,2488
4816,6,2489
4818,3,2490
4820,2,2491
4820,3,2492
4821,5,2493
4823,4,2494
4823,5,2495
4826,3,2496
4826,4,2497
4828,3,2498
4828,4,2499
4832,5,2500
4832,6,2501
4838,5,2502
4847,3,2503
4849,2,2504
4849,3,2505
4851,4,2506
4852,3,2507
4854,3,2508
4857,5,2509
4857,6,2510
4859,5,2511
4859,6,2512
4860,5,2513
4860,6,2514
4862,3,2515
4862,4,2516
4863,2,2517
4863,4,2518
4864,3,2519
4864,4,2520
4867,3,2521
4869,2,2522
4869,3,2523
4871,5,2524
4874,4,2525
4877,2,2526
4885,5,2527
4885,6,2528
4886,2,2529
4891,4,2530
4894,3,2531
4897,4,2532
4897,5,2533
4900,3,2534
4900,4,2535
4901,5,2536
4911,3,2537
4911,5,2538
4914,4,2539
4915,2,2540
4922,2,2541
4924,2,2542
4925,3,2543
4926,5,2544
4926,7,2545
4927,3,2546
4927,4,2547
4929,3,2548
4929,4,2549
4932,4,2550
4933,3,2551
4933,4,2552
4935,3,2553
4937,3,2554
4938,5,2555
4939,3,2556
4939,4,2557
4941,5,2558
4941,6,2559
4942,4,2560
4947,6,2561
4948,3,2562
4952,2,2563
4956,3,2564
4956,4,2565
4958,2,2566
4958,3,2567
4959,2,2568
4960,5,2569
4961,2,2570
4962,2,2571
4962,3,2572
4966,3,2573
4966,4,2574
4967,3,2575
4968,3,2576
4968,5,2577
4971,3,2578
4971,4,2579
4976,4,2580
4976,5,2581
4978,3,2582
4980,4,2583
4980,5,2584
4981,3,2585
4983,4,2586
4983,5,2587
4987,3,2588
4988,3,2589
4990,3,2590
4991,2,2591
4997,3,2592
4997,4,2593
5002,2,2594
5007,3,2595
5007,6,2596
5010,3,2597
5014,3,2598
5016,2,2599
5017,3,2600
5017,4,2601
5018,3,2602
5018,4,2603
5022,3,2604
5024,3,2605
5032,4,2606
5033,3,2607
5033,4,2608
5034,4,2609
5037,3,2610
5038,5,2611
5046,4,2612
5049,3,2613
5052,3,2614
5052,4,2615
5053,5,2616
5053,6,2617
5054,2,2618
5055,4,2619
5063,4,2620
5063,5,2621
5064,4,2622
5067,3,2623
5067,4,2624
5069,3,2625
5070,2,2626
5070,5,2627
5071,3,2628
5073,2,2629
5076,3,2630
5076,4,2631
5077,3,2632
5078,3,2633
5078,5,2634
5087,3,2635
5094,3,2636
5094,4,2637
5098,3,2638
5102,3,2639
5104,3,2640
5104,5,2641
5106,2,2642
5107,2,2643
5107,4,2644
5108,3,2645
5110,3,2646
5112,6,2647
5112,7,2648
5113,3,2649
5113,4,2650
5114,3,2651
5115,3,2652
5116,3,2653
5117,4,2654
5119,2,2655
5120,2,2656
5125,3,2657
5125,4,2658
5127,3,2659
5127,5,2660
5131,3,2661
5138,3,2662
5141,3,2663
5142,3,2664
5143,3,2665
5144,6,2666
5146,2,2667
5147,3,2668
5148,4,2669
5148,5,2670
5150,3,2671
5150,4,2672
5152,3,2673
5153,4,2674
5154,4,2675
5154,5,2676
5155,5,2677
5156,3,2678
5158,4,2679
5161,3,2680
5162,4,2681
5162,5,2682
5163,2,2683
5165,3,2684
5167,3,2685
5169,4,2686
5170,6,2687
5170,8,2688
5174,2,2689
5174,3,2690
5176,3,2691
5177,4,2692
5179,2,2693
5180,3,2694
5181,5,2695
5195,3,2696
5197,2,2697
5200,2,2698
5201,2,2699
5201,3,2700
5202,3,2701
5203,5,2702
5210,5,2703
5212,2,2704
5213,3,2705
5214,2,2706
5215,4,2707
5216,2,2708
5217,4,2709
5217,5,2710
5218,2,2711
5218,3,2712
5219,4,2713
5220,3,2714
5225,3,2715
5226,2,2716
5235,3,2717
5240,2,2718
5240,3,2719
5242,3,2720
5242,5,2721
5244,2,2722
5246,3,2723
5247,3,2724
5247,4,2725
5256,3,2726
5256,4,2727
5258,3,2728
5259,4,2729
5261,3,2730
5261,4,2731
5264,3,2732
5266,3,2733
5267,3,2734
5271,3,2735
5271,4,2736
5272,2,2737
5272,3,2738
5273,4,2739
5274,3,2740
5274,4,2741
5280,4,2742
5280,5,2743
5281,4,2744
5284,2,2745
5284,3,2746
5285,3,2747
5285,4,2748
5287,3,2749
5288,3,2750
5288,4,2751
5291,2,2752
5291,3,2753
5295,2,2754
5295,3,2755
5298,2,2756
5298,3,2757
5299,5,2758
5299,6,2759
5300,4,2760
5300,5,2761
5301,4,2762
5301,5,2763
5302,3,2764
5306,3,2765
5306,4,2766
5308,3,2767
5308,4,2768
5309,2,2769
5311,3,2770
5315,3,2771
5315,4,2772
5316,2,2773
5316,3,2774
5322,3,2775
5323,3,2776
5326,3,2777
5326,4,2778
5328,2,2779
5328,3,2780
5332,3,2781
5335,4,2782
5336,2,2783
5338,3,2784
5338,5,2785
5340,2,2786
5340,3,2787
5341,4,2788
5342,2,2789
5342,3,2790
5344,2,2791
5345,4,2792
5345,5,2793
5348,2,2794
5349,5,2795
5350,3,2796
5352,3,2797
5352,5,2798
5354,3,2799
5357,2,2800
5358,3,2801
5358,4,2802
5359,3,2803
5359,5,2804
5360,4,2805
5361,3,2806
5363,4,2807
5363,5,2808
5364,2,2809
5364,3,2810
5365,4,2811
5370,3,2812
5370,4,2813
5374,2,2814
5374,3,2815
5376,4,2816
5383,4,2817
5383,5,2818
5385,4,2819
5385,5,2820
5390,3,2821
5390,4,2822
5392,6,2823
5394,5,2824
5398,5,2825
5399,3,2826
5399,5,2827
5402,3,2828
5405,3,2829
5405,4,2830
5408,3,2831
5408,4,2832
5410,3,2833
5413,2,2834
5413,4,2835
5414,3,2836
5416,2,2837
5416,3,2838
5426,3,2839
5426,4,2840
5430,4,2841
5431,3,2842
5434,3,2843
5435,3,2844
5438,2,2845
5441,4,2846
5445,5,2847
5445,6,2848
5446,3,2849
5447,4,2850
5448,6,2851
5448,7,2852
5451,2,2853
5451,8,2854
5452,3,2855
5455,3,2856
5455,4,2857
5458,2,2858
5458,3,2859
5461,2,2860
5461,3,2861
5463,3,2862
5463,4,2863
5464,5,2864
5465,3,2865
5473,3,2866
5475,2,2867
5476,2,2868
5479,2,2869
5490,3,2870
5491,2,2871
5492,3,2872
5492,4,2873
5497,3,2874
5497,4,2875
5501,3,2876
5511,3,2877
5514,5,2878
5514,7,2879
5515,2,2880
5515,3,2881
5517,3,2882
5517,4,2883
5518,3,2884
5518,4,2885
5521,2,2886
5521,3,2887
5522,3,2888
5522,4,2889
5524,3,2890
5524,5,2891
5525,3,2892
5525,4,2893
5528,2,2894
5531,3,2895
5534,3,2896
5539,4,2897
5540,3,2898
5542,4,2899
5546,3,2900
5547,3,2901
5547,4,2902
5553,3,2903
5554,3,2904
5558,3,2905
5560,2,2906
5560,4,2907
5562,3,2908
5562,4,2909
5566,3,2910
5566,4,2911
5569,3,2912
5569,4,2913
5575,4,2914
5576,3,2915
5577,2,2916
5577,3,2917
5579,3,2918
5579,4,2919
5580,3,2920
5580,4,2921
5584,3,2922
5584,4,2923
5587,2,2924
5589,5,2925
5589,6,2926
5590,3,2927
5590,4,2928
5595,3,2929
5595,4,2930
5605,3,2931
5605,4,2932
5609,3,2933
5609,4,2934
5613,3,2935
5613,5,2936
5623,2,2937
5624,2,2938
5626,3,2939
5626,4,2940
5627,3,2941
5630,4,2942
5630,5,2943
5632,3,2944
5632,4,2945
5633,3,2946
5634,4,2947
5634,5,2948
5636,3,2949
5637,4,2950
5637,5,2951
5641,4,2952
5641,5,2953
5645,3,2954
5646,4,2955
5649,4,2956
5657,3,2957
5658,2,2958
5661,4,2959
5662,5,2960
5662,6,2961
5663,2,2962
5663,3,2963
5664,2,2964
5664,4,2965
5666,3,2966
5666,4,2967
5669,3,2968
5671,3,2969
5671,4,2970
5673,3,2971
5674,3,2972
5680,4,2973
5680,5,2974
5692,3,2975
5694,2,2976
5695,4,2977
5695,5,2978
5697,4,2979
5697,5,2980
5701,4,2981
5705,6,2982
5708,4,2983
5711,2,2984
5716,2,2985
5716,3,2986
5727,3,2987
5731,3,2988
5731,4,2989
5739,2,2990
5739,3,2991
5745,3,2992
5749,2,2993
5754,3,2994
5755,3,2995
5760,3,2996
5760,4,2997
5764,4,2998
5766,3,2999
5768,3,3000
5768,4,3001
5771,2,3002
5771,3,3003
5773,2,3004
5774,2,3005
5774,3,3006
5777,5,3007
5783,2,3008
5786,2,3009
5786,3,3010
5793,2,3011
5794,4,3012
5796,3,3013
5802,3,3014
5802,4,3015
5810,3,3016
5812,4,3017
5820,6,3018
5827,3,3019
5839,3,3020
5840,3,3021
5845,2,3022
5854,3,3023
5854,4,3024
5855,3,3025
5860,4,3026
5861,3,3027
5864,2,3028
5867,2,3029
5867,4,3030
5875,2,3031
5875,3,3032
5879,3,3033
5879,4,3034
5882,4,3035
5886,2,3036
5886,3,3037
5892,6,3038
5898,3,3039
5905,3,3040
5914,4,3041
5914,5,3042
5916,4,3043
5916,5,3044
5919,2,3045
5924,3,3046
5924,4,3047
5925,2,3048
5925,3,3049
5930,3,3050
5931,4,3051
5931,5,3052
5934,4,3053
5936,2,3054
5938,3,3055
5940,2,3056
5940,3,3057
5941,3,3058
5941,4,3059
5942,3,3060
5945,4,3061
5945,5,3062
5951,3,3063
5963,3,3064
5963,4,3065
5966,3,3066
5966,4,3067
5967,3,3068
5968,3,3069
5969,3,3070
5969,4,3071
5978,4,3072
5978,5,3073
5983,3,3074
5985,2,3075
5985,3,3076
5991,4,3077
5992,3,3078
5993,3,3079
5993,4,3080
5999,3,3081
6000,4,3082
6000,6,3083
6002,3,3084
6005,3,3085
6005,4,3086
6007,3,3087
6007,4,3088
6011,4,3089
6030,3,3090
6030,4,3091
6033,3,3092
6035,3,3093
6038,3,3094
6038,4,3095
6041,2,3096
6046,3,3097
6048,5,3098
6053,2,3099
6055,3,3100
6055,4,3101
6056,2,3102
6060,2,3103
6060,3,3104
6062,3,3105
6062,4,3106
6064,2,3107
6064,4,3108
6068,3,3109
6074,2,3110
6075,2,3111
6075,3,3112
6076,3,3113
6077,3,3114
6077,4,3115
6082,3,3116
6082,4,3117
6089,3,3118
6089,4,3119
6097,4,3120
6097,5,3121
6100,3,3122
6102,3,3123
6110,3,3124
6116,3,3125
6116,4,3126
6123,4,3127
6127,4,3128
6128,3,3129
6128,5,3130
6130,3,3131
6130,5,3132
6131,2,3133
6134,3,3134
6140,2,3135
6140,4,3136
6144,4,3137
6144,5,3138
6145,3,3139
6145,4,3140
6150,2,3141
6153,4,3142
6153,5,3143
6154,3,3144
6169,2,3145
6170,3,3146
6171,4,3147
6171,5,3148
6172,3,3149
6172,4,3150
6180,4,3151
6182,2,3152
6186,4,3153
6186,5,3154
6187,2,3155
6188,3,3156
6189,3,3157
6192,3,3158
6192,4,3159
6195,4,3160
6199,7,3161
6199,8,3162
6210,3,3163
6212,3,3164
6215,3,3165
6216,2,3166
6216,3,3167
6219,3,3168
6222,3,3169
6222,5,3170
6223,2,3171
6226,3,3172
6234,2,3173
6235,3,3174
6235,5,3175
6236,2,3176
6240,3,3177
6242,3,3178
6242,5,3179
6248,4,3180
6254,6,3181
6254,7,3182
6255,3,3183
6255,4,3184
6256,4,3185
6256,5,3186
6257,2,3187
6257,3,3188
6260,3,3189
6263,5,3190
6263,6,3191
6264,3,3192
6267,2,3193
6267,3,3194
6269,7,3195
6270,2,3196
6270,3,3197
6271,3,3198
6272,3,3199
6272,4,3200
6279,3,3201
6279,4,3202
6280,3,3203
6280,4,3204
6296,5,3205
6296,6,3206
6299,4,3207
6299,5,3208
6300,3,3209
6300,5,3210
6302,4,3211
6302,5,3212
6303,6,3213
6305,3,3214
6309,3,3215
6310,3,3216
6310,4,3217
6312,3,3218
6313,2,3219
6313,4,3220
6318,3,3221
6321,3,3222
6321,4,3223
6325,3,3224
6327,3,3225
6328,5,3226
6331,4,3227
6331,5,3228
6337,3,3229
6337,4,3230
6338,4,3231
6338,5,3232
6344,2,3233
6349,5,3234
10003,6,3235
10003,7,3236
10007,4,3237
10008,3,3238
10010,4,3239
10012,3,3240
10012,5,3241
10014,2,3242
10016,3,3243
10016,4,3244
10018,3,3245
10019,3,3246
10019,4,3247
10022,4,3248
10022,5,3249
10023,2,3250
10026,3,3251
10027,3,3252
10027,4,3253
10028,4,3254
10028,5,3255
10029,3,3256
10033,2,3257
10034,3,3258
10034,4,3259
10036,4,3260
10036,5,3261
10037,2,3262
10038,3,3263
10038,4,3264
10039,4,3265
10039,5,3266
10042,4,3267
10042,5,3268
10047,3,3269
10047,4,3270
10051,2,3271
10052,4,3272
10053,3,3273
10053,4,3274
10056,3,3275
10056,4,3276
10057,3,3277
10057,4,3278
10059,4,3279
10059,7,3280
10061,3,3281
10063,3,3282
10066,4,3283
10066,5,3284
10067,3,3285
10067,6,3286
10071,3,3287
10071,4,3288
10072,3,3289
10072,4,3290
10073,3,3291
10073,4,3292
10074,3,3293
10074,4,3294
10076,3,3295
10076,4,3296
10077,5,3297
10077,6,3298
10080,4,3299
10080,5,3300
10081,3,3301
10081,4,3302
10083,4,3303
10083,5,3304
10084,3,3305
10085,3,3306
10085,4,3307
10086,2,3308
10086,3,3309
10087,2,3310
10089,3,3311
10089,5,3312
10090,4,3313
10095,5,3314
10097,4,3315
10097,5,3316
10098,3,3317
10098,4,3318
10099,3,3319
10099,6,3320
10100,6,3321
10100,7,3322
10106,3,3323
10106,4,3324
10108,4,3325
10111,3,3326
10111,4,3327
10112,3,3328
10112,4,3329
10114,3,3330
10115,3,3331
10115,6,3332
10120,3,3333
10121,3,3334
10121,4,3335
10123,3,3336
10127,3,3337
10131,4,3338
10132,3,3339
10133,2,3340
10134,3,3341
10134,4,3342
10135,3,3343
10135,4,3344
10136,2,3345
10139,6,3346
10139,7,3347
10143,3,3348
10143,4,3349
10146,3,3350
10146,4,3351
10149,3,3352
10151,6,3353
10151,7,3354
10152,3,3355
10152,4,3356
10153,2,3357
10153,3,3358
10155,3,3359
10156,5,3360
10156,6,3361
10157,2,3362
10157,4,3363
10162,3,3364
10162,4,3365
10163,5,3366
10163,6,3367
10165,5,3368
10165,6,3369
10167,3,3370
10171,3,3371
10171,4,3372
10173,4,3373
10174,3,3374
10174,4,3375
10176,3,3376
10177,5,3377
10177,6,3378
10180,4,3379
10180,5,3380
10182,3,3381
10182,4,3382
10183,3,3383
10183,5,3384
10185,3,3385
10185,4,3386
10189,3,3387
10189,4,3388
10195,3,3389
10195,4,3390
10196,5,3391
10200,3,3392
10201,6,3393
10202,3,3394
10202,5,3395
10203,4,3396
10204,3,3397
10204,4,3398
10206,5,3399
10206,6,3400
10218,4,3401
10218,5,3402
10219,3,3403
10223,3,3404
10225,3,3405
10225,4,3406
10226,3,3407
10228,2,3408
10232,4,3409
10238,4,3410
10238,5,3411
10240,5,3412
10242,3,3413
10242,4,3414
10243,4,3415
10243,7,3416
10245,3,3417
10245,4,3418
10250,2,3419
10250,3,3420
10251,5,3421
10251,7,3422
10255,3,3423
10255,4,3424
10257,4,3425
10257,5,3426
10259,3,3427
10260,3,3428
10262,3,3429
10263,4,3430
10265,5,3431
10265,6,3432
10267,3,3433
10267,4,3434
10269,7,3435
10269,8,3436
10270,6,3437
10270,7,3438
10271,2,3439
10272,6,3440
10278,3,3441
10279,6,3442
10279,8,3443
10280,3,3444
10282,3,3445
10284,3,3446
10285,3,3447
10289,5,3448
10289,7,3449
10291,3,3450
10291,4,3451
10292,4,3452
10293,2,3453
10294,3,3454
10297,6,3455
10298,3,3456
10298,4,3457
10299,4,3458
10299,5,3459
10300,3,3460
10300,4,3461
10303,3,3462
10303,6,3463
10306,3,3464
10308,4,3465
10309,4,3466
10309,5,3467
10311,3,3468
10313,3,3469
10315,3,3470
10315,4,3471
10316,5,3472
10316,7,3473
10320,4,3474
10322,4,3475
10322,6,3476
10323,3,3477
10323,4,3478
10327,3,3479
10328,5,3480
10328,6,3481
10331,4,3482
10332,3,3483
10335,3,3484
10341,3,3485
10341,4,3486
10344,3,3487
10344,5,3488
10345,3,3489
10346,5,3490
10347,3,3491
10347,4,3492
10349,3,3493
10349,7,3494
10352,3,3495
10357,5,3496
10358,3,3497
10358,4,3498
10360,3,3499
10361,4,3500
10361,6,3501
10362,3,3502
10362,7,3503
10363,4,3504
10363,5,3505
10365,4,3506
10365,5,3507
10367,3,3508
10367,4,3509
10368,3,3510
10368,4,3511
10376,3,3512
10376,4,3513
10377,3,3514
10377,4,3515
10378,3,3516
10379,5,3517
10381,7,3518
10381,8,3519
10385,3,3520
10388,7,3521
10389,3,3522
10389,4,3523
10390,3,3524
10390,4,3525
10391,3,3526
10391,5,3527
10392,3,3528
10395,2,3529
10397,5,3530
10397,6,3531
10398,4,3532
10400,3,3533
10400,4,3534
10401,5,3535
10402,2,3536
10404,4,3537
10405,5,3538
10405,7,3539
10408,6,3540
10408,7,3541
10409,3,3542
10409,4,3543
10411,4,3544
10411,5,3545
10412,4,3546
10413,3,3547
10415,3,3548
10416,4,3549
10416,6,3550
10419,3,3551
10419,4,3552
10422,4,3553
10429,3,3554
10433,5,3555
10434,4,3556
10434,5,3557
10437,4,3558
10437,5,3559
10438,3,3560
10438,5,3561
10442,3,3562
10442,4,3563
3,2,3564
3,3,3565
24,2,3566
24,3,3567
29,3,3568
32,3,3569
32,4,3570
59,3,3571
60,5,3572
61,2,3573
65,5,3574
79,2,3575
88,3,3576
88,4,3577
91,3,3578
91,4,3579
96,3,3580
105,4,3581
105,5,3582
114,3,3583
115,3,3584
125,4,3585
126,5,3586
134,3,3587
136,3,3588
136,4,3589
138,4,3590
139,5,3591
152,2,3592
152,3,3593
154,4,3594
163,2,3595
171,3,3596
178,3,3597
188,4,3598
190,3,3599
190,4,3600
216,3,3601
218,3,3602
218,5,3603
235,4,3604
243,3,3605
257,3,3606
257,4,3607
260,3,3608
260,4,3609
262,3,3610
277,4,3611
283,4,3612
283,5,3613
288,3,3614
288,4,3615
301,6,3616
303,4,3617
309,3,3618
309,4,3619
318,3,3620
333,3,3621
333,4,3622
354,4,3623
359,3,3624
359,4,3625
361,3,3626
366,3,3627
366,4,3628
368,5,3629
370,4,3630
378,3,3631
385,2,3632
387,3,3633
387,4,3634
391,5,3635
392,3,3636
395,3,3637
395,4,3638
414,4,3639
414,5,3640
415,4,3641
415,5,3642
419,4,3643
421,2,3644
430,3,3645
430,4,3646
446,3,3647
447,3,3648
447,4,3649
460,3,3650
466,3,3651
472,3,3652
478,3,3653
478,4,3654
482,3,3655
484,3,3656
491,3,3657
494,3,3658
494,4,3659
497,2,3660
500,2,3661
501,3,3662
501,4,3663
503,4,3664
510,3,3665
520,5,3666
527,4,3667
533,4,3668
538,2,3669
543,4,3670
547,4,3671
547,5,3672
549,6,3673
558,4,3674
572,3,3675
572,5,3676
580,3,3677
580,4,3678
586,3,3679
588,3,3680
588,4,3681
591,3,3682
594,3,3683
594,4,3684
596,4,3685
596,6,3686
598,2,3687
601,3,3688
603,5,3689
604,4,3690
606,4,3691
606,5,3692
615,2,3693
615,3,3694
616,2,3695
616,3,3696
620,4,3697
620,5,3698
621,4,3699
631,3,3700
632,2,3701
657,6,3702
657,7,3703
658,2,3704
659,4,3705
663,2,3706
664,2,3707
673,3,3708
673,4,3709
676,3,3710
689,2,3711
689,3,3712
691,3,3713
692,3,3714
692,5,3715
693,5,3716
693,7,3717
696,3,3718
701,3,3719
704,3,3720
704,4,3721
710,2,3722
710,3,3723
716,3,3724
717,4,3725
726,3,3726
726,5,3727
727,3,3728
727,5,3729
731,3,3730
731,4,3731
733,4,3732
733,6,3733
734,3,3734
734,4,3735
741,5,3736
741,6,3737
751,4,3738
751,5,3739
753,4,3740
772,3,3741
784,3,3742
789,3,3743
789,4,3744
796,3,3745
801,3,3746
801,4,3747
802,3,3748
804,3,3749
805,2,3750
815,2,3751
818,3,3752
819,3,3753
819,4,3754
821,2,3755
823,2,3756
824,4,3757
824,5,3758
833,5,3759
834,3,3760
834,4,3761
837,3,3762
840,2,3763
840,4,3764
841,3,3765
841,4,3766
842,2,3767
846,2,3768
846,3,3769
851,5,3770
852,5,3771
852,6,3772
858,3,3773
859,4,3774
861,2,3775
863,3,3776
871,2,3777
871,3,3778
874,3,3779
879,4,3780
883,3,3781
886,2,3782
886,3,3783
887,3,3784
891,4,3785
891,5,3786
893,3,3787
893,5,3788
894,3,3789
894,4,3790
896,4,3791
896,5,3792
898,2,3793
898,3,3794
907,2,3795
919,5,3796
927,2,3797
937,3,3798
937,4,3799
943,2,3800
943,3,3801
946,3,3802
946,4,3803
955,4,3804
957,3,3805
970,3,3806
970,4,3807
972,3,3808
979,3,3809
979,4,3810
983,2,3811
983,4,3812
987,3,3813
989,2,3814
1002,3,3815
1002,4,3816
1013,3,3817
1013,4,3818
1016,3,3819
1018,5,3820
1023,3,3821
1023,4,3822
1033,3,3823
1038,2,3824
1038,3,3825
1043,3,3826
1043,4,3827
1047,3,3828
1047,4,3829
1048,3,3830
1057,3,3831
1059,3,3832
1059,4,3833
1061,4,3834
1061,5,3835
1066,4,3836
1066,5,3837
1071,3,3838
1071,5,3839
1076,2,3840
1076,3,3841
1082,3,3842
1082,4,3843
1085,2,3844
1085,4,3845
1086,3,3846
1093,3,3847
1093,4,3848
1098,3,3849
1100,5,3850
1101,3,3851
1107,4,3852
1111,4,3853
1112,3,3854
1117,5,3855
1117,6,3856
1122,4,3857
1122,5,3858
1135,5,3859
1136,3,3860
1139,4,3861
1148,3,3862
1148,4,3863
1161,4,3864
1164,4,3865
1169,2,3866
1173,5,3867
1177,2,3868
1178,3,3869
1178,4,3870
1180,3,3871
1180,4,3872
1182,3,3873
1182,4,3874
1188,4,3875
1189,3,3876
1191,3,3877
1195,3,3878
1195,4,3879
1200,3,3880
1200,4,3881
1204,5,3882
1212,4,3883
1212,5,3884
1218,5,3885
1222,3,3886
1222,4,3887
1232,3,3888
1233,3,3889
1234,3,3890
1234,4,3891
1239,3,3892
1240,2,3893
1242,2,3894
1245,3,3895
1245,4,3896
1247,3,3897
1247,4,3898
1249,2,3899
1249,3,3900
1253,3,3901
1253,4,3902
1256,3,3903
1268,4,3904
1282,3,3905
1289,3,3906
1293,4,3907
1303,2,3908
1309,3,3909
1309,4,3910
1313,3,3911
1318,2,3912
1329,3,3913
1337,2,3914
1339,2,3915
1344,3,3916
1355,5,3917
1355,6,3918
1356,2,3919
1363,3,3920
1363,4,3921
1364,3,3922
1372,3,3923
1372,4,3924
1378,2,3925
1383,3,3926
1383,4,3927
1385,4,3928
1388,4,3929
1390,3,3930
1390,4,3931
1391,4,3932
1391,5,3933
1392,3,3934
1392,4,3935
1396,3,3936
1398,3,3937
1404,3,3938
1404,4,3939
1408,2,3940
1413,3,3941
1413,4,3942
1422,4,3943
1422,5,3944
1425,3,3945
1425,4,3946
1428,4,3947
1436,3,3948
1436,4,3949
1448,4,3950
1449,3,3951
1450,3,3952
1450,4,3953
1458,3,3954
1458,4,3955
1460,2,3956
1460,4,3957
1468,3,3958
1474,2,3959
1484,4,3960
1486,2,3961
1486,3,3962
1487,5,3963
1490,2,3964
1490,3,3965
1493,3,3966
1493,5,3967
1500,2,3968
1509,2,3969
1509,3,3970
1513,2,3971
1513,3,3972
1515,2,3973
1522,2,3974
1522,3,3975
1523,3,3976
1525,5,3977
1530,3,3978
1543,3,3979
1543,4,3980
1548,5,3981
1548,7,3982
1556,3,3983
1564,5,3984
1600,4,3985
1602,4,3986
1604,3,3987
1605,4,3988
1605,5,3989
1615,6,3990
1617,2,3991
1617,3,3992
1621,3,3993
1621,4,3994
1622,3,3995
1627,3,3996
1627,4,3997
1633,2,3998
1636,3,3999
1640,5,4000
1645,3,4001
1646,5,4002
1653,4,4003
1663,5,4004
1664,3,4005
1670,2,4006
1680,4,4007
1680,5,4008
1684,2,4009
1684,3,4010
1686,4,4011
1687,3,4012
1687,4,4013
1690,3,4014
1690,4,4015
1694,3,4016
1694,4,4017
1700,3,4018
1704,3,4019
1709,3,4020
1711,3,4021
1711,4,4022
1713,3,4023
1713,4,4024
1714,3,4025
1715,3,4026
1718,4,4027
1719,2,4028
1723,4,4029
1724,3,4030
1724,4,4031
1728,2,4032
1730,3,4033
1737,4,4034
1737,5,4035
1738,3,4036
1738,4,4037
1747,3,4038
1752,4,4039
1752,5,4040
1761,3,4041
1761,4,4042
1764,3,4043
1764,4,4044
1767,5,4045
1771,2,4046
1771,3,4047
1780,5,4048
1780,6,4049
1782,3,4050
1793,2,4051
1793,3,4052
1796,3,4053
1796,4,4054
1799,3,4055
1799,4,4056
1800,3,4057
1812,4,4058
1814,3,4059
1818,2,4060
1819,2,4061
1821,2,4062
1823,4,4063
1823,5,4064
1827,3,4065
1836,4,4066
1840,3,4067
1840,4,4068
1843,2,4069
1846,3,4070
1846,4,4071
1853,2,4072
1853,3,4073
1859,4,4074
1867,3,4075
1874,3,4076
1876,3,4077
1876,4,4078
1878,3,4079
1878,4,4080
1883,3,4081
1887,3,4082
1887,4,4083
1889,2,4084
1889,3,4085
1890,6,4086
1892,4,4087
1893,3,4088
1894,3,4089
1902,3,4090
1903,2,4091
1906,5,4092
1912,4,4093
1914,2,4094
1914,3,4095
1920,3,4096
1921,4,4097
1923,5,4098
1925,3,4099
1926,2,4100
1926,4,4101
1929,2,4102
1930,3,4103
1930,5,4104
1948,4,4105
1953,3,4106
1953,4,4107
1959,3,4108
1959,4,4109
1965,3,4110
1968,4,4111
1969,2,4112
1975,2,4113
1979,2,4114
1989,2,4115
1994,3,4116
1994,4,4117
2004,2,4118
2004,3,4119
2007,3,4120
2007,4,4121
2012,3,4122
2013,2,4123
2016,3,4124
2016,4,4125
2020,2,4126
2020,5,4127
2022,3,4128
2022,4,4129
2025,5,4130
2050,3,4131
2050,4,4132
2054,2,4133
2068,3,4134
2068,5,4135
2069,3,4136
2069,4,4137
2070,3,4138
2070,4,4139
2074,2,4140
2074,3,4141
2075,2,4142
2076,2,4143
2076,3,4144
2087,2,4145
2091,2,4146
2091,3,4147
2092,3,4148
2092,4,4149
2094,3,4150
2098,3,4151
2098,4,4152
2105,3,4153
2109,3,4154
2109,4,4155
2110,5,4156
2111,4,4157
2111,5,4158
2113,4,4159
2114,2,4160
2120,3,4161
2123,2,4162
2123,3,4163
2133,4,4164
2135,2,4165
2135,3,4166
2146,3,4167
2146,4,4168
2149,3,4169
2152,3,4170
2152,5,4171
2153,5,4172
2164,3,4173
2164,4,4174
2165,4,4175
2166,3,4176
2183,5,4177
2184,3,4178
2184,5,4179
2188,2,4180
2188,3,4181
2190,3,4182
2190,4,4183
2191,3,4184
2191,4,4185
2192,2,4186
2194,3,4187
2200,3,4188
2202,2,4189
2202,3,4190
2206,3,4191
2206,5,4192
2210,3,4193
2213,2,4194
2215,3,4195
2215,4,4196
2218,3,4197
2220,2,4198
2222,4,4199
2222,5,4200
2227,2,4201
2227,4,4202
2228,3,4203
2230,3,4204
2230,5,4205
2237,3,4206
2237,4,4207
2238,3,4208
2241,2,4209
2242,3,4210
2246,2,4211
2248,2,4212
2255,3,4213
2258,4,4214
2267,2,4215
2267,3,4216
2269,2,4217
2272,3,4218
2277,3,4219
2277,4,4220
2285,3,4221
2285,4,4222
2290,3,4223
2300,4,4224
2303,3,4225
2303,4,4226
2305,3,4227
2309,3,4228
2309,4,4229
2314,3,4230
2329,2,4231
2337,3,4232
2339,4,4233
2345,4,4234
2350,3,4235
2355,3,4236
2369,3,4237
2369,4,4238
2377,3,4239
2378,5,4240
2381,3,4241
2391,3,4242
2391,4,4243
2393,3,4244
2393,4,4245
2396,3,4246
2398,2,4247
2399,4,4248
2401,4,4249
2401,5,4250
2408,2,4251
2420,4,4252
2420,5,4253
2430,3,4254
2430,4,4255
2434,4,4256
2434,5,4257
2438,3,4258
2438,4,4259
2444,2,4260
2444,4,4261
2455,2,4262
2455,3,4263
2458,3,4264
2458,4,4265
2465,4,4266
2465,5,4267
2471,3,4268
2471,4,4269
2472,3,4270
2472,4,4271
2473,3,4272
2473,4,4273
2476,4,4274
2477,3,4275
2479,2,4276
2479,3,4277
2482,2,4278
2484,3,4279
2484,4,4280
2489,3,4281
2489,4,4282
2492,3,4283
2492,4,4284
2497,3,4285
2498,3,4286
2498,4,4287
2501,3,4288
2510,3,4289
2510,4,4290
2512,3,4291
2513,3,4292
2513,5,4293
2530,3,4294
2530,5,4295
2533,2,4296
2534,3,4297
2536,4,4298
2537,4,4299
2540,3,4300
2540,5,4301
2549,3,4302
2552,3,4303
2554,4,4304
2559,3,4305
2560,3,4306
2560,5,4307
2565,3,4308
2565,4,4309
2571,3,4310
2572,5,4311
2574,2,4312
2576,3,4313
2577,2,4314
2579,3,4315
2581,2,4316
2585,3,4317
2585,4,4318
2587,3,4319
2587,4,4320
2590,4,4321
2590,5,4322
2599,4,4323
2601,4,4324
2601,5,4325
2607,3,4326
2607,4,4327
2609,3,4328
2609,4,4329
2610,3,4330
2610,4,4331
2612,4,4332
2612,6,4333
2614,5,4334
2614,6,4335
2620,3,4336
2621,3,4337
2623,2,4338
2627,3,4339
2630,4,4340
2638,4,4341
2639,4,4342
2639,5,4343
2640,2,4344
2644,3,4345
2645,5,4346
2654,2,4347
2674,3,4348
2678,3,4349
2678,4,4350
2679,3,4351
2680,3,4352
2686,2,4353
2686,3,4354
2696,3,4355
2697,3,4356
2697,4,4357
2703,3,4358
2703,4,4359
2709,3,4360
2709,4,4361
2716,4,4362
2718,2,4363
2722,3,4364
2724,4,4365
2728,4,4366
2728,5,4367
2734,3,4368
2744,2,4369
2744,3,4370
2757,5,4371
2766,5,4372
2769,3,4373
2772,3,4374
2772,4,4375
2779,3,4376
2780,3,4377
2782,3,4378
2787,3,4379
2789,3,4380
2789,5,4381
2790,2,4382
2790,3,4383
2791,3,4384
2791,4,4385
2793,5,4386
2794,3,4387
2794,4,4388
2795,3,4389
2795,4,4390
2796,3,4391
2796,7,4392
2801,3,4393
2802,3,4394
2802,4,4395
2804,3,4396
2811,3,4397
2811,4,4398
2812,3,4399
2813,3,4400
2813,4,4401
2815,3,4402
2815,4,4403
2819,3,4404
2820,2,4405
2820,3,4406
2823,2,4407
2826,4,4408
2827,3,4409
2832,2,4410
2833,3,4411
2837,3,4412
2839,3,4413
2839,4,4414
2844,3,4415
2845,4,4416
2845,5,4417
2847,3,4418
2847,4,4419
2849,3,4420
2849,5,4421
2850,3,4422
2850,4,4423
2851,3,4424
2854,3,4425
2855,3,4426
2855,4,4427
2860,4,4428
2860,5,4429
2861,4,4430
2863,3,4431
2864,3,4432
2866,3,4433
2866,5,4434
2869,4,4435
2870,3,4436
2875,3,4437
2875,4,4438
2877,2,4439
2886,3,4440
2888,3,4441
2888,4,4442
2889,4,4443
2893,4,4444
2898,2,4445
2900,3,4446
2901,3,4447
2904,4,4448
2905,3,4449
2907,2,4450
2908,3,4451
2908,5,4452
2909,2,4453
2914,4,4454
2916,3,4455
2917,3,4456
2918,2,4457
2923,2,4458
2925,2,4459
2925,3,4460
2926,3,4461
2931,2,4462
2931,3,4463
2939,3,4464
2942,2,4465
2942,3,4466
2950,2,4467
2952,3,4468
2955,3,4469
2956,3,4470
2961,3,4471
2961,4,4472
2964,3,4473
2965,3,4474
2965,4,4475
2968,5,4476
2969,2,4477
2969,3,4478
2970,3,4479
2972,5,4480
2972,6,4481
2979,3,4482
2981,2,4483
2981,3,4484
2982,2,4485
2982,3,4486
2992,3,4487
2992,4,4488
2993,2,4489
3011,2,4490
3012,3,4491
3017,5,4492
3018,3,4493
3021,3,4494
3021,4,4495
3024,3,4496
3024,4,4497
3029,3,4498
3030,4,4499
3030,5,4500
3032,2,4501
3034,2,4502
3036,4,4503
3038,6,4504
3040,3,4505
3042,3,4506
3049,2,4507
3051,2,4508
3052,3,4509
3052,5,4510
3056,4,4511
3059,5,4512
3059,6,4513
3060,2,4514
3060,3,4515
3061,3,4516
3061,4,4517
3067,2,4518
3078,3,4519
3086,3,4520
3086,4,4521
3089,4,4522
3089,5,4523
3091,3,4524
3092,3,4525
3092,4,4526
3097,4,4527
3105,3,4528
3108,4,4529
3111,4,4530
3111,5,4531
3112,3,4532
3112,4,4533
3121,4,4534
3122,3,4535
3123,3,4536
3123,4,4537
3124,3,4538
3124,5,4539
3126,2,4540
3132,3,4541
3134,2,4542
3138,3,4543
3139,5,4544
3139,6,4545
3145,3,4546
3146,2,4547
3146,3,4548
3157,2,4549
3159,2,4550
3159,3,4551
3160,4,4552
3166,3,4553
3170,4,4554
3174,2,4555
3177,2,4556
3180,3,4557
3181,3,4558
3181,4,4559
3187,2,4560
3188,3,4561
3188,4,4562
3190,2,4563
3194,2,4564
3194,3,4565
3208,3,4566
3209,2,4567
3212,4,4568
3213,4,4569
3213,5,4570
3214,3,4571
3214,4,4572
3228,4,4573
3228,5,4574
3229,3,4575
3230,3,4576
3230,4,4577
3234,3,4578
3234,4,4579
3236,5,4580
3237,4,4581
3237,5,4582
3239,3,4583
3239,4,4584
3240,3,4585
3240,4,4586
3244,4,4587
3244,5,4588
3246,4,4589
3263,3,4590
3263,4,4591
3268,4,4592
3270,4,4593
3270,5,4594
3274,3,4595
3284,4,4596
3284,5,4597
3286,4,4598
3286,5,4599
3287,3,4600
3287,4,4601
3295,3,4602
3295,4,4603
3297,2,4604
3299,3,4605
3299,4,4606
3302,4,4607
3303,5,4608
3305,4,4609
3306,3,4610
3306,4,4611
3309,5,4612
3310,3,4613
3313,4,4614
3316,2,4615
3318,4,4616
3322,4,4617
3323,3,4618
3323,4,4619
3324,3,4620
3328,4,4621
3338,2,4622
3344,3,4623
3346,4,4624
3350,4,4625
3352,4,4626
3353,3,4627
3357,5,4628
3358,4,4629
3363,3,4630
3363,4,4631
3364,4,4632
3368,4,4633
3375,3,4634
3376,4,4635
3378,3,4636
3379,3,4637
3393,3,4638
3393,4,4639
3398,3,4640
3398,4,4641
3399,3,4642
3399,4,4643
3408,52,4644
3417,3,4645
3426,3,4646
3429,3,4647
3430,2,4648
3430,3,4649
3436,4,4650
3436,5,4651
3437,3,4652
3437,4,4653
3438,3,4654
3442,4,4655
3447,2,4656
3447,3,4657
3451,3,4658
3451,4,4659
3464,3,4660
3464,4,4661
3466,3,4662
3466,4,4663
3477,3,4664
3477,5,4665
3481,4,4666
3485,3,4667
3485,4,4668
3492,4,4669
3493,2,4670
3498,2,4671
3502,3,4672
3503,5,4673
3504,3,4674
3504,4,4675
3506,3,4676
3506,6,4677
3510,3,4678
3518,2,4679
3525,3,4680
3530,3,4681
3530,4,4682
3533,4,4683
3533,5,4684
3540,3,4685
3540,4,4686
3541,4,4687
3542,2,4688
3543,3,4689
3545,3,4690
3555,3,4691
3565,3,4692
3565,4,4693
3567,4,4694
3567,5,4695
3568,2,4696
3570,2,4697
3570,3,4698
3572,3,4699
3575,4,4700
3575,5,4701
3577,3,4702
3581,3,4703
3585,5,4704
3586,3,4705
3589,4,4706
3589,5,4707
3597,3,4708
3600,4,4709
3601,4,4710
3605,4,4711
3605,5,4712
3607,3,4713
3608,2,4714
3608,3,4715
3611,5,4716
3616,4,4717
3620,3,4718
3621,3,4719
3628,4,4720
3629,4,4721
3633,3,4722
3633,4,4723
3638,4,4724
3638,5,4725
3641,4,4726
3645,3,4727
3647,6,4728
3649,3,4729
3652,3,4730
3652,4,4731
3653,3,4732
3654,2,4733
3654,3,4734
3656,2,4735
3657,2,4736
3659,5,4737
3659,6,4738
3660,3,4739
3663,4,4740
3665,4,4741
3665,5,4742
3668,5,4743
3671,4,4744
3679,2,4745
3679,3,4746
3680,3,4747
3682,3,4748
3693,4,4749
3697,4,4750
3710,3,4751
3713,3,4752
3717,3,4753
3719,5,4754
3722,3,4755
3728,4,4756
3730,3,4757
3730,4,4758
3737,5,4759
3738,3,4760
3738,8,4761
3739,5,4762
3740,3,4763
3741,4,4764
3742,3,4765
3743,2,4766
3750,3,4767
3750,4,4768
3754,4,4769
3758,3,4770
3760,5,4771
3765,3,4772
3769,4,4773
3772,3,4774
3775,2,4775
3776,3,4776
3776,5,4777
3777,3,4778
3784,3,4779
3800,3,4780
3809,3,4781
3811,4,4782
3812,3,4783
3821,5,4784
3821,6,4785
3825,3,4786
3825,4,4787
3828,4,4788
3828,5,4789
3832,2,4790
3834,6,4791
3834,7,4792
3837,3,4793
3840,3,4794
3840,4,4795
3841,4,4796
3841,5,4797
3843,2,4798
3846,3,4799
3846,4,4800
3848,5,4801
3849,3,4802
3855,2,4803
3856,3,4804
3857,2,4805
3857,3,4806
3861,3,4807
3865,4,4808
3865,5,4809
3868,2,4810
3877,4,4811
3879,3,4812
3882,3,4813
3891,4,4814
3891,5,4815
3892,4,4816
3893,2,4817
3893,3,4818
3894,4,4819
3894,5,4820
3896,2,4821
3897,3,4822
3898,2,4823
3899,4,4824
3903,3,4825
3908,3,4826
3909,5,4827
3916,2,4828
3916,3,4829
3921,3,4830
3921,4,4831
3922,4,4832
3923,3,4833
3927,3,4834
3927,4,4835
3934,3,4836
3934,4,4837
3936,4,4838
3936,5,4839
3939,3,4840
3941,5,4841
3942,4,4842
3944,4,4843
3951,3,4844
3952,3,4845
3954,4,4846
3954,5,4847
3955,2,4848
3958,2,4849
3969,2,4850
3980,3,4851
3980,4,4852
3982,4,4853
3986,6,4854
3989,3,4855
3989,4,4856
3991,3,4857
3991,4,4858
3992,3,4859
3993,3,4860
3993,4,4861
4004,3,4862
4005,4,4863
4005,5,4864
4007,3,4865
4007,4,4866
4008,4,4867
4008,6,4868
4014,3,4869
4028,3,4870
4031,3,4871
4040,3,4872
4040,4,4873
4041,3,4874
4046,3,4875
4050,4,4876
4051,4,4877
4051,5,4878
4053,3,4879
4060,3,4880
4060,4,4881
4061,4,4882
4066,3,4883
4071,2,4884
4073,4,4885
4075,3,4886
4092,3,4887
4093,2,4888
4093,3,4889
4096,3,4890
4096,4,4891
4097,4,4892
4097,5,4893
4106,3,4894
4121,2,4895
4130,3,4896
4132,3,4897
4132,4,4898
4139,3,4899
4139,4,4900
4140,4,4901
4140,5,4902
4145,3,4903
4145,5,4904
4150,3,4905
4151,3,4906
4155,7,4907
4160,4,4908
4161,4,4909
4162,3,4910
4163,3,4911
4166,4,4912
4169,3,4913
4170,3,4914
4179,2,4915
4182,4,4916
4182,5,4917
4184,3,4918
4184,4,4919
4186,4,4920
4186,5,4921
4187,2,4922
4191,4,4923
4192,3,4924
4192,4,4925
4194,3,4926
4194,4,4927
4203,3,4928
4210,3,4929
4212,2,4930
4212,3,4931
4214,3,4932
4216,3,4933
4216,4,4934
4227,3,4935
4230,3,4936
4231,2,4937
4237,3,4938
4237,4,4939
4242,3,4940
4247,4,4941
4251,2,4942
4251,3,4943
4257,3,4944
4258,2,4945
4259,2,4946
4259,3,4947
4262,3,4948
4265,4,4949
4268,3,4950
4271,3,4951
4274,2,4952
4278,2,4953
4278,3,4954
4279,5,4955
4280,3,4956
4283,2,4957
4285,3,4958
4289,5,4959
4289,6,4960
4291,2,4961
4292,2,4962
4305,3,4963
4305,4,4964
4307,3,4965
4310,3,4966
4310,4,4967
4318,2,4968
4319,4,4969
4321,5,4970
4321,6,4971
4327,4,4972
4327,5,4973
4330,3,4974
4330,4,4975
4332,3,4976
4334,3,4977
4335,3,4978
4335,4,4979
4338,4,4980
4343,2,4981
4343,3,4982
4345,3,4983
4348,4,4984
4355,4,4985
4361,3,4986
4363,2,4987
4378,3,4988
4378,4,4989
4385,6,4990
4385,7,4991
4395,3,4992
4401,3,4993
4401,4,4994
4407,3,4995
4409,5,4996
4410,4,4997
4410,7,4998
4416,2,4999
4417,2,5000
4417,3,5001
4428,4,5002
4428,5,5003
4433,3,5004
4439,4,5005
4440,4,5006
4441,2,5007
4446,3,5008
4446,5,5009
4450,3,5010
4452,3,5011
4452,4,5012
4453,3,5013
4454,3,5014
4456,3,5015
4456,4,5016
4457,3,5017
4461,2,5018
4463,2,5019
4464,2,5020
4472,2,5021
4475,2,5022
4480,3,5023
4480,5,5024
4482,3,5025
4482,4,5026
4484,3,5027
4490,3,5028
4490,4,5029
4493,2,5030
4494,3,5031
4495,4,5032
4495,5,5033
4496,3,5034
4498,2,5035
4498,3,5036
4502,3,5037
4503,5,5038
4503,6,5039
4505,3,5040
4505,4,5041
4511,4,5042
4511,5,5043
4513,3,5044
4518,2,5045
4523,2,5046
4523,5,5047
4536,5,5048
4536,6,5049
4540,3,5050
4545,4,5051
4546,3,5052
4557,5,5053
4562,2,5054
4563,2,5055
4563,3,5056
4567,3,5057
4568,3,5058
4568,4,5059
4573,3,5060
4577,3,5061
4577,4,5062
4580,4,5063
4581,3,5064
4583,4,5065
4584,7,5066
4584,8,5067
4585,3,5068
4592,2,5069
4592,5,5070
4596,3,5071
4596,4,5072
4600,3,5073
4604,2,5074
4607,3,5075
4608,3,5076
4608,4,5077
4613,3,5078
4613,4,5079
4614,3,5080
4616,5,5081
4616,6,5082
4622,3,5083
4623,3,5084
4623,4,5085
4626,3,5086
4626,4,5087
4627,3,5088
4627,4,5089
4628,3,5090
4628,4,5091
4629,2,5092
4632,3,5093
4632,4,5094
4643,3,5095
4644,5,5096
4644,6,5097
4646,3,5098
4649,3,5099
4649,4,5100
4651,3,5101
4655,4,5102
4655,5,5103
4656,3,5104
4659,3,5105
4661,2,5106
4663,2,5107
4673,2,5108
4677,3,5109
4681,2,5110
4684,2,5111
4690,3,5112
4690,4,5113
4692,3,5114
4695,4,5115
4699,3,5116
4701,3,5117
4701,4,5118
4706,5,5119
4711,3,5120
4712,3,5121
4714,2,5122
4715,2,5123
4715,3,5124
4716,3,5125
4718,2,5126
4721,3,5127
4723,5,5128
4724,3,5129
4733,5,5130
4733,7,5131
4738,2,5132
4738,4,5133
4750,5,5134
4753,3,5135
4753,4,5136
4755,3,5137
4755,4,5138
4756,3,5139
4756,4,5140
4758,2,5141
4758,3,5142
4767,2,5143
4771,4,5144
4775,5,5145
4775,6,5146
4779,4,5147
4780,3,5148
4780,4,5149
4782,3,5150
4782,4,5151
4785,3,5152
4785,5,5153
4788,3,5154
4793,3,5155
4799,3,5156
4800,4,5157
4800,5,5158
4802,3,5159
4802,4,5160
4806,3,5161
4808,3,5162
4808,4,5163
4809,3,5164
4809,4,5165
4810,3,5166
4810,4,5167
4812,4,5168
4812,6,5169
4814,2,5170
4814,3,5171
4817,4,5172
4819,3,5173
4821,3,5174
4822,4,5175
4822,5,5176
4830,3,5177
4830,4,5178
4832,4,5179
4837,5,5180
4837,6,5181
4838,4,5182
4841,3,5183
4841,4,5184
4842,3,5185
4843,3,5186
4843,4,5187
4848,3,5188
4848,4,5189
4850,3,5190
4850,4,5191
4859,2,5192
4859,3,5193
4860,2,5194
4861,3,5195
4863,3,5196
4868,3,5197
4868,4,5198
4870,3,5199
4873,2,5200
4873,3,5201
4874,3,5202
4875,2,5203
4875,3,5204
4879,3,5205
4882,3,5206
4882,4,5207
4888,3,5208
4893,3,5209
4893,4,5210
4895,3,5211
4896,2,5212
4896,3,5213
4897,3,5214
4905,3,5215
4905,4,5216
4908,3,5217
4908,4,5218
4913,3,5219
4915,3,5220
4915,4,5221
4918,4,5222
4918,5,5223
4923,3,5224
4923,4,5225
4924,3,5226
4930,2,5227
4930,3,5228
4934,3,5229
4934,4,5230
4935,2,5231
4939,2,5232
4940,3,5233
4941,3,5234
4945,3,5235
4946,3,5236
4946,4,5237
4952,4,5238
4956,5,5239
4957,2,5240
4957,3,5241
4961,3,5242
4963,4,5243
4965,3,5244
4967,2,5245
4969,4,5246
4969,5,5247
4970,3,5248
4970,4,5249
4972,3,5250
4972,4,5251
4973,3,5252
4973,5,5253
4974,3,5254
4974,4,5255
4977,4,5256
4977,5,5257
5001,2,5258
5001,3,5259
5008,3,5260
5008,4,5261
5012,3,5262
5012,4,5263
5015,3,5264
5015,4,5265
5024,4,5266
5026,4,5267
5026,5,5268
5031,3,5269
5031,4,5270
5034,2,5271
5040,3,5272
5047,2,5273
5047,3,5274
5048,4,5275
5048,5,5276
5056,2,5277
5060,3,5278
5060,4,5279
5062,3,5280
5062,4,5281
5077,4,5282
5080,3,5283
5080,4,5284
5084,2,5285
5084,3,5286
5085,2,5287
5090,3,5288
5092,5,5289
5092,6,5290
5096,2,5291
5097,4,5292
5099,3,5293
5100,3,5294
5100,4,5295
5102,4,5296
5107,3,5297
5117,2,5298
5118,3,5299
5119,3,5300
5120,3,5301
5120,5,5302
5122,3,5303
5122,4,5304
5126,3,5305
5128,3,5306
5128,4,5307
5129,3,5308
5129,4,5309
5131,2,5310
5140,6,5311
5140,7,5312
5143,4,5313
5146,4,5314
5147,4,5315
5154,2,5316
5154,3,5317
5155,4,5318
5157,2,5319
5160,4,5320
5169,3,5321
5170,3,5322
5176,4,5323
5176,5,5324
5177,3,5325
5183,3,5326
5183,5,5327
5186,2,5328
5188,2,5329
5188,3,5330
5190,2,5331
5191,3,5332
5193,5,5333
5194,10,5334
5194,11,5335
5196,2,5336
5196,3,5337
5199,4,5338
5204,2,5339
5207,5,5340
5209,3,5341
5210,2,5342
5211,2,5343
5211,3,5344
5212,4,5345
5221,2,5346
5221,3,5347
5227,4,5348
5232,2,5349
5232,3,5350
5233,4,5351
5233,5,5352
5238,2,5353
5239,4,5354
5241,2,5355
5241,3,5356
5244,4,5357
5249,4,5358
5249,5,5359
5256,2,5360
5263,3,5361
5263,4,5362
5273,2,5363
5277,3,5364
5277,5,5365
5283,2,5366
5283,3,5367
5290,2,5368
5290,3,5369
5294,3,5370
5294,4,5371
5304,2,5372
5306,2,5373
5311,4,5374
5317,2,5375
5320,2,5376
5320,3,5377
5323,4,5378
5323,5,5379
5328,4,5380
5329,2,5381
5329,3,5382
5332,2,5383
5349,3,5384
5349,4,5385
5351,3,5386
5351,4,5387
5352,4,5388
5355,4,5389
5356,4,5390
5356,5,5391
5360,8,5392
5360,9,5393
5362,3,5394
5362,4,5395
5369,5,5396
5369,7,5397
5373,3,5398
5376,2,5399
5380,3,5400
5380,4,5401
5384,3,5402
5386,6,5403
5386,7,5404
5387,3,5405
5388,2,5406
5390,2,5407
5394,3,5408
5394,4,5409
5395,3,5410
5395,5,5411
5398,3,5412
5406,3,5413
5409,3,5414
5411,3,5415
5411,4,5416
5417,3,5417
5417,5,5418
5423,3,5419
5423,4,5420
5428,3,5421
5428,4,5422
5432,4,5423
5436,3,5424
5438,3,5425
5440,5,5426
5441,5,5427
5447,2,5428
5458,4,5429
5459,3,5430
5466,3,5431
5467,3,5432
5467,4,5433
5468,3,5434
5472,2,5435
5472,3,5436
5474,3,5437
5478,3,5438
5483,4,5439
5484,3,5440
5490,4,5441
5491,4,5442
5492,2,5443
5498,3,5444
5498,4,5445
5506,3,5446
5506,4,5447
5515,4,5448
5518,2,5449
5522,2,5450
5526,3,5451
5529,3,5452
5532,4,5453
5533,3,5454
5535,2,5455
5535,3,5456
5541,3,5457
5543,4,5458
5545,3,5459
5550,3,5460
5550,5,5461
5554,2,5462
5559,3,5463
5562,2,5464
5563,2,5465
5564,3,5466
5572,3,5467
5574,3,5468
5575,3,5469
5581,3,5470
5581,4,5471
5585,3,5472
5588,3,5473
5588,4,5474
5596,3,5475
5596,4,5476
5600,3,5477
5600,4,5478
5602,2,5479
5606,5,5480
5606,6,5481
5611,2,5482
5611,3,5483
5614,2,5484
5617,3,5485
5619,4,5486
5623,3,5487
5623,4,5488
5630,3,5489
5636,4,5490
5639,4,5491
5639,5,5492
5641,3,5493
5642,3,5494
5642,4,5495
5647,3,5496
5647,4,5497
5653,2,5498
5653,3,5499
5655,4,5500
5661,2,5501
5663,4,5502
5671,2,5503
5672,3,5504
5672,4,5505
5675,2,5506
5679,2,5507
5681,2,5508
5699,3,5509
5699,4,5510
5704,5,5511
5705,2,5512
5705,3,5513
5708,3,5514
5709,2,5515
5711,4,5516
5712,3,5517
5712,4,5518
5713,3,5519
5713,4,5520
5715,3,5521
5715,4,5522
5722,3,5523
5724,3,5524
5724,4,5525
5726,2,5526
5729,3,5527
5729,4,5528
5732,4,5529
5733,2,5530
5737,4,5531
5737,6,5532
5744,3,5533
5744,4,5534
5749,6,5535
5752,2,5536
5752,4,5537
5756,3,5538
5762,3,5539
5763,3,5540
5766,4,5541
5768,2,5542
5774,4,5543
5774,5,5544
5776,3,5545
5779,5,5546
5779,6,5547
5783,3,5548
5796,4,5549
5822,4,5550
5822,5,5551
5823,2,5552
5823,3,5553
5826,2,5554
5826,3,5555
5830,2,5556
5832,4,5557
5833,3,5558
5838,3,5559
5839,5,5560
5839,6,5561
5840,2,5562
5845,3,5563
5847,3,5564
5847,4,5565
5848,2,5566
5850,3,5567
5854,5,5568
5857,2,5569
5859,3,5570
5860,3,5571
5862,2,5572
5871,6,5573
5873,3,5574
5873,4,5575
5875,4,5576
5878,3,5577
5882,2,5578
5884,2,5579
5885,3,5580
5885,4,5581
5888,2,5582
5890,2,5583
5891,3,5584
5891,4,5585
5903,3,5586
5904,3,5587
5904,4,5588
5914,2,5589
5914,3,5590
5917,3,5591
5919,3,5592
5919,4,5593
5920,3,5594
5920,4,5595
5921,3,5596
5921,4,5597
5926,2,5598
5926,3,5599
5931,3,5600
5932,3,5601
5934,3,5602
5938,2,5603
5940,4,5604
5942,5,5605
5947,3,5606
5956,2,5607
5957,2,5608
5958,2,5609
5975,2,5610
5980,3,5611
5986,4,5612
5986,5,5613
5988,4,5614
5992,2,5615
5996,6,5616
6008,2,5617
6008,3,5618
6016,2,5619
6017,3,5620
6017,4,5621
6022,4,5622
6025,2,5623
6025,3,5624
6032,2,5625
6039,3,5626
6043,2,5627
6043,3,5628
6044,3,5629
6046,2,5630
6047,2,5631
6048,3,5632
6049,3,5633
6049,4,5634
6051,2,5635
6052,3,5636
6067,3,5637
6068,4,5638
6069,3,5639
6069,4,5640
6076,4,5641
6079,4,5642
6088,3,5643
6089,5,5644
6091,4,5645
6096,2,5646
6096,3,5647
6097,3,5648
6101,4,5649
6101,5,5650
6109,2,5651
6111,3,5652
6111,4,5653
6112,3,5654
6112,4,5655
6120,4,5656
6120,5,5657
6122,2,5658
6126,4,5659
6130,4,5660
6157,3,5661
6161,4,5662
6165,2,5663
6165,3,5664
6166,5,5665
6166,6,5666
6173,3,5667
6174,2,5668
6174,3,5669
6176,3,5670
6181,3,5671
6183,2,5672
6186,3,5673
6187,3,5674
6187,4,5675
6188,4,5676
6189,2,5677
6189,5,5678
6190,3,5679
6190,6,5680
6191,3,5681
6193,3,5682
6193,4,5683
6194,2,5684
6195,3,5685
6196,3,5686
6196,4,5687
6200,3,5688
6201,2,5689
6201,3,5690
6203,3,5691
6208,3,5692
6208,5,5693
6209,4,5694
6209,5,5695
6211,4,5696
6211,5,5697
6217,4,5698
6217,5,5699
6218,4,5700
6224,3,5701
6224,4,5702
6228,6,5703
6228,8,5704
6229,3,5705
6229,4,5706
6230,3,5707
6230,4,5708
6232,3,5709
6237,2,5710
6237,3,5711
6240,4,5712
6240,5,5713
6245,3,5714
6245,6,5715
6246,3,5716
6246,4,5717
6247,3,5718
6247,4,5719
6251,4,5720
6254,3,5721
6259,2,5722
6260,2,5723
6263,3,5724
6268,2,5725
6273,4,5726
6273,5,5727
6278,3,5728
6280,6,5729
6282,5,5730
6287,2,5731
6287,3,5732
6291,3,5733
6295,4,5734
6307,3,5735
6311,3,5736
6311,5,5737
6312,4,5738
6317,2,5739
6317,3,5740
6318,4,5741
6318,6,5742
6319,2,5743
6323,3,5744
6323,4,5745
6327,4,5746
6334,3,5747
6339,3,5748
6339,4,5749
6342,3,5750
6346,3,5751
6346,4,5752
6349,3,5753
6359,3,5754
6360,4,5755
6361,3,5756
6365,2,5757
6365,3,5758
6372,5,5759
6372,6,5760
6375,3,5761
6376,2,5762
6377,4,5763
6380,4,5764
6380,5,5765
6384,4,5766
6384,5,5767
6389,4,5768
6389,5,5769
6392,3,5770
6395,2,5771
6395,3,5772
6396,3,5773
6396,4,5774
6400,5,5775
6406,3,5776
6406,4,5777
6420,4,5778
6422,2,5779
6425,3,5780
6433,5,5781
6435,3,5782
6440,2,5783
6443,3,5784
6443,6,5785
6444,4,5786
6444,5,5787
6446,4,5788
6455,3,5789
6455,5,5790
6459,2,5791
6460,3,5792
6461,3,5793
6463,4,5794
6463,5,5795
6465,3,5796
6471,2,5797
6473,3,5798
6473,4,5799
6476,4,5800
6477,3,5801
6481,3,5802
6483,3,5803
6486,3,5804
6489,2,5805
6493,2,5806
6493,3,5807
6496,3,5808
6499,3,5809
6502,3,5810
6504,3,5811
6512,5,5812
6512,6,5813
6517,3,5814
6519,4,5815
6519,5,5816
6523,2,5817
6526,2,5818
6527,2,5819
6529,3,5820
6530,4,5821
6530,5,5822
6532,4,5823
6532,5,5824
6540,4,5825
6542,2,5826
6543,5,5827
6544,2,5828
6545,4,5829
6553,4,5830
6553,5,5831
6554,2,5832
6554,3,5833
6555,4,5834
6555,5,5835
6557,3,5836
6557,4,5837
6560,3,5838
6561,3,5839
6565,2,5840
6567,3,5841
6572,3,5842
6577,3,5843
6579,2,5844
6579,3,5845
6589,4,5846
6590,3,5847
6594,3,5848
6598,2,5849
6598,3,5850
6600,2,5851
6602,5,5852
6602,6,5853
6604,3,5854
6605,4,5855
6609,2,5856
6609,3,5857
6613,3,5858
6613,4,5859
6619,3,5860
6619,5,5861
6622,3,5862
6622,4,5863
6624,3,5864
6624,4,5865
6629,2,5866
6629,3,5867
6630,3,5868
6634,6,5869
6636,3,5870
6636,4,5871
6641,3,5872
6641,4,5873
6644,3,5874
6646,3,5875
6646,4,5876
6658,4,5877
6658,5,5878
6666,2,5879
6666,3,5880
6672,2,5881
6676,3,5882
6689,4,5883
6692,3,5884
6692,4,5885
6695,3,5886
6699,2,5887
6699,4,5888
6705,3,5889
6709,3,5890
6709,4,5891
6712,2,5892
6712,3,5893
6719,2,5894
6720,2,5895
6720,3,5896
6721,4,5897
6721,5,5898
6728,4,5899
6735,4,5900
6736,2,5901
6742,3,5902
6742,4,5903
6744,3,5904
6747,3,5905
6757,3,5906
6757,5,5907
6765,3,5908
6766,3,5909
6766,4,5910
6769,3,5911
6774,4,5912
6774,5,5913
6777,4,5914
6778,2,5915
6778,3,5916
6781,3,5917
6781,4,5918
6789,2,5919
6789,3,5920
6792,3,5921
6797,3,5922
6797,4,5923
6798,3,5924
6802,2,5925
6802,3,5926
6803,3,5927
6803,4,5928
6806,2,5929
6810,2,5930
6812,2,5931
6815,3,5932
6815,5,5933
6820,2,5934
6820,3,5935
6821,2,5936
6821,3,5937
6827,3,5938
6829,4,5939
6829,6,5940
6830,2,5941
6835,3,5942
6836,3,5943
6842,3,5944
6843,2,5945
6853,2,5946
6859,2,5947
6860,2,5948
6860,3,5949
6861,4,5950
6861,5,5951
6865,2,5952
6866,4,5953
6869,3,5954
6869,4,5955
6872,3,5956
6879,2,5957
6879,3,5958
6880,2,5959
6880,3,5960
6882,3,5961
6882,5,5962
6886,3,5963
6889,2,5964
6889,3,5965
6896,3,5966
6907,3,5967
6907,4,5968
6913,3,5969
6918,2,5970
6919,2,5971
6923,3,5972
6923,4,5973
6931,2,5974
6934,5,5975
6934,6,5976
6938,2,5977
6938,3,5978
6941,2,5979
6941,3,5980
6958,2,5981
6958,3,5982
6960,3,5983
6960,5,5984
6963,3,5985
6966,3,5986
6967,3,5987
6971,2,5988
6974,3,5989
6985,3,5990
6987,2,5991
6987,3,5992
6988,2,5993
6988,3,5994
6991,2,5995
6996,3,5996
7000,5,5997
7000,6,5998
7005,2,5999
7011,3,6000
7014,4,6001
7014,5,6002
7023,3,6003
7026,4,6004
7036,3,6005
7038,3,6006
7044,5,6007
7044,7,6008
7047,3,6009
7055,2,6010
7055,3,6011
7059,2,6012
7059,4,6013
7061,3,6014
7061,4,6015
7063,2,6016
7065,2,6017
7070,3,6018
7086,3,6019
7087,3,6020
7087,4,6021
7090,2,6022
7090,3,6023
7093,2,6024
7098,3,6025
7098,4,6026
7113,4,6027
7113,5,6028
7114,6,6029
7117,4,6030
7117,5,6031
7125,2,6032
7133,3,6033
7136,4,6034
7136,5,6035
7141,5,6036
7142,3,6037
7144,2,6038
7149,4,6039
7154,3,6040
7155,2,6041
7155,3,6042
7158,4,6043
7162,2,6044
7163,5,6045
7164,3,6046
7164,7,6047
7166,2,6048
7174,3,6049
7174,4,6050
7184,3,6051
7184,4,6052
7185,2,6053
7192,3,6054
7193,3,6055
7203,4,6056
7211,3,6057
7211,4,6058
7214,3,6059
7218,2,6060
7218,3,6061
7220,4,6062
7221,2,6063
7222,3,6064
7222,4,6065
7226,3,6066
7226,4,6067
7232,3,6068
7232,4,6069
7235,3,6070
7235,4,6071
7239,3,6072
7250,2,6073
7250,3,6074
7260,4,6075
7260,5,6076
7261,3,6077
7261,4,6078
7270,2,6079
7270,3,6080
7276,3,6081
7279,3,6082
7283,2,6083
7286,3,6084
7286,4,6085
7295,2,6086
7300,3,6087
7301,2,6088
7301,3,6089
7304,3,6090
7306,2,6091
7307,2,6092
7307,3,6093
7309,3,6094
7312,2,6095
7324,4,6096
7331,2,6097
7335,3,6098
7335,4,6099
7337,3,6100
7338,3,6101
7338,4,6102
7360,3,6103
7360,4,6104
7364,2,6105
7370,2,6106
7377,3,6107
7377,4,6108
7378,4,6109
7378,5,6110
7384,3,6111
7384,4,6112
7396,3,6113
7397,2,6114
7404,1,6115
7411,2,6116
7415,2,6117
7423,4,6118
7423,5,6119
7424,3,6120
7424,4,6121
7429,3,6122
7429,4,6123
7438,2,6124
7443,2,6125
148,3,6126
196,3,6127
196,4,6128
7756,3,6129
904,3,6130
1411,2,6131
1411,4,6132
2208,2,6133
6733,2,6134
2668,3,6135
2668,4,6136
293,3,6137
940,3,6138
940,4,6139
7955,4,6140
2831,2,6141
5288,2,6142
1214,3,6143
2199,3,6144
751,3,6145
1528,3,6146
2180,3,6147
181,4,6148
514,3,6149
1546,3,6150
6574,3,6151
7981,3,6152
7981,4,6153
7031,5,6154
546,3,6155
7518,3,6156
3468,3,6157
1347,3,6158
1347,4,6159
4197,3,6160
5293,3,6161
5293,4,6162
2888,2,6163
1562,2,6164
915,3,6165
915,4,6166
3408,3,6167
2214,4,6168
2967,4,6169
161,2,6170
161,3,6171
6856,3,6172
2064,2,6173
1472,3,6174
1472,4,6175
1276,3,6176
5265,3,6177
5265,4,6178
1868,3,6179
1868,4,6180
4460,3,6181
4066,5,6182
1168,3,6183
3839,3,6184
2431,3,6185
6857,3,6186
123,3,6187
2532,4,6188
2651,3,6189
8143,3,6190
7355,2,6191
7355,3,6192
44,2,6193
614,3,6194
614,4,6195
1055,3,6196
1055,4,6197
1114,3,6198
3023,3,6199
3023,4,6200
4158,2,6201
1585,2,6202
2061,4,6203
485,3,6204
6950,4,6205
2581,3,6206
8151,3,6207
8151,5,6208
515,2,6209
515,3,6210
132,2,6211
1593,2,6212
3971,3,6213
1938,4,6214
1938,5,6215
2826,2,6216
1883,4,6217
1709,2,6218
4036,3,6219
3454,3,6220
3595,3,6221
5148,3,6222
7479,3,6223
6918,3,6224
6918,4,6225
2998,3,6226
6891,3,6227
6519,2,6228
788,3,6229
486,3,6230
486,4,6231
5635,4,6232
4274,4,6233
5133,3,6234
4414,4,6235
6165,4,6236
204,2,6237
2370,3,6238
2370,4,6239
7453,3,6240
3461,3,6241
7071,3,6242
7071,4,6243
3463,4,6244
2504,3,6245
2504,4,6246
3476,3,6247
7512,5,6248
7070,4,6249
4670,3,6250
1776,3,6251
5913,3,6252
5177,5,6253
6411,4,6254
5990,4,6255
7472,2,6256
5269,3,6257
8014,4,6258
7987,2,6259
3472,3,6260
2407,3,6261
2407,4,6262
1400,3,6263
5082,2,6264
1279,4,6265
4816,3,6266
1871,3,6267
1871,4,6268
1484,3,6269
7710,4,6270
3698,3,6271
3425,3,6272
5916,3,6273
3923,4,6274
450,3,6275
7870,2,6276
7645,2,6277
845,5,6278
3500,3,6279
4000,3,6280
4000,4,6281
1216,4,6282
8227,3,6283
8227,4,6284
1671,2,6285
5361,4,6286
1425,2,6287
2982,4,6288
1971,3,6289
907,3,6290
4137,3,6291
5424,3,6292
6378,3,6293
4256,3,6294
3354,2,6295
1735,5,6296
1735,6,6297
2223,2,6298
2223,3,6299
6665,3,6300
1956,4,6301
287,3,6302
793,3,6303
793,4,6304
6616,4,6305
7758,3,6306
7758,4,6307
1419,5,6308
4834,2,6309
3587,3,6310
5229,2,6311
1467,3,6312
933,5,6313
2590,3,6314
4295,2,6315
3017,3,6316
3017,4,6317
4945,4,6318
1381,2,6319
6516,2,6320
6516,3,6321
1060,3,6322
6537,4,6323
3692,3,6324
2353,3,6325
2053,3,6326
2053,4,6327
7314,3,6328
195,3,6329
3260,4,6330
1441,3,6331
3494,3,6332
3494,4,6333
1451,2,6334
5201,4,6335
1635,3,6336
1635,4,6337
5806,3,6338
5070,3,6339
5070,4,6340
5166,3,6341
5166,4,6342
2774,3,6343
4353,3,6344
4353,4,6345
6225,3,6346
464,3,6347
258,3,6348
258,4,6349
5053,4,6350
5389,3,6351
113,2,6352
380,3,6353
380,4,6354
1488,3,6355
2139,3,6356
2417,2,6357
6424,3,6358
3303,4,6359
3317,4,6360
3317,5,6361
5360,3,6362
244,3,6363
5707,3,6364
4152,3,6365
2670,2,6366
2670,3,6367
397,3,6368
1103,3,6369
6939,3,6370
6939,4,6371
4943,3,6372
3244,3,6373
6643,3,6374
683,3,6375
1036,3,6376
4553,3,6377
6442,2,6378
6442,3,6379
3731,4,6380
1072,2,6381
873,2,6382
873,3,6383
4041,2,6384
1271,3,6385
4979,2,6386
3448,4,6387
3156,3,6388
7126,3,6389
4543,3,6390
4543,4,6391
4172,4,6392
4172,5,6393
3172,3,6394
3172,4,6395
1475,3,6396
1475,4,6397
1819,3,6398
5650,3,6399
108,4,6400
5418,3,6401
2357,4,6402
131,2,6403
131,3,6404
1898,2,6405
1898,3,6406
393,2,6407
4832,2,6408
6212,4,6409
5006,3,6410
4422,3,6411
4838,3,6412
3183,4,6413
5787,3,6414
7461,3,6415
1884,4,6416
1351,2,6417
1351,3,6418
774,4,6419
2902,3,6420
2763,5,6421
7007,2,6422
2250,3,6423
7643,3,6424
867,4,6425
867,5,6426
2572,2,6427
3336,3,6428
3336,5,6429
6569,3,6430
3138,4,6431
6448,3,6432
6448,4,6433
8244,3,6434
1006,4,6435
2032,3,6436
2032,4,6437
4037,5,6438
4200,2,6439
3981,4,6440
2229,4,6441
4844,4,6442
4375,4,6443
5204,5,6444
6946,2,6445
6752,3,6446
6752,4,6447
2222,2,6448
5978,2,6449
5978,3,6450
3145,4,6451
5861,4,6452
2324,2,6453
8112,3,6454
4996,3,6455
4996,4,6456
1759,3,6457
2844,4,6458
2844,5,6459
5855,4,6460
996,4,6461
6727,3,6462
7318,2,6463
2346,3,6464
2714,2,6465
2714,3,6466
2360,2,6467
2351,2,6468
745,4,6469
8278,3,6470
8278,4,6471
4944,3,6472
4944,4,6473
2864,4,6474
2864,5,6475
7715,4,6476
2347,4,6477
3099,3,6478
893,2,6479
4953,3,6480
4953,4,6481
525,3,6482
525,4,6483
4215,3,6484
4215,5,6485
3465,3,6486
3465,4,6487
5789,7,6488
6304,3,6489
6686,3,6490
7640,2,6491
7640,3,6492
7284,2,6493
3395,3,6494
2569,3,6495
3471,4,6496
3043,2,6497
3043,3,6498
4587,3,6499
3371,2,6500
4319,3,6501
4836,2,6502
4836,3,6503
5260,2,6504
5260,3,6505
4021,5,6506
6311,2,6507
7033,2,6508
6729,3,6509
6729,4,6510
1355,2,6511
7317,3,6512
3276,4,6513
1570,2,6514
1570,3,6515
6421,3,6516
3760,3,6517
3760,4,6518
316,3,6519
3440,4,6520
2932,3,6521
1591,2,6522
1591,3,6523
6926,3,6524
2044,3,6525
2044,5,6526
5793,4,6527
2514,3,6528
3761,2,6529
3761,3,6530
2356,3,6531
5196,4,6532
4070,3,6533
4070,5,6534
6132,3,6535
6132,4,6536
779,3,6537
2996,5,6538
4693,3,6539
4693,4,6540
4344,3,6541
2037,3,6542
4548,4,6543
3678,3,6544
3678,4,6545
5753,3,6546
7247,3,6547
1177,3,6548
4559,2,6549
939,4,6550
4395,4,6551
1273,2,6552
537,3,6553
221,3,6554
1602,2,6555
6221,3,6556
4477,4,6557
4477,5,6558
622,3,6559
622,4,6560
5121,4,6561
5121,5,6562
7719,3,6563
6092,4,6564
808,4,6565
1867,2,6566
7337,2,6567
1951,3,6568
1951,4,6569
3087,3,6570
3135,3,6571
5182,2,6572
6134,4,6573
6134,5,6574
6488,3,6575
6593,3,6576
4430,3,6577
4430,4,6578
7731,3,6579
5820,3,6580
8000,2,6581
1175,2,6582
3173,4,6583
7881,2,6584
7881,3,6585
6877,3,6586
1990,3,6587
1712,3,6588
1712,4,6589
1517,3,6590
3684,3,6591
318,2,6592
2973,3,6593
3493,3,6594
1649,2,6595
4347,4,6596
3643,2,6597
3643,3,6598
4591,3,6599
4591,4,6600
2105,4,6601
2310,3,6602
2310,4,6603
3089,3,6604
1595,2,6605
1595,3,6606
3255,3,6607
4695,2,6608
3197,3,6609
7197,3,6610
2676,4,6611
3506,4,6612
925,3,6613
1646,3,6614
1646,4,6615
6303,3,6616
3689,5,6617
2093,4,6618
2093,5,6619
8165,3,6620
5516,3,6621
5516,4,6622
3389,4,6623
4367,4,6624
4367,5,6625
445,3,6626
1297,4,6627
2116,2,6628
3292,3,6629
7513,3,6630
7560,3,6631
134,4,6632
7729,3,6633
7764,3,6634
1755,2,6635
3019,4,6636
3719,4,6637
7062,3,6638
7576,3,6639
7576,4,6640
7085,3,6641
3107,3,6642
3107,4,6643
6511,3,6644
1173,3,6645
298,3,6646
712,4,6647
712,5,6648
4621,4,6649
2603,3,6650
6600,3,6651
145,4,6652
5788,3,6653
3253,3,6654
3253,4,6655
5445,2,6656
7679,2,6657
6464,4,6658
2054,4,6659
6399,3,6660
3261,4,6661
3261,5,6662
5804,3,6663
8233,3,6664
8233,4,6665
5168,3,6666
7083,3,6667
7083,4,6668
5473,4,6669
3777,4,6670
4241,3,6671
3155,4,6672
2503,3,6673
2750,4,6674
2969,4,6675
2753,4,6676
4637,2,6677
4637,4,6678
5604,2,6679
8180,2,6680
1560,5,6681
2271,3,6682
2957,2,6683
6551,3,6684
5056,4,6685
1402,2,6686
823,4,6687
823,5,6688
6934,3,6689
1702,2,6690
4279,2,6691
3574,4,6692
3574,5,6693
1403,3,6694
3804,3,6695
3804,4,6696
6713,4,6697
6713,5,6698
3254,3,6699
3254,4,6700
5528,3,6701
3606,3,6702
3606,4,6703
2570,2,6704
41,3,6705
4217,2,6706
7212,4,6707
1982,4,6708
4635,3,6709
4635,4,6710
5973,3,6711
5973,4,6712
6791,3,6713
7162,3,6714
7162,4,6715
6291,4,6716
884,3,6717
884,4,6718
3028,4,6719
4098,3,6720
4098,4,6721
5587,3,6722
5587,4,6723
4790,3,6724
6491,3,6725
6491,4,6726
5453,3,6727
5453,4,6728
5679,3,6729
5679,4,6730
6995,3,6731
6078,3,6732
5442,3,6733
7303,3,6734
7303,4,6735
7326,2,6736
7326,3,6737
5506,2,6738
4333,3,6739
4333,4,6740
3827,3,6741
6024,4,6742
4361,4,6743
5040,4,6744
2882,4,6745
7571,5,6746
2928,2,6747
2896,2,6748
7301,4,6749
2371,3,6750
2371,4,6751
4840,3,6752
4840,4,6753
6549,4,6754
7158,3,6755
1473,3,6756
1384,3,6757
1366,4,6758
2940,3,6759
6469,3,6760
6798,2,6761
5982,3,6762
5013,3,6763
5013,4,6764
7324,3,6765
6678,3,6766
6371,3,6767
2904,3,6768
4768,4,6769
3320,3,6770
4063,3,6771
2792,3,6772
2792,4,6773
1942,3,6774
1376,2,6775
1376,3,6776
1307,3,6777
1307,4,6778
2419,2,6779
1212,2,6780
1212,3,6781
1207,4,6782
1207,6,6783
94,3,6784
2149,4,6785
7913,3,6786
7913,4,6787
540,3,6788
540,4,6789
1916,2,6790
142,2,6791
2861,3,6792
3113,2,6793
4684,3,6794
4684,4,6795
5057,2,6796
3289,3,6797
3289,4,6798
4159,3,6799
4329,3,6800
5687,4,6801
3040,4,6802
6759,3,6803
5558,2,6804
2372,3,6805
6452,3,6806
6408,4,6807
1687,2,6808
1470,2,6809
5003,4,6810
5273,3,6811
5273,5,6812
7006,4,6813
6133,2,6814
6133,3,6815
5893,3,6816
8106,5,6817
4815,3,6818
5014,2,6819
1248,3,6820
1358,3,6821
1358,4,6822
4176,3,6823
2078,3,6824
3368,6,6825
6061,3,6826
7668,4,6827
5718,2,6828
2738,4,6829
3936,3,6830
6585,3,6831
6571,3,6832
1312,3,6833
7466,5,6834
7466,6,6835
7552,3,6836
7552,4,6837
660,4,6838
7831,3,6839
3547,3,6840
4504,4,6841
4504,5,6842
1300,3,6843
3597,4,6844
3721,6,6845
7595,4,6846
7272,5,6847
2439,4,6848
3129,4,6849
3391,6,6850
7836,3,6851
7836,4,6852
5016,6,6853
8182,3,6854
8182,4,6855
5305,3,6856
2386,3,6857
6582,3,6858
6582,4,6859
4852,6,6860
6045,5,6861
6634,3,6862
6634,4,6863
5329,4,6864
6151,5,6865
7109,3,6866
4578,3,6867
4578,4,6868
4074,3,6869
4074,4,6870
7777,3,6871
8098,4,6872
6998,4,6873
7323,5,6874
6323,6,6875
5836,3,6876
5836,5,6877
336,5,6878
5156,2,6879
5628,2,6880
1797,3,6881
7542,3,6882
7542,4,6883
3979,3,6884
3588,4,6885
4424,3,6886
3576,4,6887
3940,3,6888
4103,3,6889
4103,4,6890
3636,6,6891
4775,3,6892
3966,5,6893
8246,4,6894
3967,3,6895
4560,2,6896
6581,3,6897
6459,3,6898
1405,3,6899
1405,4,6900
7940,2,6901
7940,4,6902
7588,3,6903
7588,4,6904
1547,3,6905
6506,3,6906
7203,3,6907
6397,7,6908
6363,5,6909
5689,3,6910
6900,2,6911
8061,3,6912
8061,4,6913
5470,3,6914
4799,2,6915
6863,5,6916
7054,3,6917
5532,2,6918
4908,2,6919
5779,2,6920
5454,2,6921
5454,3,6922
2749,2,6923
2749,4,6924
2334,2,6925
543,3,6926
6513,7,6927
5684,4,6928
2617,3,6929
7530,4,6930
2974,2,6931
1124,3,6932
1437,2,6933
1437,5,6934
811,2,6935
7259,2,6936
7259,3,6937
1136,2,6938
4412,4,6939
2255,2,6940
1555,3,6941
4699,2,6942
2690,2,6943
2690,3,6944
3671,2,6945
3671,3,6946
6833,2,6947
2040,3,6948
4848,2,6949
6882,2,6950
7239,4,6951
253,2,6952
2065,2,6953
7632,2,6954
276,2,6955
4455,2,6956
4455,3,6957
653,3,6958
653,4,6959
909,3,6960
909,4,6961
4688,3,6962
1171,3,6963
1171,5,6964
5783,4,6965
5783,5,6966
6526,4,6967
5064,6,6968
5662,2,6969
4487,2,6970
4511,3,6971
4711,2,6972
4711,4,6973
5248,3,6974
2216,2,6975
2216,3,6976
1785,2,6977
1785,3,6978
4571,5,6979
6557,2,6980
7848,3,6981
7848,4,6982
7853,4,6983
7639,3,6984
2862,2,6985
2845,2,6986
1561,2,6987
5545,2,6988
5180,2,6989
3286,2,6990
3909,2,6991
1637,2,6992
984,2,6993
6369,3,6994
6369,4,6995
6831,2,6996
6831,3,6997
3383,3,6998
2411,3,6999
2688,3,7000
2688,4,7001
4898,3,7002
4898,4,7003
4928,2,7004
2682,2,7005
2682,3,7006
7295,3,7007
6876,3,7008
1829,3,7009
2798,3,7010
2266,4,7011
6202,3,7012
2816,3,7013
2291,2,7014
5502,2,7015
6938,4,7016
6706,2,7017
2087,3,7018
239,2,7019
2916,2,7020
828,2,7021
6381,2,7022
2389,2,7023
5247,2,7024
8034,2,7025
8034,3,7026
6094,2,7027
1747,2,7028
7810,3,7029
1198,2,7030
797,3,7031
5732,2,7032
5997,5,7033
6508,4,7034
1983,2,7035
1909,2,7036
2114,6,7037
2114,7,7038
6825,3,7039
7617,4,7040
7619,2,7041
3104,3,7042
2157,4,7043
2157,5,7044
4644,4,7045
7606,3,7046
7606,4,7047
6391,2,7048
5475,3,7049
3969,3,7050
3969,4,7051
6476,2,7052
4327,2,7053
7569,2,7054
7569,3,7055
507,3,7056
507,4,7057
3048,4,7058
2198,3,7059
2524,6,7060
6029,2,7061
4462,3,7062
4505,2,7063
4542,2,7064
5185,2,7065
2605,4,7066
1186,3,7067
1040,2,7068
4209,4,7069
6576,2,7070
6576,3,7071
6627,3,7072
7348,5,7073
3850,4,7074
5614,4,7075
4508,2,7076
938,3,7077
787,3,7078
1571,3,7079
3918,2,7080
6930,3,7081
5895,2,7082
127,5,7083
3988,3,7084
4547,3,7085
4547,4,7086
2062,4,7087
5563,3,7088
6660,2,7089
5403,4,7090
6573,2,7091
4086,2,7092
7407,3,7093
4696,4,7094
6112,8,7095
6194,3,7096
6194,4,7097
7814,2,7098
6975,6,7099
960,2,7100
5263,2,7101
7494,4,7102
2669,4,7103
4994,2,7104
5262,3,7105
7957,2,7106
7957,4,7107
5132,2,7108
5132,3,7109
5334,3,7110
6006,2,7111
8065,2,7112
8065,3,7113
7341,4,7114
3502,2,7115
6492,2,7116
1087,3,7117
7903,3,7118
7697,3,7119
6680,2,7120
6680,3,7121
5078,2,7122
4960,3,7123
6773,3,7124
6773,4,7125
171,2,7126
1804,2,7127
1804,3,7128
1886,2,7129
4583,3,7130
3954,2,7131
4148,2,7132
4148,3,7133
6405,3,7134
1748,2,7135
2067,3,7136
3227,3,7137
2056,3,7138
5391,3,7139
8009,2,7140
8009,3,7141
72,5,7142
466,2,7143
993,2,7144
993,3,7145
4713,3,7146
5775,3,7147
2348,3,7148
6734,3,7149
6238,2,7150
6238,4,7151
7224,3,7152
5664,3,7153
7816,4,7154
4512,2,7155
4512,3,7156
7648,2,7157
7648,3,7158
6168,3,7159
6168,5,7160
4813,3,7161
4429,3,7162
872,3,7163
872,4,7164
7549,3,7165
5205,3,7166
1676,3,7167
1676,4,7168
1601,2,7169
5327,4,7170
259,2,7171
1039,3,7172
1395,4,7173
970,2,7174
1193,2,7175
1193,3,7176
4995,2,7177
566,3,7178
566,5,7179
5685,4,7180
1530,2,7181
7861,4,7182
6795,3,7183
6795,4,7184
3565,2,7185
7115,2,7186
7115,3,7187
7074,3,7188
856,4,7189
778,2,7190
778,3,7191
4405,2,7192
74,3,7193
5195,4,7194
5339,3,7195
5994,2,7196
5388,5,7197
8016,3,7198
1052,3,7199
7015,2,7200
7015,4,7201
1322,2,7202
1322,3,7203
1984,3,7204
1984,4,7205
5147,2,7206
5938,4,7207
5807,2,7208
7694,3,7209
7953,2,7210
7027,2,7211
5572,2,7212
2474,3,7213
3284,6,7214
2555,2,7215
4143,2,7216
6735,2,7217
8104,4,7218
4491,3,7219
3580,3,7220
1327,3,7221
320,6,7222
386,2,7223
2102,2,7224
502,2,7225
1692,2,7226
7532,4,7227
5785,2,7228
8150,3,7229
7687,5,7230
7687,6,7231
6114,2,7232
6114,3,7233
6838,3,7234
4032,4,7235
2988,3,7236
2988,4,7237
1160,8,7238
1160,9,7239
7423,2,7240
4509,2,7241
4509,3,7242
5690,2,7243
3939,2,7244
5096,3,7245
3899,3,7246
5051,2,7247
5051,3,7248
4312,2,7249
7368,4,7250
6755,3,7251
6755,4,7252
3948,4,7253
3182,4,7254
3182,5,7255
6152,2,7256
3976,3,7257
5607,4,7258
4685,4,7259
4685,5,7260
5736,2,7261
5736,3,7262
7631,2,7263
7631,3,7264
4207,2,7265
4207,3,7266
3070,3,7267
3208,2,7268
4141,2,7269
551,2,7270
551,3,7271
1315,3,7272
1242,3,7273
4246,4,7274
6163,2,7275
6382,2,7276
5873,2,7277
6296,2,7278
7149,2,7279
6062,2,7280
7960,2,7281
3257,3,7282
4346,2,7283
4346,3,7284
3629,5,7285
7501,2,7286
7501,3,7287
4131,3,7288
4726,3,7289
3128,2,7290
5505,4,7291
5172,4,7292
7615,3,7293
494,5,7294
877,2,7295
877,3,7296
4991,3,7297
4088,3,7298
4088,4,7299
3926,3,7300
3926,4,7301
2565,2,7302
4198,2,7303
4101,2,7304
4263,2,7305
4514,3,7306
6260,5,7307
6637,2,7308
1191,2,7309
7305,4,7310
4316,2,7311
8124,2,7312
8136,3,7313
6451,3,7314
6451,4,7315
7156,2,7316
2247,3,7317
7681,4,7318
7118,3,7319
7991,2,7320
2730,3,7321
2162,2,7322
7592,2,7323
7598,3,7324
4691,2,7325
1117,2,7326
1117,3,7327
6357,2,7328
6357,3,7329
2708,3,7330
6499,2,7331
6822,2,7332
6822,3,7333
7954,3,7334
3200,2,7335
3200,3,7336
5825,2,7337
1019,2,7338
3510,2,7339
6790,2,7340
6790,3,7341
1360,3,7342
5889,4,7343
941,4,7344
2112,3,7345
5651,2,7346
5651,3,7347
7624,2,7348
6807,4,7349
5625,2,7350
5625,3,7351
8323,3,7352
8323,4,7353
7181,4,7354
1516,2,7355
1516,3,7356
2586,3,7357
1146,4,7358
1146,5,7359
2425,1,7360
2425,2,7361
2406,3,7362
7667,2,7363
3412,3,7364
2918,5,7365
4257,2,7366
6035,2,7367
570,2,7368
4354,4,7369
3999,3,7370
4562,3,7371
3498,3,7372
4765,3,7373
4765,4,7374
3605,2,7375
3605,3,7376
183,3,7377
1321,2,7378
7364,4,7379
7364,5,7380
6115,3,7381
6115,4,7382
7795,3,7383
7795,4,7384
7558,2,7385
3396,2,7386
3042,2,7387
1597,2,7388
5135,2,7389
4194,2,7390
