FOHCRL97,FOHCID97,FOHCSN97,Q7A0,Q7A1,Q7A2,Q7A3M,Q7A3Y,Q7A4M,Q7A4Y,Q7A5,Q7A6,Q7A7,Q7A8,Q7A9A,Q7A9B,Q7A9C,Q7A9D,Q7A9E,Q7A9F,Q7A9G,Q7A9H,Q7A9I,Q7A9J,Q7A10A,Q7A10B,Q7A10C,Q7A10D,Q7A10E,Q7A10F,Q7A11A,Q7A11B,Q7A11C,Q7A11D,Q7A11E,Q7A12,Q7B0,Q7B0T,Q7B1A,Q7B1B,Q7B1C,Q7B1D,Q7B1E,Q7B2A,Q7B2B,Q7B2C,Q7B2D,Q7B2E,Q7B2F,Q7B2G,Q7B2H,Q7B2I,Q7B2J,Q7B3A,Q7B3B,Q7B3C,Q7B3D,Q7B4,Q7B5A,Q7B5B,Q7B5C,Q7B5D,Q7B5E,Q7B5F,Q7B6A,Q7B6B,Q7B6C,Q7B6D,Q7B6E,Q7B6F,Q7B6G,Q7B6H,Q7B6I,Q7B6J,Q7B6K,Q7B6L,Q7B6M,Q7B7,Q7B7T,Q7B8A,Q7B8B,Q7B8C,Q7B8D,Q7B8E,Q7B8F,Q7B8G,Q7B8H,Q7B8I,Q7B8J,Q7B8K,Q7B8L,Q7B8M,Q7B8N,Q7B8O,Q7B8P,Q7B8Q,Q7B8R,Q7B8S,Q7B8T,Q7B8U,Q7B8V,Q7B8W,Q7B8X,Q7B8Y,Q7B8Z,Q7B8AA,Q7B8BB,Q7B8CC,Q7B8DD,Q7B9A,Q7B9B,Q7B9C,Q7B9D,Q7B9E,Q7B9F,Q7B9G,Q7B9H,Q7B9I,Q7B9J,Q7B10,Q7B11A,Q7B11B,Q7B11C,Q7B11D,Q7B12A,Q7B12B,Q7B12C,Q7B12D,Q7B12E,Q7B12F,Q7B12G,Q7B12H,Q7B12I,Q7B12J,Q7B12K,Q7B13A,Q7B13B,Q7B13C,Q7B13D,Q7B13E,Q7B13F,Q7B13G,Q7B13H,Q7B13I,Q7B14A,Q7B14B,Q7B14C,Q7B15A,Q7B15B,Q7B16A,Q7B16B,Q7B16C,Q7B16D,Q7B16E,Q7B16F,Q7B16G,Q7B16H,Q7B17,Q7B18,Q7B19,Q7B20
3,690,3,74340,7,7,11,1995,3,1997,2,45,1,0,0,0,0,0,0,0,0,0,0,0,0,0,0,0,0,0,1,4,1,1,1,6,2,99999,5,5,5,1,5,5,5,5,5,5,1,5,5,1,5,4,1,4,3,1,3,3,1,2,2,2,1,1,2,1,2,1,1,2,1,1,2,1,1,1,99999,3,3,3,3,3,3,3,3,3,2,3,3,3,3,3,3,3,3,3,2,3,3,3,3,3,3,3,3,2,1,5,5,5,5,5,5,3,3,5,5,1,1,1,5,5,1,3,1,1,1,1,1,3,1,1,1,1,3,1,1,1,1,1,1,1,4,4,4,3,3,1,1,1,1,2,2,2,1,3,1,1,75360
3,5300,4,59700,900,3,10,1991,8,1997,3,999,2,1,1,1,1,4,1,1,4,2,4,1,1,5,1,1,1,5,1,4,1,1,1,2,2,99999,5,5,5,1,5,1,1,1,1,5,1,1,5,1,5,3,3,3,1,1,5,5,5,5,5,5,3,3,2,3,3,3,2,5,3,2,4,1,2,1,99999,3,3,3,3,2,3,2,3,3,2,3,3,3,2,3,3,3,3,3,2,3,3,3,3,3,3,3,3,3,3,5,5,5,5,5,5,5,5,5,5,1,1,5,5,5,1,1,1,1,1,1,1,1,1,1,1,1,1,1,1,1,1,1,1,1,1,1,1,3,3,2,1,1,1,1,1,2,3,10,5,1,60720
3,1837,3,61560,450,1,10,1994,3,1997,2,40,2,2,1,2,2,3,3,3,4,1,1,1,1,5,5,5,5,5,1,1,1,1,1,6,2,99999,5,5,5,1,5,1,5,5,5,5,1,5,5,1,1,3,2,3,3,1,2,4,2,2,3,3,1,1,2,2,3,2,2,1,2,2,2,1,1,1,99999,3,3,3,2,3,2,3,3,3,3,3,3,3,3,3,3,2,3,3,3,3,3,3,3,3,3,3,3,2,3,5,4,5,5,4,5,5,5,5,5,1,5,5,5,5,1,1,1,1,1,1,1,1,1,1,1,3,1,1,1,1,0,0,1,3,4,4,4,3,3,1,1,1,1,2,1,2,1,3,5,1,62700
3,1837,4,62700,450,2,10,1994,3,1997,2,40,2,2,1,2,3,3,3,3,4,1,1,1,1,5,5,5,5,5,1,1,1,1,1,6,2,99999,5,5,5,1,5,1,5,5,5,5,1,5,5,1,1,3,1,3,2,1,2,3,2,2,3,3,1,1,2,2,2,2,2,1,2,2,2,1,1,1,99999,3,3,3,2,3,2,3,3,3,3,3,3,3,3,3,3,3,2,3,3,3,3,2,3,3,3,3,3,2,3,5,5,5,5,5,5,5,5,5,5,2,0,0,0,0,0,0,0,0,0,0,0,0,0,0,0,0,0,0,0,0,0,0,0,0,0,0,0,0,0,1,1,1,1,1,1,1,1,1,5,1,63840
3,4499,2,64920,24,1,7,1992,4,1997,1,150,2,1,4,4,2,2,4,4,4,4,1,4,1,1,1,5,5,5,2,2,1,1,1,6,2,99999,5,5,5,1,5,1,1,5,5,5,1,5,5,5,5,6,1,6,6,1,4,4,4,4,4,4,1,1,3,4,3,1,2,3,1,2,4,1,1,1,99999,1,1,3,1,3,1,3,3,2,2,1,3,2,3,3,3,3,1,1,3,3,3,2,2,2,1,3,3,2,3,5,3,5,4,3,4,3,4,5,2,2,0,0,0,0,0,0,0,0,0,0,0,0,0,0,0,0,0,0,0,0,0,0,0,0,0,0,0,0,0,2,2,1,1,2,1,1,1,2,1,1,66300
3,1778,3,71400,15,7,8,1994,10,1997,2,72,1,0,0,0,0,0,0,0,0,0,0,0,0,0,0,0,0,0,1,1,1,1,1,6,2,99999,5,5,5,1,5,5,5,5,5,5,5,5,5,1,5,5,1,5,4,1,4,4,3,3,3,3,2,3,2,3,3,3,3,2,3,2,3,2,1,1,99999,3,3,3,3,3,3,3,3,3,3,3,3,3,3,3,3,3,3,3,3,3,3,3,3,3,3,3,3,3,3,5,5,5,5,5,5,5,3,5,5,1,5,5,1,5,1,1,1,1,1,1,1,1,1,1,1,3,1,1,1,1,1,1,1,1,4,4,4,3,3,1,1,1,2,2,2,2,2,6,2,2,72120
3,1778,4,72120,15,7,8,1994,10,1997,9,72,1,0,0,0,0,0,0,0,0,0,0,0,0,0,0,0,0,0,1,1,1,1,1,6,2,99999,5,5,5,1,5,5,5,5,5,5,5,5,5,1,5,5,1,5,4,1,4,4,3,3,3,3,2,3,2,3,3,3,3,2,3,2,3,2,1,1,99999,2,3,3,2,3,2,1,2,2,2,3,3,2,2,3,3,1,2,2,3,3,2,3,2,2,3,3,3,3,3,5,3,5,5,3,4,3,3,5,5,1,5,5,1,5,9,9,9,9,9,9,9,9,9,9,9,9,9,9,9,9,9,9,9,1,9,9,9,3,3,1,2,1,3,2,2,2,3,6,4,1,72600
3,2507,2,72900,3,3,12,1993,9,1997,1,100,2,2,3,2,2,2,2,3,3,3,3,3,1,5,1,1,1,5,3,4,2,2,2,6,2,99999,5,5,5,1,5,1,1,1,1,5,5,5,5,1,5,4,4,4,3,1,4,4,3,4,3,3,1,1,2,2,2,3,1,3,2,2,3,1,1,1,99999,2,2,1,3,2,1,1,2,2,2,3,3,2,2,2,2,1,2,3,3,3,3,2,2,2,2,2,2,2,2,4,3,3,3,3,5,3,4,4,2,1,5,5,1,5,1,1,1,1,1,1,1,1,1,1,1,1,1,1,1,1,1,1,1,3,3,3,3,2,2,1,2,2,3,2,0,2,2,5,4,1,74700
3,4021,4,69060,17,2,98,1992,6,1997,2,52,2,2,2,3,3,3,3,3,3,4,2,3,1,5,5,1,1,1,1,1,1,1,1,6,2,99999,5,5,5,1,5,5,5,5,5,1,1,5,1,1,5,3,1,3,3,1,3,3,2,3,3,2,2,2,1,2,3,2,2,3,1,1,2,2,2,1,99999,3,3,3,3,3,3,3,3,3,3,3,3,3,3,3,3,3,3,3,3,3,3,3,3,3,3,3,3,3,3,5,5,5,5,5,5,5,5,5,5,1,1,1,5,5,2,1,1,1,1,1,2,3,3,1,1,3,3,1,1,1,1,1,1,1,2,2,2,3,3,1,1,2,2,2,1,1,1,6,2,2,70500
3,4783,4,77400,116,4,8,1992,6,1997,4,50,2,1,3,2,2,4,1,4,4,4,4,2,1,1,5,5,1,5,1,1,1,1,1,6,2,99999,5,5,5,1,5,1,1,1,1,1,5,1,1,1,5,3,2,3,1,1,4,4,4,4,4,4,2,1,2,2,3,4,1,4,2,2,3,1,1,1,99999,3,3,3,3,3,2,3,3,3,3,3,3,3,3,3,3,3,3,2,3,3,2,3,3,2,3,3,3,3,3,5,5,4,5,4,5,5,4,5,5,1,1,5,5,5,1,1,1,1,1,1,1,1,1,1,1,0,0,0,0,0,0,0,0,1,3,3,3,2,3,1,1,1,1,1,2,2,2,5,3,1,79200
3,2252,2,39660,20,1,10,1994,6,1997,1,70,2,2,4,2,4,4,4,2,4,4,4,4,1,5,5,5,5,5,1,1,1,1,1,6,2,99999,5,5,5,1,5,1,1,5,5,5,1,5,5,1,5,6,5,6,1,1,4,4,4,4,4,4,4,4,4,4,2,4,3,4,4,2,4,1,2,2,40620,0,0,0,0,0,0,0,0,0,0,0,0,0,0,0,0,0,0,0,0,0,0,0,0,0,0,0,0,0,0,0,0,0,0,0,0,0,0,0,0,0,0,0,0,0,0,0,0,0,0,0,0,0,0,0,0,0,0,0,0,0,0,0,0,0,0,0,0,0,0,0,0,0,0,0,0,0,0,0,0,0,0
3,1549,2,37800,15,1,10,1996,6,1997,1,318,2,2,3,2,4,4,4,4,4,4,4,4,1,5,1,5,1,9,2,3,1,2,1,8,2,99999,5,5,5,1,5,1,1,5,5,5,5,1,1,1,5,4,1,5,1,1,5,5,4,4,4,4,1,1,2,3,4,1,3,1,1,1,1,1,3,1,99999,2,3,3,3,2,2,3,3,3,2,3,3,3,3,3,3,2,2,2,3,3,3,2,2,1,3,3,3,2,3,4,2,2,3,3,4,2,2,4,3,2,0,0,0,0,0,0,0,0,0,0,0,0,0,0,0,0,0,0,0,0,0,0,0,0,0,0,0,0,0,1,0,2,2,0,2,0,2,98,8,9,38700
3,2966,4,67800,5,6,0,0,11,1997,1,52,1,0,0,0,0,0,0,0,0,0,0,0,0,0,0,0,0,0,1,2,5,1,1,6,2,99999,5,5,5,1,5,5,5,5,5,5,5,5,5,1,5,5,1,5,1,1,3,3,3,3,3,3,1,2,3,1,2,1,3,3,1,1,1,1,3,1,99999,2,3,3,3,2,2,2,3,3,3,3,3,3,3,3,2,3,2,2,2,3,3,3,3,1,3,3,3,2,3,5,5,3,5,3,5,5,5,5,5,1,5,5,1,5,1,1,1,1,1,1,1,1,1,1,1,1,1,1,1,1,1,1,1,1,4,4,4,3,3,1,1,1,1,1,2,2,2,5,1,1,69000
3,336,3,32400,2,6,12,1989,3,1997,1,36,1,0,0,0,0,0,0,0,0,0,0,0,0,0,0,0,0,0,1,1,1,1,1,2,2,99999,5,5,5,1,5,5,1,5,5,5,5,5,5,1,5,3,1,4,3,1,4,4,1,2,2,1,1,1,2,2,2,1,1,2,1,1,1,3,3,1,99999,3,3,1,3,2,3,3,3,3,3,2,2,3,3,3,3,3,3,3,3,3,3,3,3,3,3,3,3,3,3,5,5,5,5,5,5,5,5,5,5,1,5,5,8,5,1,1,1,2,1,1,1,1,1,1,1,3,1,1,1,1,1,1,1,1,2,1,3,3,3,1,1,2,1,1,2,1,3,2,5,1,33600
3,4173,2,75180,15,2,5,1995,11,1997,1,120,2,2,4,1,2,1,1,4,4,1,2,4,1,1,1,1,5,5,5,1,1,1,1,6,2,99999,5,5,5,1,5,1,1,1,1,5,5,5,5,1,5,5,1,5,5,1,4,4,3,4,4,4,1,1,3,1,4,3,1,3,3,3,1,1,1,1,99999,1,3,1,3,1,3,3,2,3,3,3,3,3,2,3,2,3,3,3,3,3,3,3,3,1,3,3,3,2,2,2,5,5,2,5,2,5,2,3,4,1,1,1,1,5,2,2,1,1,1,1,2,2,1,1,1,3,3,1,1,1,1,1,1,1,4,4,4,3,3,3,3,3,3,3,2,2,3,5,4,1,76440
3,4173,4,33240,15,2,5,1995,11,1997,1,120,2,3,4,2,2,1,2,4,4,2,2,4,1,1,1,1,5,5,4,4,4,1,1,6,2,99999,5,5,5,1,5,1,1,1,1,5,5,5,5,1,5,5,1,6,5,1,4,4,4,4,4,4,1,1,3,3,3,3,3,3,1,3,1,3,3,1,99999,1,2,3,2,2,1,1,1,2,2,2,2,2,2,2,2,1,1,1,2,3,3,1,1,1,1,3,3,1,1,2,4,3,2,2,2,4,2,3,5,1,1,1,5,5,1,2,1,2,1,1,2,1,1,1,1,3,1,1,1,1,1,1,1,1,2,4,4,3,3,3,3,3,3,3,3,3,3,4,4,1,34200
3,3036,3,51360,1,3,7,1990,10,1997,1,52,2,2,4,4,4,4,4,4,3,4,4,4,1,5,1,1,1,5,2,1,1,1,1,6,2,99999,1,5,5,5,5,1,1,1,5,5,1,5,5,1,5,4,3,5,2,1,2,3,2,2,2,2,1,1,2,1,2,2,1,2,1,1,2,1,2,1,99999,3,3,3,3,3,3,3,3,3,3,3,3,3,3,3,3,2,3,2,3,3,3,3,3,3,3,3,3,3,3,4,5,5,4,4,5,5,4,4,4,1,5,5,5,5,1,1,1,1,1,1,1,1,1,1,1,2,3,2,0,1,1,1,1,1,3,3,4,3,3,2,2,2,2,2,0,2,2,4,2,1,52560
3,2767,4,32400,10,2,98,9998,10,1997,3,0,2,1,4,3,4,4,4,4,4,4,4,4,1,1,5,1,1,5,1,1,1,1,1,2,1,33600,0,0,0,0,0,0,0,0,0,0,0,0,0,0,0,0,0,0,0,0,0,0,0,0,0,0,0,0,0,0,0,0,0,0,0,0,0,0,0,0,0,0,0,0,0,0,0,0,0,0,0,0,0,0,0,0,0,0,0,0,0,0,0,0,0,0,0,0,0,0,0,0,0,0,0,0,0,0,0,0,0,0,0,0,0,0,0,0,0,0,0,0,0,0,0,0,0,0,0,0,0,0,0,0,0,0,0,0,0,0,0,0,0,0,0,0,0,0,0,0,0,0,0
3,2767,5,33600,10,3,98,9998,10,1997,3,0,2,1,4,3,4,4,4,4,4,4,4,4,1,1,5,1,1,5,1,1,1,1,1,2,1,34200,0,0,0,0,0,0,0,0,0,0,0,0,0,0,0,0,0,0,0,0,0,0,0,0,0,0,0,0,0,0,0,0,0,0,0,0,0,0,0,0,0,0,0,0,0,0,0,0,0,0,0,0,0,0,0,0,0,0,0,0,0,0,0,0,0,0,0,0,0,0,0,0,0,0,0,0,0,0,0,0,0,0,0,0,0,0,0,0,0,0,0,0,0,0,0,0,0,0,0,0,0,0,0,0,0,0,0,0,0,0,0,0,0,0,0,0,0,0,0,0,0,0,0
3,2843,4,37800,2500,3,8,1995,9,1996,3,9,2,2,3,3,3,3,3,4,1,3,3,3,1,5,5,5,5,5,4,3,2,2,1,2,1,38100,0,0,0,0,0,0,0,0,0,0,0,0,0,0,0,0,0,0,0,0,0,0,0,0,0,0,0,0,0,0,0,0,0,0,0,0,0,0,0,0,0,0,0,0,0,0,0,0,0,0,0,0,0,0,0,0,0,0,0,0,0,0,0,0,0,0,0,0,0,0,0,0,0,0,0,0,0,0,0,0,0,0,0,0,0,0,0,0,0,0,0,0,0,0,0,0,0,0,0,0,0,0,0,0,0,0,0,0,0,0,0,0,0,0,0,0,0,0,0,0,0,0,0
3,2843,5,37200,2500,3,8,1995,9,1996,3,9,2,2,3,3,3,3,3,4,1,3,3,3,1,5,5,5,5,5,1,2,2,1,1,3,1,37800,0,0,0,0,0,0,0,0,0,0,0,0,0,0,0,0,0,0,0,0,0,0,0,0,0,0,0,0,0,0,0,0,0,0,0,0,0,0,0,0,0,0,0,0,0,0,0,0,0,0,0,0,0,0,0,0,0,0,0,0,0,0,0,0,0,0,0,0,0,0,0,0,0,0,0,0,0,0,0,0,0,0,0,0,0,0,0,0,0,0,0,0,0,0,0,0,0,0,0,0,0,0,0,0,0,0,0,0,0,0,0,0,0,0,0,0,0,0,0,0,0,0,0
3,426,2,70200,10,2,2,1989,3,1997,2,50,2,3,4,3,3,3,3,3,4,3,3,3,1,5,5,5,1,5,4,3,2,1,1,6,2,99999,5,5,5,1,5,1,1,5,5,5,5,5,5,5,5,4,1,4,3,1,2,2,2,3,3,2,1,2,2,1,1,2,1,2,2,1,2,1,2,1,99999,1,2,1,3,2,1,3,3,2,2,2,2,3,3,2,3,1,1,2,3,3,3,3,3,2,3,3,3,3,3,4,3,5,4,3,2,3,3,3,5,1,5,5,5,5,1,1,1,1,1,1,1,2,1,1,1,3,1,1,1,1,1,1,1,0,3,3,3,3,3,1,3,3,3,3,3,1,1,2,1,1,71400
3,426,3,71400,10,2,2,1989,3,1997,2,50,2,3,4,3,3,3,3,3,4,3,3,3,1,5,5,5,1,5,3,1,1,1,1,2,2,99999,5,5,5,1,5,1,1,5,5,5,5,5,5,5,5,4,1,4,3,1,2,2,2,2,3,3,1,2,2,1,1,2,1,2,2,1,2,1,2,1,99999,2,3,3,2,2,2,1,1,3,2,2,3,2,2,3,1,2,2,3,2,3,3,2,3,1,1,2,3,2,3,4,5,1,5,2,5,5,5,5,2,1,5,5,5,5,1,1,1,1,1,1,1,1,2,1,1,3,1,1,1,1,1,1,1,0,3,3,3,2,1,2,2,2,2,2,2,4,1,6,2,1,72000
3,765,2,63000,1000,3,12,1994,5,1996,4,1,2,2,4,4,4,4,4,4,4,4,4,4,1,5,5,5,5,5,1,1,1,1,1,6,1,63900,0,0,0,0,0,0,0,0,0,0,0,0,0,0,0,0,0,0,0,0,0,0,0,0,0,0,0,0,0,0,0,0,0,0,0,0,0,0,0,0,0,0,0,0,0,0,0,0,0,0,0,0,0,0,0,0,0,0,0,0,0,0,0,0,0,0,0,0,0,0,0,0,0,0,0,0,0,0,0,0,0,0,0,0,0,0,0,0,0,0,0,0,0,0,0,0,0,0,0,0,0,0,0,0,0,0,0,0,0,0,0,0,0,0,0,0,0,0,0,0,0,0,0
3,4019,6,61200,1,1,0,0,4,1997,1,90,2,2,4,3,3,2,3,4,4,2,4,4,1,5,5,5,5,5,1,1,2,1,1,4,2,99999,5,5,5,1,5,1,5,5,5,5,1,5,5,1,1,6,1,6,1,1,5,5,5,5,1,2,1,1,2,3,1,1,1,4,1,1,2,1,1,2,62100,0,0,0,0,0,0,0,0,0,0,0,0,0,0,0,0,0,0,0,0,0,0,0,0,0,0,0,0,0,0,0,0,0,0,0,0,0,0,0,0,0,0,0,0,0,0,0,0,0,0,0,0,0,0,0,0,0,0,0,0,0,0,0,0,0,0,0,0,0,0,0,0,0,0,0,0,0,0,0,0,0,0
3,5410,3,71160,20,1,3,1994,9,1997,2,48,2,3,4,4,4,4,4,4,4,4,4,4,1,5,5,1,5,5,1,1,2,1,1,99,2,99999,5,5,5,1,5,5,5,5,5,5,5,5,5,1,5,4,4,4,1,1,2,3,2,2,3,2,2,2,2,2,2,2,2,2,2,2,1,1,2,1,99999,3,3,3,3,3,3,3,3,3,3,3,3,3,3,3,3,3,3,3,3,3,3,2,3,1,3,3,3,3,3,5,4,5,5,3,5,4,5,5,5,2,0,0,0,0,0,0,0,0,0,0,0,0,0,0,0,0,0,0,0,0,0,0,0,0,0,0,0,0,0,1,3,1,1,1,1,0,1,2,3,1,72360
3,878,2,66060,1000,3,11,1995,6,1997,3,6,2,2,4,4,4,4,4,4,4,4,2,2,1,5,5,1,1,5,1,1,1,1,1,6,1,66420,0,0,0,0,0,0,0,0,0,0,0,0,0,0,0,0,0,0,0,0,0,0,0,0,0,0,0,0,0,0,0,0,0,0,0,0,0,0,0,0,0,0,0,0,0,0,0,0,0,0,0,0,0,0,0,0,0,0,0,0,0,0,0,0,0,0,0,0,0,0,0,0,0,0,0,0,0,0,0,0,0,0,0,0,0,0,0,0,0,0,0,0,0,0,0,0,0,0,0,0,0,0,0,0,0,0,0,0,0,0,0,0,0,0,0,0,0,0,0,0,0,0,0
3,2274,4,35700,7,1,3,1995,6,1997,1,150,2,2,4,1,1,1,1,3,4,4,3,2,1,5,5,1,1,5,3,4,4,4,3,4,2,99999,5,5,5,1,5,1,1,5,5,5,1,5,5,1,1,4,4,6,3,1,4,4,3,4,4,4,1,1,4,3,3,1,1,3,1,1,1,1,1,1,99999,1,3,2,1,3,2,1,2,2,2,1,3,1,3,3,3,1,3,2,3,3,3,2,2,1,3,3,3,3,3,4,3,2,5,2,5,3,4,4,3,2,0,0,0,0,0,0,0,0,0,0,0,0,0,0,0,0,0,0,0,0,0,0,0,0,0,0,0,0,0,1,1,2,2,2,2,2,2,3,5,1,37500
3,2274,5,37500,7,1,3,1995,6,1997,1,150,2,2,4,1,1,1,1,3,4,4,3,2,1,5,5,1,1,5,3,4,4,3,3,4,2,99999,5,5,5,1,5,1,1,5,5,5,1,5,5,1,1,4,4,6,1,1,4,4,3,4,4,4,1,1,4,2,2,1,1,3,1,1,1,1,1,2,38400,0,0,0,0,0,0,0,0,0,0,0,0,0,0,0,0,0,0,0,0,0,0,0,0,0,0,0,0,0,0,0,0,0,0,0,0,0,0,0,0,0,0,0,0,0,0,0,0,0,0,0,0,0,0,0,0,0,0,0,0,0,0,0,0,0,0,0,0,0,0,0,0,0,0,0,0,0,0,0,0,0,0
3,1407,2,64740,3000,3,11,1996,11,1996,3,328,2,3,1,4,4,1,4,1,4,3,4,1,1,5,5,1,5,5,1,1,4,1,1,6,2,99999,1,5,5,5,5,5,1,5,5,5,1,1,5,1,1,1,1,1,1,2,0,0,0,0,0,0,0,0,0,0,0,0,0,0,0,0,0,0,0,1,99999,2,3,3,3,1,2,2,2,3,3,1,3,2,3,3,3,1,2,1,2,3,2,2,3,1,1,3,3,3,3,3,1,1,4,3,4,3,4,4,3,2,0,0,0,0,0,0,0,0,0,0,0,0,0,0,0,0,0,0,0,0,0,0,0,0,0,0,0,0,0,2,2,2,2,2,4,3,2,2,1,5,65580
3,1407,3,65580,3000,3,11,1996,11,1996,3,328,2,2,2,1,4,2,4,1,4,4,4,1,1,5,5,1,1,5,3,2,3,2,1,6,2,99999,1,5,5,5,5,5,1,5,5,5,1,1,5,1,1,1,1,1,1,2,0,0,0,0,0,0,0,0,0,0,0,0,0,0,0,0,0,0,0,2,65880,0,0,0,0,0,0,0,0,0,0,0,0,0,0,0,0,0,0,0,0,0,0,0,0,0,0,0,0,0,0,0,0,0,0,0,0,0,0,0,0,0,0,0,0,0,0,0,0,0,0,0,0,0,0,0,0,0,0,0,0,0,0,0,0,0,0,0,0,0,0,0,0,0,0,0,0,0,0,0,0,0,0
3,3496,2,63000,25,2,6,1988,6,1997,1,48,2,2,3,2,1,3,2,3,3,3,2,2,1,1,5,1,1,5,1,4,1,2,1,2,2,99999,5,5,5,1,5,1,1,5,5,1,5,5,5,1,5,4,1,4,4,1,3,4,3,3,3,2,1,1,3,1,3,3,1,3,2,1,3,1,1,1,99999,2,3,2,3,3,1,2,3,3,2,2,3,1,3,3,3,1,2,3,2,3,3,3,3,1,3,3,2,3,3,4,1,2,4,1,4,3,2,4,4,1,5,5,1,5,1,1,1,2,1,1,1,2,1,1,1,1,1,1,1,1,1,1,1,3,4,3,3,2,3,2,2,2,2,2,2,2,2,4,1,1,64380
3,4321,3,51000,15,1,99,1996,10,1997,1,998,2,2,1,1,3,1,1,1,4,1,1,1,1,5,1,1,1,5,1,1,1,1,1,6,2,99999,5,5,5,1,5,1,1,1,1,5,1,5,1,1,5,4,1,6,1,1,4,4,4,4,4,4,1,1,4,4,4,1,1,4,4,1,1,1,2,2,51600,0,0,0,0,0,0,0,0,0,0,0,0,0,0,0,0,0,0,0,0,0,0,0,0,0,0,0,0,0,0,0,0,0,0,0,0,0,0,0,0,0,0,0,0,0,0,0,0,0,0,0,0,0,0,0,0,0,0,0,0,0,0,0,0,0,0,0,0,0,0,0,0,0,0,0,0,0,0,0,0,0,0
3,2805,3,76800,1,9,12,1995,6,1997,1,60,2,3,4,2,2,4,4,4,4,4,2,4,1,1,5,1,1,1,5,5,3,3,1,2,2,99999,9,9,9,9,9,5,5,1,1,1,1,1,1,1,9,6,5,6,6,1,5,5,3,5,4,4,1,3,4,4,4,4,1,3,4,3,1,3,5,1,99999,1,3,1,1,1,2,1,1,1,1,2,3,1,2,3,2,1,2,2,2,2,2,2,3,2,2,3,3,2,3,4,3,1,2,2,5,4,3,5,3,1,1,1,1,1,1,3,3,3,3,1,2,3,1,3,3,1,1,1,1,1,1,1,1,0,4,4,4,2,3,1,1,2,2,3,1,2,1,6,2,1,77700
3,2805,4,75600,1,1,12,1995,6,1997,1,80,2,3,4,2,2,4,4,4,4,4,2,4,1,1,5,1,1,1,1,1,1,1,1,6,2,99999,1,5,5,5,5,5,5,1,1,1,1,1,1,1,9,6,5,6,6,1,5,5,3,5,4,4,1,3,4,4,4,4,1,3,4,3,1,3,5,1,99999,3,3,3,1,3,3,3,3,1,3,1,3,1,3,3,3,3,3,3,3,3,2,2,3,2,2,3,3,2,3,5,4,5,5,4,5,5,5,5,5,1,1,1,1,1,1,3,3,3,3,1,9,3,1,3,3,1,1,1,1,1,1,1,1,0,4,4,4,2,3,1,1,1,1,1,1,1,1,6,2,1,76800
3,2193,2,39600,320,4,12,1992,12,1994,3,0,2,1,4,4,4,4,4,4,4,4,1,4,1,5,5,5,1,5,4,4,1,1,1,6,1,39900,0,0,0,0,0,0,0,0,0,0,0,0,0,0,0,0,0,0,0,0,0,0,0,0,0,0,0,0,0,0,0,0,0,0,0,0,0,0,0,0,0,0,0,0,0,0,0,0,0,0,0,0,0,0,0,0,0,0,0,0,0,0,0,0,0,0,0,0,0,0,0,0,0,0,0,0,0,0,0,0,0,0,0,0,0,0,0,0,0,0,0,0,0,0,0,0,0,0,0,0,0,0,0,0,0,0,0,0,0,0,0,0,0,0,0,0,0,0,0,0,0,0,0
3,2193,3,39900,320,4,0,0,0,0,0,0,2,1,4,4,4,4,4,4,4,4,1,4,1,5,5,5,1,5,1,1,1,1,1,6,1,40080,0,0,0,0,0,0,0,0,0,0,0,0,0,0,0,0,0,0,0,0,0,0,0,0,0,0,0,0,0,0,0,0,0,0,0,0,0,0,0,0,0,0,0,0,0,0,0,0,0,0,0,0,0,0,0,0,0,0,0,0,0,0,0,0,0,0,0,0,0,0,0,0,0,0,0,0,0,0,0,0,0,0,0,0,0,0,0,0,0,0,0,0,0,0,0,0,0,0,0,0,0,0,0,0,0,0,0,0,0,0,0,0,0,0,0,0,0,0,0,0,0,0,0
3,1882,4,72000,0,1,11,9997,11,1997,1,150,2,2,4,4,3,3,4,4,4,4,4,4,1,1,1,1,5,1,1,3,5,1,1,6,2,99999,5,5,5,1,5,1,1,5,1,1,1,5,5,1,5,5,3,6,4,1,4,4,4,4,4,4,1,1,4,4,4,4,1,4,1,2,2,1,2,1,99999,2,3,1,3,2,3,3,3,3,3,2,3,2,3,3,3,2,3,3,2,3,3,2,2,1,3,3,3,2,3,5,1,3,5,3,5,5,5,5,5,2,0,0,0,0,0,0,0,0,0,0,0,0,0,0,0,0,0,0,0,0,0,0,0,0,0,0,0,0,0,1,1,1,1,2,1,1,1,5,2,1,73500
3,603,4,79380,15,2,11,1996,4,1997,2,5,2,1,1,1,1,1,1,2,4,1,1,2,1,5,5,5,1,5,1,1,2,1,1,6,1,79680,0,0,0,0,0,0,0,0,0,0,0,0,0,0,0,0,0,0,0,0,0,0,0,0,0,0,0,0,0,0,0,0,0,0,0,0,0,0,0,0,0,0,0,0,0,0,0,0,0,0,0,0,0,0,0,0,0,0,0,0,0,0,0,0,0,0,0,0,0,0,0,0,0,0,0,0,0,0,0,0,0,0,0,0,0,0,0,0,0,0,0,0,0,0,0,0,0,0,0,0,0,0,0,0,0,0,0,0,0,0,0,0,0,0,0,0,0,0,0,0,0,0,0
3,3278,4,73800,1,4,3,1995,4,1997,1,75,2,2,1,2,3,3,3,1,4,4,4,1,1,1,5,5,5,1,1,1,1,1,1,6,2,99999,1,5,1,5,5,1,5,1,1,1,1,1,5,1,5,5,3,5,4,1,5,5,2,4,4,4,2,2,2,2,4,9,1,1,2,1,1,2,1,1,99999,2,3,2,3,3,3,3,3,3,3,3,3,2,3,2,3,2,3,3,9,3,3,3,3,3,3,3,3,3,2,5,5,5,4,3,5,5,3,4,5,1,1,1,1,5,1,2,1,1,1,1,1,3,1,1,1,3,3,1,1,1,9,9,1,3,4,4,4,3,3,1,1,1,2,2,2,2,3,6,2,1,74940
3,3032,3,68400,200,3,5,1989,5,1997,3,14,2,1,4,4,4,4,4,4,4,4,3,4,1,5,5,5,1,5,1,1,3,1,1,6,2,99999,5,5,5,1,5,1,5,5,5,1,5,5,5,1,1,3,1,3,1,1,1,2,1,2,3,3,1,1,1,1,1,1,1,1,1,1,1,1,1,1,99999,2,3,3,2,3,3,2,3,3,3,3,3,2,2,3,2,3,3,3,2,2,3,2,2,3,3,3,3,2,2,4,5,5,4,3,5,5,2,5,5,2,0,0,0,0,0,0,0,0,0,0,0,0,0,0,0,0,0,0,0,0,0,0,0,0,0,0,0,0,0,1,1,1,2,2,1,1,1,1,5,1,69900
3,46,2,67200,500,2,10,1988,7,1997,2,10,2,2,4,2,2,3,4,4,4,2,4,2,1,1,1,1,5,9,1,3,1,1,1,2,1,67800,0,0,0,0,0,0,0,0,0,0,0,0,0,0,0,0,0,0,0,0,0,0,0,0,0,0,0,0,0,0,0,0,0,0,0,0,0,0,0,0,0,0,0,0,0,0,0,0,0,0,0,0,0,0,0,0,0,0,0,0,0,0,0,0,0,0,0,0,0,0,0,0,0,0,0,0,0,0,0,0,0,0,0,0,0,0,0,0,0,0,0,0,0,0,0,0,0,0,0,0,0,0,0,0,0,0,0,0,0,0,0,0,0,0,0,0,0,0,0,0,0,0,0
3,46,3,67800,500,2,10,1988,7,1997,2,10,2,2,4,2,2,3,4,4,4,2,4,2,1,1,1,1,5,5,2,2,1,1,1,2,1,68100,0,0,0,0,0,0,0,0,0,0,0,0,0,0,0,0,0,0,0,0,0,0,0,0,0,0,0,0,0,0,0,0,0,0,0,0,0,0,0,0,0,0,0,0,0,0,0,0,0,0,0,0,0,0,0,0,0,0,0,0,0,0,0,0,0,0,0,0,0,0,0,0,0,0,0,0,0,0,0,0,0,0,0,0,0,0,0,0,0,0,0,0,0,0,0,0,0,0,0,0,0,0,0,0,0,0,0,0,0,0,0,0,0,0,0,0,0,0,0,0,0,0,0
3,2618,5,72180,1184,4,99,1992,3,1997,4,21,2,1,4,4,4,3,4,4,4,3,4,4,1,5,1,5,5,5,1,1,1,1,1,7,2,99999,5,5,5,1,5,1,5,5,5,1,5,1,1,1,5,2,2,3,2,2,0,0,0,0,0,0,0,0,0,0,0,0,0,0,0,0,0,0,0,1,99999,3,3,3,3,3,2,3,3,3,2,3,3,3,3,3,3,3,3,3,3,3,3,2,3,3,3,3,3,3,3,4,3,3,5,4,3,4,5,5,5,1,5,5,9,5,2,1,1,1,1,1,1,3,1,1,1,0,0,0,1,0,1,1,0,1,2,2,2,3,2,1,2,2,2,1,2,2,2,10,3,3,73920
3,4886,2,33600,6,1,6,1997,6,1997,1,150,2,3,3,3,2,3,3,3,4,4,4,3,1,1,1,5,5,1,2,2,2,1,1,6,2,99999,5,5,5,1,5,1,1,5,1,5,1,1,5,1,5,5,3,5,4,1,4,4,4,4,4,3,3,1,3,3,2,2,2,4,2,2,2,2,2,1,99999,2,3,2,2,3,3,1,3,3,3,2,3,2,3,3,2,1,2,3,3,3,3,3,3,2,3,3,2,3,3,4,3,2,4,2,3,3,3,4,4,1,1,1,5,5,1,1,1,1,1,1,1,2,1,1,1,3,1,1,0,1,1,1,1,0,4,4,3,3,3,1,1,1,1,1,0,1,1,6,2,1,34800
3,3391,3,51600,20,4,12,1991,5,1997,3,48,2,1,4,2,4,4,4,4,1,2,4,4,1,5,1,5,1,5,3,3,1,3,1,6,2,99999,5,5,1,5,5,5,5,5,1,5,5,1,5,1,1,5,1,4,1,1,3,3,3,3,3,3,1,1,2,1,2,2,1,2,1,1,1,1,1,1,99999,1,3,1,2,2,2,3,3,3,2,3,3,2,3,3,1,1,2,3,2,3,3,2,3,2,9,3,2,2,2,5,3,4,5,2,5,5,3,4,5,1,5,5,5,5,1,1,1,1,1,1,1,1,1,1,1,1,3,0,0,1,3,3,0,1,1,1,1,8,8,1,2,2,2,2,3,0,0,98,5,2,53100
3,3391,4,50100,20,4,12,1991,5,1997,3,48,2,1,4,2,4,4,4,4,1,2,4,4,1,5,1,5,1,5,1,3,1,1,1,6,2,99999,5,5,1,5,5,5,5,5,1,5,5,1,5,1,1,4,1,4,1,1,3,3,1,3,1,2,1,1,1,1,2,1,1,2,1,1,1,1,1,1,99999,1,3,2,2,3,3,1,3,3,3,3,1,1,3,2,2,3,3,3,3,3,3,2,3,2,2,3,3,2,2,4,3,3,4,3,2,4,4,3,3,1,5,5,5,5,1,1,1,1,1,1,1,1,1,1,1,1,3,0,0,1,3,3,0,1,1,1,1,8,8,1,2,2,2,2,4,0,0,2,4,2,51600
3,1948,3,57660,60,7,1,1997,8,1997,3,350,1,0,0,0,0,0,0,0,0,0,0,0,0,0,0,0,0,0,1,1,1,1,1,6,2,99999,5,5,5,1,5,1,1,5,5,5,5,5,5,1,5,4,1,4,1,1,2,2,2,2,2,2,1,1,2,1,2,2,2,2,2,1,2,1,2,1,99999,3,3,3,3,3,3,2,3,3,3,3,3,2,3,3,2,2,2,2,3,3,3,3,3,3,3,3,3,3,3,5,3,4,5,3,5,5,5,5,5,1,5,5,5,5,1,1,1,1,1,1,1,1,1,1,1,1,1,1,1,1,1,1,1,1,4,4,4,3,3,2,2,1,1,2,1,1,1,99,5,1,58740
3,2975,4,61080,360,3,4,1985,9,1997,1,25,2,3,4,3,3,4,4,4,4,4,2,4,1,1,1,1,1,1,1,1,1,1,1,6,2,99999,5,5,5,1,5,1,1,1,1,1,1,1,1,1,5,3,1,3,3,2,0,0,0,0,0,0,0,0,0,0,0,0,0,0,0,0,0,0,0,1,99999,3,3,3,3,3,1,3,3,3,3,3,3,3,3,2,2,2,2,2,2,3,3,3,3,3,3,3,3,2,3,5,5,5,5,4,5,5,3,5,5,1,1,5,1,5,1,1,1,1,1,1,1,1,1,1,1,1,1,1,1,1,1,1,1,1,4,4,4,3,3,1,1,1,2,1,2,2,1,5,4,1,62100
3,5892,6,64320,0,1,10,9997,10,1997,2,45,2,2,1,1,1,2,2,1,4,1,1,2,1,1,1,1,5,5,3,2,3,1,1,2,2,99999,5,5,5,1,5,1,5,5,5,5,5,5,5,1,5,6,6,6,1,1,4,5,3,5,3,5,1,1,4,2,2,1,1,2,1,1,1,1,1,2,65460,0,0,0,0,0,0,0,0,0,0,0,0,0,0,0,0,0,0,0,0,0,0,0,0,0,0,0,0,0,0,0,0,0,0,0,0,0,0,0,0,0,0,0,0,0,0,0,0,0,0,0,0,0,0,0,0,0,0,0,0,0,0,0,0,0,0,0,0,0,0,0,0,0,0,0,0,0,0,0,0,0,0
3,2531,3,56400,3,4,0,0,7,1997,4,0,2,1,4,4,4,4,4,4,4,4,4,4,5,5,5,5,5,5,8,1,1,1,1,1,1,56880,0,0,0,0,0,0,0,0,0,0,0,0,0,0,0,0,0,0,0,0,0,0,0,0,0,0,0,0,0,0,0,0,0,0,0,0,0,0,0,0,0,0,0,0,0,0,0,0,0,0,0,0,0,0,0,0,0,0,0,0,0,0,0,0,0,0,0,0,0,0,0,0,0,0,0,0,0,0,0,0,0,0,0,0,0,0,0,0,0,0,0,0,0,0,0,0,0,0,0,0,0,0,0,0,0,0,0,0,0,0,0,0,0,0,0,0,0,0,0,0,0,0,0
3,2531,4,56880,3,4,0,0,7,1997,4,0,2,1,4,4,4,4,4,4,4,4,4,4,5,5,5,5,5,5,1,1,1,1,1,1,1,57000,0,0,0,0,0,0,0,0,0,0,0,0,0,0,0,0,0,0,0,0,0,0,0,0,0,0,0,0,0,0,0,0,0,0,0,0,0,0,0,0,0,0,0,0,0,0,0,0,0,0,0,0,0,0,0,0,0,0,0,0,0,0,0,0,0,0,0,0,0,0,0,0,0,0,0,0,0,0,0,0,0,0,0,0,0,0,0,0,0,0,0,0,0,0,0,0,0,0,0,0,0,0,0,0,0,0,0,0,0,0,0,0,0,0,0,0,0,0,0,0,0,0,0
3,2225,3,58800,3,4,4,1989,4,1997,3,3,2,1,4,3,4,1,1,3,4,4,4,4,1,1,5,5,5,5,1,3,5,1,1,4,1,59400,0,0,0,0,0,0,0,0,0,0,0,0,0,0,0,0,0,0,0,0,0,0,0,0,0,0,0,0,0,0,0,0,0,0,0,0,0,0,0,0,0,0,0,0,0,0,0,0,0,0,0,0,0,0,0,0,0,0,0,0,0,0,0,0,0,0,0,0,0,0,0,0,0,0,0,0,0,0,0,0,0,0,0,0,0,0,0,0,0,0,0,0,0,0,0,0,0,0,0,0,0,0,0,0,0,0,0,0,0,0,0,0,0,0,0,0,0,0,0,0,0,0,0
3,5669,3,68400,5,2,11,1996,4,1997,1,320,2,3,1,1,1,2,2,1,4,4,1,1,1,5,1,1,1,1,5,5,5,4,1,7,2,99999,5,5,5,1,5,1,5,5,5,5,5,5,5,1,5,5,4,6,4,1,3,4,3,3,4,4,1,3,2,1,4,3,1,2,1,1,1,2,2,1,99999,2,3,3,3,3,3,3,3,3,3,3,3,2,2,3,2,3,3,3,2,3,3,3,3,3,3,3,3,2,2,3,5,3,4,3,5,4,3,4,4,1,1,1,1,5,1,3,1,3,3,1,1,3,1,1,2,3,3,1,0,1,1,1,1,1,4,4,4,3,2,1,2,2,2,2,2,2,2,3,4,1,69300
3,1004,3,34320,13,2,5,1989,6,1997,1,104,2,3,4,4,3,4,4,4,4,4,4,4,1,5,5,1,1,1,1,2,1,1,1,6,2,99999,5,5,5,1,5,1,1,5,5,5,1,5,5,1,9,3,4,6,3,1,4,4,2,4,4,4,1,1,2,1,1,1,1,2,2,2,1,1,1,1,99999,2,3,3,3,2,3,1,2,3,3,3,3,2,3,3,2,3,3,3,2,3,3,3,3,3,1,3,3,3,2,9,9,9,9,9,9,9,9,9,9,1,5,5,1,5,1,1,1,1,1,1,1,3,1,1,1,0,0,0,0,0,0,0,0,0,3,3,3,3,3,2,2,2,3,1,2,2,2,3,3,9,35640
3,2652,5,51000,10,1,10,1996,5,1997,1,200,2,2,2,2,2,2,2,3,4,4,2,3,1,5,5,1,1,5,2,2,3,2,3,3,2,99999,5,5,5,1,5,1,1,5,1,5,1,5,5,1,5,4,4,6,1,1,4,4,4,4,3,4,1,1,2,4,4,2,2,4,2,2,2,1,4,2,51900,0,0,0,0,0,0,0,0,0,0,0,0,0,0,0,0,0,0,0,0,0,0,0,0,0,0,0,0,0,0,0,0,0,0,0,0,0,0,0,0,0,0,0,0,0,0,0,0,0,0,0,0,0,0,0,0,0,0,0,0,0,0,0,0,0,0,0,0,0,0,0,0,0,0,0,0,0,0,0,0,0,0
3,660,3,69600,5,3,3,1989,4,1997,1,100,2,2,2,2,2,4,4,4,4,4,4,4,1,1,1,5,1,5,1,2,2,1,1,6,2,99999,5,5,5,1,5,5,5,5,5,5,5,5,5,1,5,3,1,3,3,1,3,5,2,3,5,3,1,1,2,1,2,1,1,3,3,1,1,1,2,1,99999,2,3,2,2,2,3,2,3,3,3,2,3,2,2,3,2,2,3,3,3,3,3,2,3,2,3,3,3,2,2,5,5,5,5,3,5,5,5,5,5,1,1,5,1,1,1,2,1,1,1,1,2,2,1,1,1,3,3,0,0,1,1,1,0,0,3,4,4,2,3,1,1,1,1,2,2,2,1,12,1,3,70800
3,5646,4,77700,10,3,1,1995,10,1997,1,96,1,0,0,0,0,0,0,0,0,0,0,0,0,0,0,0,0,0,1,2,1,1,1,2,2,99999,1,5,5,5,5,1,1,5,5,5,5,5,5,5,5,6,6,6,5,1,5,5,4,4,4,4,1,1,4,4,4,1,4,4,2,1,4,4,4,1,99999,1,2,2,2,2,3,1,3,3,3,3,3,2,3,3,3,1,2,3,2,3,3,3,3,1,3,2,3,3,2,4,5,3,5,2,4,4,5,4,4,1,5,5,8,5,1,1,1,1,1,1,1,1,1,1,1,1,0,1,1,1,0,0,1,3,4,4,4,2,3,2,2,1,2,2,3,8,8,2,5,1,80100
3,3503,4,65100,1,3,9,1989,10,1997,2,30,2,2,4,2,3,3,3,4,4,4,3,2,1,1,5,1,5,5,2,3,2,2,1,5,2,99999,5,5,5,1,5,1,1,1,1,5,1,5,5,1,5,4,1,4,3,1,2,3,2,2,3,2,1,1,1,1,2,1,1,2,1,1,1,1,1,1,99999,2,3,2,2,2,1,2,3,2,3,2,3,1,3,3,3,2,2,3,3,3,3,3,2,2,2,3,3,2,3,4,3,3,5,2,5,4,4,5,3,1,5,5,5,5,1,1,1,1,1,1,1,1,1,1,1,1,1,1,1,1,1,1,1,1,3,3,4,2,2,1,1,2,2,2,3,2,1,50,4,3,66900
3,1521,2,72840,5,1,9,1991,11,1997,1,156,2,3,4,2,2,1,1,2,2,1,1,1,1,1,1,5,1,9,1,3,1,1,1,7,2,99999,5,5,5,1,5,1,1,5,5,5,5,5,5,5,5,6,1,6,4,1,4,4,4,4,4,4,1,1,2,2,2,4,1,2,4,1,2,1,2,1,99999,1,3,1,2,2,3,3,3,3,3,3,3,2,3,3,3,3,3,3,3,3,3,2,3,2,3,3,3,2,2,5,5,5,5,4,5,4,5,5,4,1,1,5,5,5,1,1,1,1,1,1,1,1,1,1,1,3,0,0,0,0,0,0,0,0,4,4,4,3,3,2,2,1,2,1,2,2,2,3,1,1,73920
3,5771,2,74520,5,1,3,1992,11,1997,1,52,2,1,4,2,4,4,4,4,4,4,4,4,1,1,1,1,1,5,1,1,1,1,1,6,2,99999,5,5,5,1,5,1,1,5,5,5,5,5,5,1,9,4,4,4,3,1,3,5,2,3,3,3,1,2,2,1,2,2,1,2,1,1,1,1,1,1,99999,2,3,2,3,3,2,3,3,3,2,3,3,2,3,3,3,2,3,3,3,3,3,3,3,9,3,3,3,1,1,5,5,5,5,3,5,3,3,5,5,1,5,5,1,5,1,2,1,1,1,1,1,2,1,1,1,3,1,1,1,1,1,1,1,0,4,4,4,3,3,1,1,1,1,1,1,1,1,2,3,2,75780
3,5771,3,73140,5,1,3,1992,11,1997,1,52,2,1,4,2,4,4,4,4,4,4,4,4,1,1,1,1,1,5,1,1,1,1,1,8,2,99999,5,5,5,1,5,1,1,5,5,5,5,5,5,1,9,4,4,4,3,1,3,5,2,3,3,3,1,2,2,1,2,2,1,2,1,1,1,1,1,1,99999,1,3,1,2,3,2,2,3,2,2,3,3,2,3,3,2,2,3,2,3,3,3,3,3,9,3,3,3,3,3,5,5,5,5,5,5,4,5,5,5,1,5,5,1,5,1,2,1,1,1,1,1,2,1,1,1,3,1,1,1,1,1,1,1,0,4,4,4,3,3,1,1,1,1,1,1,1,1,3,4,2,74460
3,6150,2,75960,50,1,6,1997,9,1997,1,180,2,3,4,3,3,2,2,4,4,4,4,4,1,5,5,5,5,1,1,1,1,1,1,6,2,99999,1,5,5,5,5,1,1,5,5,5,5,1,5,1,5,4,4,6,1,1,4,4,4,4,4,4,1,1,3,4,1,1,1,4,2,2,2,1,2,1,99999,2,3,3,3,2,3,2,3,3,2,3,3,2,3,3,9,1,2,2,3,3,2,2,3,1,1,3,3,2,2,4,3,3,4,2,4,3,4,2,3,2,0,0,0,0,0,0,0,0,0,0,0,0,0,0,0,0,0,0,0,0,0,0,0,0,0,0,0,0,0,1,2,2,2,2,0,0,1,0,5,1,76920
3,3282,5,51300,1,1,4,1997,11,1997,1,999,2,3,3,4,4,4,4,4,4,4,4,4,1,5,5,5,5,5,1,1,1,1,1,6,2,99999,5,1,5,5,5,1,5,1,1,5,1,5,5,1,5,5,5,6,9,1,5,5,5,4,9,5,3,9,4,3,3,3,1,4,3,1,1,1,1,2,52800,0,0,0,0,0,0,0,0,0,0,0,0,0,0,0,0,0,0,0,0,0,0,0,0,0,0,0,0,0,0,0,0,0,0,0,0,0,0,0,0,0,0,0,0,0,0,0,0,0,0,0,0,0,0,0,0,0,0,0,0,0,0,0,0,0,0,0,0,0,0,0,0,0,0,0,0,0,0,0,0,0,0
3,3282,2,40800,7,1,11,1996,11,1997,1,52,2,3,4,4,4,4,4,4,4,4,4,4,1,1,1,5,5,5,1,1,1,2,1,6,2,99999,5,1,5,5,5,1,5,1,5,1,1,5,5,1,5,5,5,6,4,1,5,5,4,5,3,4,4,4,4,3,5,4,3,4,3,2,1,4,3,1,99999,1,3,2,3,3,2,2,3,3,3,3,3,2,3,2,2,3,3,2,3,2,3,3,3,3,3,3,3,2,3,5,5,5,5,5,5,5,5,5,5,1,5,1,5,5,1,1,1,2,1,1,1,2,1,1,1,1,1,1,1,1,1,1,1,0,4,4,4,3,3,1,1,1,1,1,1,1,1,10,2,1,42300
3,5054,2,42900,10,3,2,1997,9,1997,2,100,2,3,4,4,4,2,2,4,4,4,4,4,1,1,1,1,1,1,2,4,1,1,1,6,2,99999,5,5,5,1,5,1,1,5,1,1,5,5,5,1,5,4,4,4,3,1,2,3,2,2,2,2,1,1,2,9,2,1,1,2,1,2,1,1,1,1,99999,2,3,3,3,3,2,2,3,3,3,3,3,2,2,3,3,2,2,3,2,3,3,3,3,3,3,2,3,3,2,4,4,3,4,3,4,5,3,4,5,1,1,5,1,5,1,1,1,9,1,1,1,1,1,1,1,3,3,3,1,1,3,1,1,1,3,3,3,3,3,1,1,2,2,2,1,2,2,5,1,1,43920
3,3957,3,72000,20,4,6,1992,8,1997,1,0,2,1,4,1,1,1,4,2,4,4,4,4,1,5,5,5,5,5,5,5,1,5,1,2,1,72900,0,0,0,0,0,0,0,0,0,0,0,0,0,0,0,0,0,0,0,0,0,0,0,0,0,0,0,0,0,0,0,0,0,0,0,0,0,0,0,0,0,0,0,0,0,0,0,0,0,0,0,0,0,0,0,0,0,0,0,0,0,0,0,0,0,0,0,0,0,0,0,0,0,0,0,0,0,0,0,0,0,0,0,0,0,0,0,0,0,0,0,0,0,0,0,0,0,0,0,0,0,0,0,0,0,0,0,0,0,0,0,0,0,0,0,0,0,0,0,0,0,0,0
3,3957,4,72900,20,4,6,1992,8,1997,3,3,2,1,4,1,1,3,4,4,4,4,4,4,1,5,5,5,5,5,1,1,1,1,1,6,1,73620,0,0,0,0,0,0,0,0,0,0,0,0,0,0,0,0,0,0,0,0,0,0,0,0,0,0,0,0,0,0,0,0,0,0,0,0,0,0,0,0,0,0,0,0,0,0,0,0,0,0,0,0,0,0,0,0,0,0,0,0,0,0,0,0,0,0,0,0,0,0,0,0,0,0,0,0,0,0,0,0,0,0,0,0,0,0,0,0,0,0,0,0,0,0,0,0,0,0,0,0,0,0,0,0,0,0,0,0,0,0,0,0,0,0,0,0,0,0,0,0,0,0,0
3,2186,4,71700,10,7,8,1989,8,1997,1,83,1,0,0,0,0,0,0,0,0,0,0,0,0,0,0,0,0,0,1,1,1,1,1,8,2,99999,5,1,5,5,5,1,1,1,1,5,1,1,5,1,1,4,4,4,3,1,5,5,5,5,5,5,5,4,4,4,4,5,4,4,4,3,4,1,4,1,99999,1,3,3,2,1,3,3,3,3,3,3,3,3,2,3,3,3,2,3,3,3,3,3,3,2,2,3,3,2,2,5,4,4,4,5,5,5,5,5,5,1,1,5,1,5,1,2,2,3,1,1,3,3,1,1,1,1,3,1,1,1,3,1,1,3,4,4,4,3,3,1,1,1,2,1,1,1,3,4,3,1,73560
3,4411,2,73680,10,2,4,1997,4,1997,1,250,2,3,4,4,4,4,4,4,4,4,4,4,1,1,1,5,5,5,1,3,3,3,1,7,2,99999,5,5,5,1,5,5,5,1,5,5,5,5,5,1,1,6,3,6,6,1,5,5,3,5,3,4,2,3,2,2,2,4,2,2,5,1,3,4,2,1,99999,3,3,2,3,2,2,3,3,2,2,3,3,3,3,3,3,2,3,3,3,3,3,3,3,2,3,3,3,3,3,5,3,4,3,4,3,4,4,4,5,1,1,1,5,5,1,3,2,3,3,1,3,2,1,3,1,1,1,1,1,1,1,1,1,1,4,4,4,3,3,2,2,1,1,1,2,2,2,4,1,1,75240
3,851,3,58500,3,1,0,0,3,1997,1,270,2,2,4,1,1,1,1,4,4,4,4,4,1,5,5,5,5,1,1,1,1,1,1,6,2,99999,5,5,5,1,5,1,5,5,1,5,1,5,5,1,1,1,1,5,1,1,3,4,2,4,2,1,1,1,3,3,4,3,1,1,1,1,1,1,3,2,59400,0,0,0,0,0,0,0,0,0,0,0,0,0,0,0,0,0,0,0,0,0,0,0,0,0,0,0,0,0,0,0,0,0,0,0,0,0,0,0,0,0,0,0,0,0,0,0,0,0,0,0,0,0,0,0,0,0,0,0,0,0,0,0,0,0,0,0,0,0,0,0,0,0,0,0,0,0,0,0,0,0,0
3,3567,2,42300,285,3,8,1996,9,1997,3,240,2,1,4,2,1,4,4,4,4,2,4,4,1,1,5,5,5,1,3,4,3,4,1,98,2,99999,5,5,5,1,5,1,1,5,5,5,1,5,5,1,1,1,1,1,1,2,0,0,0,0,0,0,0,0,0,0,0,0,0,0,0,0,0,0,0,1,99999,1,2,3,3,3,1,3,3,1,2,2,1,2,3,3,2,2,2,1,2,2,2,2,2,1,3,2,9,2,1,3,2,4,2,3,2,4,3,2,5,1,1,1,1,5,1,1,1,3,1,1,3,3,1,1,1,3,1,1,1,1,1,1,1,3,3,4,4,2,2,1,1,2,0,0,2,0,2,4,3,1,43800
3,3567,3,61800,9998,3,8,1996,9,1997,3,998,2,1,4,2,1,4,4,4,4,2,4,4,1,1,5,5,5,1,2,3,3,3,1,98,2,99999,5,5,5,1,5,1,1,5,5,5,1,5,5,1,1,1,1,1,1,2,0,0,0,0,0,0,0,0,0,0,0,0,0,0,0,0,0,0,0,1,99999,1,2,2,3,3,2,2,3,2,2,2,2,3,3,2,2,1,2,2,2,3,2,2,2,2,3,3,3,2,2,4,3,4,4,3,3,4,2,3,4,2,0,0,0,0,0,0,0,0,0,0,0,0,0,0,0,0,0,0,0,0,0,0,0,0,0,0,0,0,0,1,1,2,2,2,2,2,2,4,3,1,81900
3,5875,2,58800,260,3,10,1995,9,1997,3,33,2,1,4,2,4,4,4,4,4,4,1,4,1,5,5,5,5,9,1,1,1,1,1,3,2,99999,5,5,5,1,5,1,5,1,5,5,5,5,5,1,5,2,1,2,1,1,2,2,2,2,2,2,1,1,2,2,2,1,1,1,1,1,1,1,2,1,99999,3,3,3,3,3,3,3,3,3,3,3,3,3,3,3,3,3,3,3,3,3,3,3,3,2,3,3,3,3,3,5,5,5,5,5,5,5,5,5,5,1,1,5,5,5,1,1,1,1,1,1,1,1,1,1,1,1,1,1,1,1,1,1,1,0,4,4,4,3,3,1,1,1,1,1,1,1,1,8,2,1,60000
3,5875,3,60000,260,3,10,1997,9,1997,3,33,2,1,4,4,4,4,4,4,4,4,2,4,1,5,5,5,5,5,1,3,1,1,1,3,2,99999,5,5,5,1,5,1,5,1,5,5,5,5,5,1,5,2,1,1,1,1,2,2,2,2,2,2,1,1,1,2,2,1,1,1,1,1,1,1,2,1,99999,1,3,3,3,3,3,3,3,3,3,3,3,3,3,3,3,3,3,3,3,3,3,3,2,2,3,3,3,3,3,5,5,5,5,5,5,5,5,5,5,1,5,5,5,5,1,1,1,1,1,1,1,1,1,1,1,1,1,1,1,1,1,1,1,0,4,4,4,3,3,1,1,1,1,1,1,1,1,5,2,1,60900
3,5416,2,69000,1,1,9,1995,6,1997,1,100,2,3,2,2,2,2,2,3,4,4,4,4,1,5,1,1,1,5,2,4,3,2,1,2,2,99999,1,5,5,5,5,1,1,5,5,1,1,1,5,1,5,6,5,6,1,1,5,5,4,5,5,5,3,4,4,5,4,5,4,4,4,3,3,3,3,1,99999,2,3,2,2,2,3,2,3,2,1,3,3,3,3,3,2,2,2,1,1,1,1,1,1,2,3,3,3,3,3,5,3,3,5,3,4,3,4,5,5,2,0,0,0,0,0,0,0,0,0,0,0,0,0,0,0,0,0,0,0,0,0,0,0,0,0,0,0,0,0,2,2,2,2,2,2,2,2,7,1,2,70440
3,5416,3,70440,1,1,9,1995,6,1995,1,25,2,3,1,1,1,2,2,3,4,4,4,4,1,9,1,1,1,5,3,2,2,2,1,2,2,99999,1,5,5,5,5,1,1,5,5,1,1,1,5,1,5,6,5,6,9,1,5,5,5,5,5,5,3,2,3,3,4,4,3,5,4,3,1,1,3,2,71040,0,0,0,0,0,0,0,0,0,0,0,0,0,0,0,0,0,0,0,0,0,0,0,0,0,0,0,0,0,0,0,0,0,0,0,0,0,0,0,0,0,0,0,0,0,0,0,0,0,0,0,0,0,0,0,0,0,0,0,0,0,0,0,0,0,0,0,0,0,0,0,0,0,0,0,0,0,0,0,0,0,0
3,291,2,36000,450,3,98,1994,2,1997,3,34,2,2,4,2,3,3,3,4,4,4,2,3,1,5,1,1,5,9,3,2,2,2,1,6,2,99999,5,5,5,1,5,1,1,5,5,5,5,5,5,5,5,2,2,3,1,2,0,0,0,0,0,0,0,0,0,0,0,0,0,0,0,0,0,0,0,1,99999,2,2,2,2,2,2,2,3,9,3,2,2,3,2,2,2,2,2,2,2,2,2,2,3,2,9,2,2,2,2,3,3,3,3,3,3,3,4,2,2,1,5,5,5,5,1,1,1,1,1,1,1,1,1,1,1,1,1,1,1,1,1,1,1,1,3,3,4,3,3,1,3,2,2,2,0,2,1,2,5,4,39900
3,2468,3,66420,30,3,11,1985,11,1997,1,26,2,2,4,3,3,3,3,4,4,4,4,4,1,5,5,1,1,5,2,2,1,1,1,2,2,99999,1,5,5,5,5,1,1,5,1,5,1,1,1,1,5,4,1,4,4,1,2,2,2,2,2,2,1,1,2,1,2,1,2,2,1,1,1,1,1,1,99999,3,3,3,3,3,3,1,2,3,3,3,3,2,2,3,3,3,2,3,3,3,3,3,3,2,3,3,3,3,3,5,5,4,5,3,5,4,5,5,5,1,5,5,1,5,1,1,1,1,1,1,1,1,1,1,1,1,1,1,0,1,1,1,1,0,4,4,4,3,3,1,1,1,2,2,1,1,1,4,4,3,67440
3,2468,4,65040,30,3,11,1985,11,1997,1,26,2,2,4,4,4,4,4,4,4,4,3,3,1,5,5,1,1,5,1,2,1,1,1,2,2,99999,1,5,5,5,5,1,1,5,1,5,1,1,1,1,5,4,1,4,4,1,2,2,2,2,2,2,1,1,2,1,2,1,1,2,1,1,2,1,1,1,99999,3,3,3,2,3,3,3,3,3,3,3,3,3,3,3,3,2,3,3,3,3,3,2,3,3,3,3,3,2,2,5,5,5,5,4,5,5,4,5,5,1,5,5,1,5,1,1,1,1,1,1,1,2,1,1,1,1,1,0,0,1,1,1,1,0,3,3,3,3,3,1,1,1,1,1,1,1,1,4,5,2,66360
3,3990,2,70800,120,2,7,1995,11,1997,1,60,2,2,3,3,3,3,3,3,4,4,3,4,1,1,1,1,1,5,2,1,1,2,1,5,2,99999,5,5,5,1,5,1,1,5,5,5,5,5,5,1,1,3,2,4,4,1,2,4,4,4,4,4,3,1,3,3,4,3,1,3,3,1,1,4,3,1,99999,3,3,3,3,3,3,2,3,3,3,3,3,3,3,3,3,3,2,3,3,3,3,3,3,3,3,3,3,2,1,3,5,3,5,4,5,5,5,5,5,1,1,5,1,5,1,1,1,1,1,2,1,1,1,1,1,0,0,0,0,0,0,0,0,3,4,4,4,3,3,1,2,2,2,2,1,2,2,98,5,1,72000
3,3990,3,72000,120,2,7,1995,11,1997,1,60,2,2,3,3,3,3,3,3,4,4,3,4,1,1,1,1,1,5,3,2,1,2,1,2,2,99999,5,5,5,1,5,1,1,5,5,5,5,5,5,1,1,3,2,4,4,1,2,4,4,4,4,4,3,1,3,3,4,3,1,3,3,1,1,2,3,1,99999,2,2,3,2,3,2,2,3,2,2,3,2,2,3,3,3,2,3,3,3,3,3,3,3,3,3,3,3,3,3,5,3,3,5,9,5,5,5,5,5,1,5,5,1,5,1,1,1,1,1,9,1,1,1,1,1,0,0,0,0,0,0,0,0,3,4,4,4,2,3,1,2,2,3,2,1,2,2,98,5,1,72900
3,2058,5,50820,11,2,12,1995,4,1997,2,0,2,2,4,4,4,4,4,4,4,4,4,4,1,5,5,5,5,5,8,1,5,1,5,6,1,51120,0,0,0,0,0,0,0,0,0,0,0,0,0,0,0,0,0,0,0,0,0,0,0,0,0,0,0,0,0,0,0,0,0,0,0,0,0,0,0,0,0,0,0,0,0,0,0,0,0,0,0,0,0,0,0,0,0,0,0,0,0,0,0,0,0,0,0,0,0,0,0,0,0,0,0,0,0,0,0,0,0,0,0,0,0,0,0,0,0,0,0,0,0,0,0,0,0,0,0,0,0,0,0,0,0,0,0,0,0,0,0,0,0,0,0,0,0,0,0,0,0,0,0
3,2586,2,63840,5,3,0,0,4,1997,4,0,2,2,4,4,4,4,4,4,4,4,3,3,1,1,5,1,1,1,1,1,1,1,1,6,1,64200,0,0,0,0,0,0,0,0,0,0,0,0,0,0,0,0,0,0,0,0,0,0,0,0,0,0,0,0,0,0,0,0,0,0,0,0,0,0,0,0,0,0,0,0,0,0,0,0,0,0,0,0,0,0,0,0,0,0,0,0,0,0,0,0,0,0,0,0,0,0,0,0,0,0,0,0,0,0,0,0,0,0,0,0,0,0,0,0,0,0,0,0,0,0,0,0,0,0,0,0,0,0,0,0,0,0,0,0,0,0,0,0,0,0,0,0,0,0,0,0,0,0,0
3,2182,3,42000,40,6,7,1991,5,1997,1,100,1,0,0,0,0,0,0,0,0,0,0,0,0,0,0,0,0,0,1,1,1,1,1,6,2,99999,5,5,5,1,5,1,1,5,1,1,1,5,1,1,5,3,3,3,1,1,2,2,2,2,2,2,1,2,2,1,1,2,2,2,3,1,2,1,2,1,99999,1,2,3,2,2,3,3,3,2,3,1,3,3,3,3,3,3,2,3,2,3,3,3,3,3,3,3,3,3,2,4,5,5,4,5,5,5,4,4,5,1,5,5,1,5,1,1,1,3,1,1,3,9,1,1,1,3,0,0,0,1,1,1,1,1,4,4,4,3,3,2,2,1,2,1,1,1,2,1,5,1,43800
3,2182,4,39900,40,6,7,1991,5,1997,1,100,1,0,0,0,0,0,0,0,0,0,0,0,0,0,0,0,0,0,1,1,1,1,1,6,2,99999,5,5,5,1,5,1,1,5,1,1,1,5,1,1,5,3,3,3,1,1,2,2,2,2,2,2,1,2,2,1,1,2,2,2,3,1,2,1,2,1,99999,2,2,3,3,2,3,2,2,3,3,3,2,3,2,2,3,3,3,3,2,2,3,2,3,3,2,3,3,2,2,4,5,3,3,5,4,5,4,4,3,1,1,1,1,5,1,1,1,3,1,1,3,3,1,1,1,3,0,0,0,1,1,1,1,1,4,4,4,3,3,1,2,1,2,1,1,1,2,2,5,1,42000
3,5448,6,75900,3,2,1,1995,6,1997,3,75,2,1,4,4,4,4,4,4,4,4,4,4,1,5,5,5,5,5,1,5,4,1,1,2,2,99999,5,5,5,1,5,1,1,5,1,1,1,5,1,5,5,3,3,4,1,1,2,2,2,2,1,2,1,1,2,1,1,2,1,2,1,2,1,1,1,1,99999,2,3,2,3,3,3,2,2,2,9,3,2,2,3,3,3,1,2,2,2,3,3,2,2,1,2,3,3,2,3,4,3,2,5,3,4,5,4,4,5,2,0,0,0,0,0,0,0,0,0,0,0,0,0,0,0,0,0,0,0,0,0,0,0,0,0,0,0,0,0,2,2,1,2,2,2,2,1,5,2,1,77100
3,5448,7,77100,3,3,0,0,6,1997,3,3,2,2,4,4,2,4,4,4,4,4,4,4,1,5,5,5,5,5,4,1,1,1,1,2,1,77400,0,0,0,0,0,0,0,0,0,0,0,0,0,0,0,0,0,0,0,0,0,0,0,0,0,0,0,0,0,0,0,0,0,0,0,0,0,0,0,0,0,0,0,0,0,0,0,0,0,0,0,0,0,0,0,0,0,0,0,0,0,0,0,0,0,0,0,0,0,0,0,0,0,0,0,0,0,0,0,0,0,0,0,0,0,0,0,0,0,0,0,0,0,0,0,0,0,0,0,0,0,0,0,0,0,0,0,0,0,0,0,0,0,0,0,0,0,0,0,0,0,0,0
3,5461,2,72300,60,3,6,1996,10,1997,2,180,2,2,3,3,3,1,1,3,4,4,1,4,1,5,5,1,1,5,1,1,1,1,1,2,2,99999,1,5,5,5,5,1,1,5,1,5,1,1,5,1,5,2,2,4,2,1,2,2,2,2,2,2,1,1,2,2,2,2,2,2,1,1,1,2,2,1,99999,2,3,3,3,3,2,3,3,2,3,3,3,3,3,3,3,3,2,3,3,3,3,3,3,3,3,3,3,2,2,2,5,5,5,2,5,5,5,5,5,1,5,5,5,5,1,1,1,1,1,1,1,1,1,1,1,3,3,1,1,1,1,1,1,1,4,4,4,2,3,1,1,2,2,1,2,2,2,6,3,1,36840
3,5461,3,36840,60,3,6,1996,10,1997,3,180,2,2,3,2,2,1,1,1,4,2,2,1,1,5,5,1,1,5,1,1,1,1,1,2,2,99999,1,5,5,5,5,1,1,1,1,5,1,1,5,1,5,4,1,4,1,1,2,2,2,2,2,2,1,1,2,2,2,1,2,2,1,2,1,2,2,1,99999,2,3,3,3,3,2,3,3,3,2,3,3,3,3,1,3,3,3,3,3,3,3,3,3,3,3,3,3,3,3,1,5,5,5,2,5,5,5,5,5,1,1,5,5,5,1,1,1,1,1,1,1,1,1,1,1,1,1,1,1,1,1,1,1,1,3,3,3,3,3,1,1,2,2,2,2,2,2,10,3,1,37800
3,3513,2,72300,3,3,0,0,4,1997,1,75,2,3,2,1,1,4,4,4,4,4,4,4,1,1,1,1,1,5,1,2,1,1,1,5,2,99999,5,5,5,1,5,1,1,1,5,5,1,1,5,1,5,4,1,4,4,1,3,4,2,4,4,4,2,2,3,2,4,2,2,2,1,2,1,3,2,1,99999,2,3,3,3,3,2,3,3,3,3,3,3,3,3,3,3,3,3,3,3,3,3,3,3,2,3,3,2,2,3,5,5,5,5,4,5,4,4,5,5,1,5,5,1,5,1,1,1,1,1,1,1,3,1,1,1,3,1,1,1,1,1,1,1,1,3,3,4,3,3,1,1,1,1,1,1,2,1,5,3,1,73200
3,1587,3,54600,40,1,1,1997,5,1997,1,365,2,3,4,4,3,4,4,4,4,2,4,3,1,1,1,1,5,5,1,1,1,1,1,4,2,99999,5,5,5,1,5,1,5,1,5,5,5,5,5,1,5,4,1,4,5,1,4,4,2,4,4,4,1,1,2,2,4,2,2,3,2,1,2,2,2,1,99999,2,3,3,3,2,3,3,3,3,3,3,3,2,3,3,3,3,3,3,3,3,3,3,3,3,3,3,3,3,3,5,5,3,5,3,5,5,5,5,5,1,1,1,1,5,1,2,1,2,2,1,2,3,2,1,1,3,1,1,1,1,1,1,1,1,4,4,4,3,3,1,1,1,2,1,1,1,3,15,2,1,56100
3,1402,4,74700,1.5,1,98,9998,4,1997,1,156,2,3,4,4,4,4,4,4,4,4,4,4,1,5,5,5,5,9,1,2,2,1,1,6,2,99999,5,5,5,1,5,5,1,5,5,1,5,5,5,1,1,5,3,6,3,1,4,2,2,4,4,4,1,1,3,4,3,1,1,1,1,1,1,2,2,1,99999,2,3,3,3,3,3,3,3,3,3,3,3,3,3,3,3,3,3,2,3,3,3,3,3,3,2,3,3,3,3,5,5,3,4,4,4,5,5,5,4,1,1,1,1,5,1,3,1,1,3,1,1,1,1,1,1,1,1,1,1,1,1,1,1,2,4,4,4,3,3,2,2,2,2,1,1,1,1,1,1,2,76620
3,2938,2,54180,230,3,3,1994,5,1997,3,20,2,1,4,4,4,4,4,4,4,4,4,4,1,5,1,5,5,5,1,1,2,1,1,6,2,99999,1,5,5,5,5,1,5,1,5,1,1,1,5,1,1,3,1,3,1,1,2,2,1,2,2,2,1,1,1,2,2,1,1,2,2,1,2,1,1,1,99999,3,3,3,3,3,3,3,3,3,3,3,3,3,3,3,3,3,3,3,3,3,3,3,3,3,3,3,3,3,3,5,2,4,5,4,5,5,5,5,5,2,0,0,0,0,0,0,0,0,0,0,0,0,0,0,0,0,0,0,0,0,0,0,0,0,0,0,0,0,0,1,1,2,1,1,1,1,1,1,1,1,55080
3,5264,3,36900,300,3,1,1993,10,1997,1,80,2,2,4,4,4,4,4,4,4,4,4,4,1,5,5,1,1,1,1,1,1,1,1,6,2,99999,5,5,5,1,5,1,1,5,5,5,5,5,5,1,5,4,1,6,3,1,2,3,2,4,4,2,1,1,1,1,3,1,1,1,1,1,1,1,1,1,99999,1,3,2,3,3,3,3,3,3,2,3,3,3,3,3,3,3,2,3,2,3,3,3,3,3,3,3,3,2,2,3,5,5,5,3,4,5,4,5,5,1,5,5,1,5,1,1,1,1,1,1,1,2,1,1,1,1,1,1,1,1,1,1,1,3,4,4,4,3,3,1,2,2,2,2,2,2,2,98,5,1,37800
3,1643,4,72000,8,2,10,1995,4,1997,1,45,2,2,4,4,4,4,4,4,4,4,4,4,1,5,5,5,5,5,1,2,3,2,1,6,2,99999,5,5,5,1,5,1,1,1,1,1,5,1,5,1,5,6,5,6,1,1,4,4,4,4,4,4,1,1,3,3,1,2,3,1,1,1,1,2,1,1,99999,2,3,2,3,2,2,2,3,3,3,3,3,2,3,3,2,2,2,2,3,3,3,2,3,2,2,3,3,3,3,5,3,4,5,3,5,4,5,4,5,1,5,1,1,5,1,1,1,1,1,1,3,2,2,1,1,2,1,1,1,1,1,1,1,1,3,3,3,3,3,2,2,2,2,2,2,2,2,5,4,2,72900
3,1643,3,70200,8,1,9,1995,4,1997,1,25,2,2,4,4,4,4,4,4,4,4,4,4,1,5,5,5,5,5,5,3,2,1,1,1,2,99999,5,5,5,1,5,1,1,1,1,1,5,1,5,1,5,5,5,6,5,1,4,4,4,4,4,4,1,1,1,1,1,1,1,1,1,1,1,1,1,1,99999,3,3,3,3,3,3,2,3,2,3,2,2,3,3,3,3,2,3,3,3,3,3,2,3,2,2,3,3,3,3,5,3,3,5,3,3,3,4,5,2,1,5,5,1,5,1,1,1,1,1,1,1,2,2,1,1,1,1,1,1,1,1,1,1,1,1,1,1,2,2,2,2,2,2,2,2,2,2,5,4,3,71100
3,5002,2,75600,10,1,1,1997,10,1997,1,365,2,2,2,2,2,3,2,2,4,2,2,4,1,5,1,1,1,5,2,5,1,3,1,2,2,99999,1,5,5,5,5,1,1,1,5,5,1,1,5,1,5,6,4,6,9,1,4,4,4,4,4,4,2,4,4,5,4,2,2,1,4,2,4,1,4,1,99999,1,3,1,3,2,1,1,1,3,2,3,3,2,9,3,9,2,2,2,1,2,3,2,2,2,2,2,3,9,2,3,3,2,4,1,4,2,2,2,1,2,0,0,0,0,0,0,0,0,0,0,0,0,0,0,0,0,0,0,0,0,0,0,0,0,0,0,0,0,0,2,2,1,2,3,0,2,3,0,9,1,77040
3,1298,3,74100,3000,3,3,1988,5,1997,3,20,2,2,4,4,4,4,4,4,4,4,4,4,1,1,1,1,1,5,1,1,1,1,1,7,2,99999,5,5,5,1,5,1,1,1,1,1,1,1,5,1,5,3,3,3,3,1,5,5,5,5,5,5,1,1,3,2,2,2,2,5,1,1,1,2,2,1,99999,3,3,3,3,3,3,3,3,3,3,3,3,3,3,3,3,3,3,3,3,3,3,3,3,2,3,3,3,3,3,5,4,3,5,3,4,4,4,4,4,1,1,5,1,5,1,1,1,1,1,1,1,1,1,1,1,3,1,1,1,1,1,1,1,3,4,4,4,3,3,1,1,1,1,1,2,2,1,2,3,1,75900
3,1061,2,43200,2700,4,6,1997,6,1997,2,50,2,1,4,3,4,3,4,4,4,4,3,4,1,1,1,1,1,1,1,1,2,1,1,6,2,99999,5,5,1,5,5,1,1,1,1,1,1,1,5,1,5,3,1,5,1,1,5,5,5,5,5,5,2,1,4,4,5,5,4,5,5,1,4,1,4,1,99999,2,3,2,3,2,3,3,3,3,3,3,3,2,2,3,2,3,2,2,2,3,3,2,3,2,3,3,3,2,2,4,5,5,4,4,5,4,4,5,4,1,1,5,1,5,1,1,1,1,1,1,1,1,1,1,1,3,3,0,1,1,0,1,1,9,4,4,4,3,3,1,1,2,2,1,1,1,1,4,3,1,45180
3,1061,3,45180,2700,4,6,1997,6,1997,2,50,2,1,4,3,4,3,4,4,4,4,3,4,1,1,1,1,1,1,4,3,2,2,1,8,2,99999,5,5,1,5,5,1,1,1,1,1,1,1,1,5,5,3,1,5,1,1,5,5,5,5,5,5,2,1,4,4,5,5,4,5,5,1,4,1,4,1,99999,1,3,1,2,2,2,3,3,2,2,3,2,2,2,2,2,1,1,1,2,2,2,3,2,1,3,2,3,2,2,3,3,3,4,3,3,3,2,4,3,1,1,5,1,5,1,1,1,1,1,1,1,1,1,1,1,3,3,0,1,1,0,1,1,9,4,4,4,3,3,1,3,2,2,1,1,1,1,2,5,1,45900
3,4226,3,53700,3,2,1,1993,11,1997,2,104,2,2,4,2,2,3,3,4,4,4,2,3,1,5,1,1,1,5,1,2,1,1,1,7,2,99999,5,5,5,1,5,1,1,1,1,1,5,1,1,1,5,4,3,4,3,1,3,4,2,2,2,2,1,2,2,1,2,2,2,1,2,1,1,2,1,1,99999,3,3,3,3,3,3,3,3,3,3,3,3,3,3,3,3,3,3,3,3,3,3,3,3,3,3,3,2,3,3,4,4,4,4,4,4,3,4,4,4,1,5,5,1,5,1,2,1,1,1,1,1,2,1,1,1,3,1,1,1,1,1,1,1,3,3,2,2,3,3,2,2,2,2,2,3,2,2,5,2,4,55380
3,2718,4,63900,4,1,0,0,6,1997,1,0,2,3,4,4,4,4,4,4,4,4,4,4,1,5,5,5,5,1,1,1,3,1,1,2,1,64200,0,0,0,0,0,0,0,0,0,0,0,0,0,0,0,0,0,0,0,0,0,0,0,0,0,0,0,0,0,0,0,0,0,0,0,0,0,0,0,0,0,0,0,0,0,0,0,0,0,0,0,0,0,0,0,0,0,0,0,0,0,0,0,0,0,0,0,0,0,0,0,0,0,0,0,0,0,0,0,0,0,0,0,0,0,0,0,0,0,0,0,0,0,0,0,0,0,0,0,0,0,0,0,0,0,0,0,0,0,0,0,0,0,0,0,0,0,0,0,0,0,0,0
3,4638,2,33900,4,1,5,1997,6,1997,1,300,2,3,4,4,4,4,4,4,4,4,4,4,1,5,1,1,1,5,1,1,1,1,1,6,2,99999,5,5,5,1,5,1,5,5,5,5,5,5,5,5,5,6,3,6,3,1,4,5,4,5,1,1,9,9,2,2,1,1,1,1,2,1,1,1,1,2,34320,0,0,0,0,0,0,0,0,0,0,0,0,0,0,0,0,0,0,0,0,0,0,0,0,0,0,0,0,0,0,0,0,0,0,0,0,0,0,0,0,0,0,0,0,0,0,0,0,0,0,0,0,0,0,0,0,0,0,0,0,0,0,0,0,0,0,0,0,0,0,0,0,0,0,0,0,0,0,0,0,0,0
3,4638,3,33000,4,7,5,1997,6,1997,1,285,1,0,0,0,0,0,0,0,0,0,0,0,0,0,0,0,0,0,1,5,1,1,1,6,2,99999,5,5,5,1,5,1,5,5,5,5,5,5,5,1,5,6,3,6,3,1,4,4,4,4,4,4,4,4,2,1,2,2,1,2,2,1,2,4,2,1,99999,1,3,3,3,3,3,3,3,3,3,3,3,2,3,3,8,3,2,3,3,3,3,1,3,3,3,3,2,3,3,5,5,5,5,2,4,5,5,5,5,1,1,1,1,5,1,3,1,1,1,1,1,2,1,3,1,3,1,1,1,1,1,1,1,1,4,4,4,2,2,2,2,1,2,2,1,1,1,3,2,1,33900
3,4574,3,74700,300,2,6,1993,9,1997,1,45,2,2,4,4,2,4,4,4,4,2,2,4,1,1,1,5,1,5,1,1,1,1,1,6,2,99999,5,5,5,1,5,1,1,5,1,5,5,5,5,1,5,3,1,4,3,2,0,0,0,0,0,0,0,0,0,0,0,0,0,0,0,0,0,0,0,1,99999,2,3,3,3,3,2,3,3,3,2,3,3,3,3,3,3,3,3,3,3,3,3,3,3,3,3,3,3,3,2,5,5,5,5,4,5,5,4,5,5,1,5,5,8,5,1,1,1,1,1,1,1,1,1,1,1,1,1,1,1,1,1,1,1,3,3,3,3,3,3,2,2,2,2,1,2,2,2,4,5,1,76500
3,4574,4,72900,300,2,6,1993,9,1997,1,45,2,2,4,4,2,4,4,4,4,2,2,4,1,1,1,5,1,5,1,1,1,1,1,6,2,99999,5,5,5,1,5,1,1,5,1,5,5,5,5,1,5,3,1,4,3,2,0,0,0,0,0,0,0,0,0,0,0,0,0,0,0,0,0,0,0,1,99999,3,3,3,2,3,3,3,3,3,2,3,3,3,3,3,3,3,3,3,3,3,3,3,3,3,3,3,3,3,3,4,3,4,5,4,4,4,4,4,4,1,5,5,8,5,1,1,1,1,1,1,1,1,1,1,1,1,1,1,1,1,1,1,1,3,3,3,3,2,3,1,2,2,2,2,2,2,2,4,5,1,74700
3,6131,2,33000,3,1,9,1994,12,1997,1,122,2,3,3,3,2,3,3,3,2,2,2,3,1,1,1,1,1,5,1,1,1,1,1,7,2,99999,1,5,5,5,5,1,5,5,5,1,5,1,5,1,5,4,2,6,5,1,4,4,4,4,4,4,2,2,2,2,3,4,4,4,3,2,2,3,3,1,99999,3,3,3,3,3,3,3,3,3,3,3,3,3,3,3,2,3,3,3,3,3,3,3,3,2,3,3,3,3,3,5,4,4,5,4,4,4,4,5,5,1,1,1,1,5,1,3,1,3,1,1,1,3,3,2,1,3,1,1,1,1,1,1,1,1,3,4,4,3,3,1,3,1,1,1,0,1,1,4,3,1,33900
3,2153,3,72060,30,2,98,1989,4,1997,3,59,2,1,4,4,4,4,4,4,4,4,4,4,1,1,5,1,5,8,1,1,3,1,1,2,2,99999,5,5,5,1,5,1,1,5,5,5,5,5,5,5,5,5,1,5,1,1,3,3,1,3,3,3,1,1,3,3,3,1,1,3,1,1,3,3,1,1,99999,3,3,3,3,3,3,2,2,3,3,2,3,3,3,2,3,3,2,2,3,3,3,2,3,3,2,3,3,3,3,5,4,5,5,4,5,5,4,5,5,1,5,5,1,5,1,1,1,1,1,1,1,2,1,1,1,3,3,1,1,1,0,0,1,1,1,4,4,3,3,1,1,1,1,1,3,1,1,98,5,1,73200
3,1715,4,31800,1.8,2,2,1996,4,1997,2,3,2,2,4,4,4,4,4,3,4,4,4,4,1,5,5,5,1,5,1,2,1,1,1,7,1,32640,0,0,0,0,0,0,0,0,0,0,0,0,0,0,0,0,0,0,0,0,0,0,0,0,0,0,0,0,0,0,0,0,0,0,0,0,0,0,0,0,0,0,0,0,0,0,0,0,0,0,0,0,0,0,0,0,0,0,0,0,0,0,0,0,0,0,0,0,0,0,0,0,0,0,0,0,0,0,0,0,0,0,0,0,0,0,0,0,0,0,0,0,0,0,0,0,0,0,0,0,0,0,0,0,0,0,0,0,0,0,0,0,0,0,0,0,0,0,0,0,0,0,0
3,4152,5,32400,1,1,1,1994,6,1997,1,200,2,3,4,4,2,2,2,4,4,4,4,4,1,5,1,1,1,5,1,1,1,1,1,6,2,99999,5,5,5,1,5,1,1,5,5,1,5,5,5,1,5,5,1,5,5,1,4,4,4,4,4,4,1,1,4,4,3,1,3,3,3,1,3,3,3,1,99999,3,3,3,3,3,3,3,3,3,3,3,3,3,3,3,3,3,3,3,3,3,3,3,3,3,3,3,3,3,3,5,4,4,5,4,5,5,5,5,5,2,0,0,0,0,0,0,0,0,0,0,0,0,0,0,0,0,0,0,0,0,0,0,0,0,0,0,0,0,0,1,1,1,1,1,2,1,1,5,4,1,33600
3,4838,5,71400,2000,4,0,0,5,1996,6,4,1,0,0,0,0,0,0,0,0,0,0,0,0,0,0,0,0,0,1,2,2,1,1,6,1,71520,0,0,0,0,0,0,0,0,0,0,0,0,0,0,0,0,0,0,0,0,0,0,0,0,0,0,0,0,0,0,0,0,0,0,0,0,0,0,0,0,0,0,0,0,0,0,0,0,0,0,0,0,0,0,0,0,0,0,0,0,0,0,0,0,0,0,0,0,0,0,0,0,0,0,0,0,0,0,0,0,0,0,0,0,0,0,0,0,0,0,0,0,0,0,0,0,0,0,0,0,0,0,0,0,0,0,0,0,0,0,0,0,0,0,0,0,0,0,0,0,0,0,0
3,4385,4,73800,0,1,11,1997,11,1997,1,90,2,3,4,4,4,4,4,4,4,4,4,4,1,5,5,5,5,9,1,1,1,1,1,8,2,99999,5,5,5,1,5,1,1,1,5,5,1,5,5,5,9,6,1,6,1,1,5,5,5,5,5,5,1,1,4,5,4,5,4,4,3,1,1,1,4,2,75000,0,0,0,0,0,0,0,0,0,0,0,0,0,0,0,0,0,0,0,0,0,0,0,0,0,0,0,0,0,0,0,0,0,0,0,0,0,0,0,0,0,0,0,0,0,0,0,0,0,0,0,0,0,0,0,0,0,0,0,0,0,0,0,0,0,0,0,0,0,0,0,0,0,0,0,0,0,0,0,0,0,0
3,2126,3,71760,3,1,11,1995,6,1997,1,150,2,3,2,2,2,2,2,3,3,1,2,1,1,1,5,5,1,5,1,4,5,2,1,6,2,99999,5,5,5,1,5,1,1,5,1,5,1,5,5,1,5,6,3,6,6,1,4,4,4,4,3,4,4,4,4,3,2,4,2,4,3,2,2,2,2,1,99999,3,3,3,3,3,2,3,3,3,3,3,3,3,3,3,3,3,2,1,3,3,3,3,3,3,3,3,3,3,3,5,5,5,5,4,5,5,4,5,5,1,1,1,1,5,1,3,1,2,1,1,2,3,2,1,1,3,1,3,0,1,1,1,1,1,4,4,4,3,3,1,1,1,1,3,2,1,2,10,1,1,72960
3,2126,4,72960,3,1,11,1995,6,1997,1,150,2,3,2,2,2,2,2,3,3,1,2,1,1,1,5,5,1,5,1,2,5,4,1,6,2,99999,5,5,5,1,5,1,1,5,1,5,1,5,5,1,5,5,2,6,6,1,4,4,4,4,4,4,2,2,4,4,4,4,4,4,3,2,2,2,2,1,99999,3,3,3,3,3,1,3,3,3,3,3,3,3,3,3,3,1,1,1,3,3,3,3,3,1,3,3,3,3,3,5,5,5,5,5,3,3,3,5,5,1,1,1,1,5,1,3,2,2,1,1,2,3,2,1,1,3,1,3,0,1,1,1,1,1,4,4,4,3,3,1,1,1,1,2,2,2,3,6,1,1,73740
3,4285,4,67200,1,1,8,1996,5,1997,1,60,2,1,4,4,4,4,4,4,4,4,4,4,1,5,1,5,5,5,1,2,1,1,1,2,2,99999,5,5,5,1,5,5,5,1,5,1,1,5,5,1,1,3,6,5,1,1,4,4,3,4,4,3,2,1,2,4,1,1,1,2,1,2,1,1,2,1,99999,3,3,3,2,3,3,3,3,3,2,3,3,3,3,3,3,1,2,2,3,3,3,3,3,3,3,3,3,3,3,5,4,5,5,3,5,5,5,5,4,1,5,5,5,5,1,1,1,1,1,1,1,1,1,1,1,3,1,1,1,1,1,1,1,1,4,4,4,3,3,3,2,1,3,1,3,2,2,3,5,1,69240
3,137,2,66600,15,2,5,1996,10,1997,1,105,2,2,2,2,3,3,3,2,4,4,4,4,1,5,1,5,1,5,3,3,5,2,1,6,2,99999,5,5,5,1,5,5,1,5,5,1,5,1,5,1,9,4,4,6,4,1,4,4,2,3,4,3,3,2,2,3,3,2,2,3,2,2,2,3,3,1,99999,2,2,2,3,3,2,3,3,3,2,3,3,2,2,2,3,3,3,2,3,2,3,3,2,2,2,2,2,2,1,4,3,2,3,1,4,3,2,4,4,1,1,5,1,5,1,1,1,1,1,1,1,1,1,1,1,3,3,1,0,1,1,1,1,3,4,4,4,3,3,1,1,1,2,2,1,1,1,6,3,1,67500
3,137,3,67500,15,2,5,1996,10,1997,1,105,2,2,2,2,3,3,3,2,4,4,4,4,1,5,1,5,1,5,4,3,4,2,1,6,2,99999,5,5,5,1,5,5,1,5,5,1,5,1,5,1,5,4,4,6,4,1,4,4,3,3,4,3,1,1,2,3,3,2,3,4,1,2,2,1,3,1,99999,1,3,2,3,3,2,2,3,2,2,2,2,2,2,2,3,2,1,1,2,2,2,3,2,2,3,2,2,2,2,4,3,2,5,3,4,2,2,4,5,1,5,5,1,5,1,1,1,1,1,1,1,1,1,1,1,3,3,1,0,1,1,1,1,3,2,2,4,3,3,1,1,1,1,2,1,2,1,4,4,1,68400
3,5359,3,57000,5,4,11,1996,2,1996,3,20,2,2,4,3,2,4,4,2,1,1,4,3,1,5,5,5,5,5,1,1,2,1,1,2,2,99999,5,5,5,1,5,1,1,5,5,5,5,5,5,1,5,2,1,3,1,1,2,2,2,2,2,2,1,1,2,2,1,1,1,2,1,1,1,1,1,1,99999,2,3,2,3,3,3,3,3,3,3,3,2,2,3,2,3,2,3,3,3,3,3,2,3,2,3,3,3,3,3,3,3,2,4,3,3,4,4,2,4,2,0,0,0,0,0,0,0,0,0,0,0,0,0,0,0,0,0,0,0,0,0,0,0,0,0,0,0,0,0,1,2,2,2,2,2,2,2,2,1,2,57600
3,5579,3,34800,2,2,6,1993,9,1997,3,15,2,2,3,1,1,3,3,4,4,2,3,3,1,5,5,1,5,5,1,1,1,1,1,2,2,99999,5,5,5,1,5,5,5,5,5,5,1,5,5,1,5,4,1,4,1,1,3,3,3,3,3,2,1,1,2,2,1,1,1,1,1,1,1,1,1,1,99999,2,3,2,2,3,3,3,3,3,3,1,3,2,3,3,3,2,3,2,3,3,3,3,2,2,3,3,3,3,3,5,4,3,5,3,4,4,4,5,5,2,0,0,0,0,0,0,0,0,0,0,0,0,0,0,0,0,0,0,0,0,0,0,0,0,0,0,0,0,0,1,2,2,2,2,2,2,1,2,1,2,36600
3,5359,5,57780,5,4,11,1996,2,1996,3,20,2,2,4,3,3,4,4,2,1,1,4,3,1,5,5,5,5,5,1,1,2,1,1,2,2,99999,5,5,5,1,5,1,1,5,5,5,5,5,5,1,5,2,1,3,1,1,2,2,2,2,1,1,1,1,2,1,1,1,1,1,1,1,1,1,1,2,58680,0,0,0,0,0,0,0,0,0,0,0,0,0,0,0,0,0,0,0,0,0,0,0,0,0,0,0,0,0,0,0,0,0,0,0,0,0,0,0,0,0,0,0,0,0,0,0,0,0,0,0,0,0,0,0,0,0,0,0,0,0,0,0,0,0,0,0,0,0,0,0,0,0,0,0,0,0,0,0,0,0,0
3,5153,4,68880,16,4,98,9998,11,1997,2,104,2,1,4,3,4,4,4,4,4,4,4,3,1,5,1,1,1,5,1,1,1,1,1,6,2,99999,5,5,5,1,5,1,1,5,5,1,5,5,1,1,5,5,3,5,1,1,3,3,3,3,3,3,1,3,2,1,2,3,1,3,3,1,1,3,1,1,99999,3,3,3,3,3,3,3,3,3,3,3,3,3,3,3,3,3,3,3,3,3,3,3,3,3,3,3,3,2,3,3,5,4,3,3,3,4,4,2,2,1,5,5,1,5,1,1,1,1,1,1,1,1,1,1,1,0,0,0,0,0,0,0,0,3,4,3,3,3,3,1,2,2,2,2,2,1,2,3,1,1,70320
3,1107,3,72300,10,2,1,1990,3,1997,1,75,2,3,3,4,3,3,3,4,4,4,3,3,1,1,1,1,1,1,1,2,1,1,1,6,2,99999,5,5,5,1,5,1,5,5,5,5,5,5,1,1,5,4,1,4,3,1,4,4,2,2,2,2,1,1,2,1,2,2,1,2,2,2,2,1,1,1,99999,3,3,3,2,3,3,3,3,3,3,3,3,3,3,3,3,3,3,3,3,3,3,3,3,3,3,3,3,3,3,5,3,5,3,5,5,4,4,5,4,1,1,5,1,5,1,2,1,1,1,1,1,2,1,1,1,3,1,1,1,1,1,1,1,1,4,3,3,3,3,1,2,1,1,1,1,1,1,4,4,1,73500
3,590,3,49740,5,1,3,1995,3,1997,3,78,2,1,4,2,2,4,3,3,4,4,4,4,1,5,5,5,5,5,1,5,5,1,1,6,2,99999,5,5,5,1,5,1,5,1,5,5,1,5,5,1,5,4,2,4,1,1,2,2,2,2,2,2,1,2,2,2,2,1,1,1,1,1,1,1,2,1,99999,2,3,3,2,3,2,3,3,3,2,3,3,3,3,3,3,3,3,1,3,3,3,2,3,2,3,3,3,8,3,5,4,5,5,3,5,3,4,5,5,2,0,0,0,0,0,0,0,0,0,0,0,0,0,0,0,0,0,0,0,0,0,0,0,0,0,0,0,0,0,3,3,2,2,3,0,2,2,5,4,1,50820
3,2704,2,50100,5,3,7,1991,11,1997,1,100,2,3,4,4,2,4,4,4,4,4,4,4,1,5,1,1,1,5,1,3,1,2,1,6,2,99999,5,5,5,1,5,5,5,5,5,5,5,5,5,1,1,3,2,3,4,1,4,4,2,4,2,4,1,1,4,2,4,2,1,2,2,1,2,2,1,1,99999,1,1,2,1,3,1,3,3,2,2,2,2,2,3,2,2,2,2,3,3,2,3,1,3,2,2,3,3,1,1,5,5,5,5,3,3,5,5,2,5,1,5,5,1,5,1,1,1,1,1,1,1,1,1,1,1,0,1,1,0,1,1,1,1,0,3,3,3,3,3,2,2,1,1,1,2,2,1,6,4,1,51180
3,1469,3,38700,9998,7,98,1989,12,1994,6,0,1,0,0,0,0,0,0,0,0,0,0,0,0,0,0,0,0,0,2,2,2,2,2,98,1,39000,0,0,0,0,0,0,0,0,0,0,0,0,0,0,0,0,0,0,0,0,0,0,0,0,0,0,0,0,0,0,0,0,0,0,0,0,0,0,0,0,0,0,0,0,0,0,0,0,0,0,0,0,0,0,0,0,0,0,0,0,0,0,0,0,0,0,0,0,0,0,0,0,0,0,0,0,0,0,0,0,0,0,0,0,0,0,0,0,0,0,0,0,0,0,0,0,0,0,0,0,0,0,0,0,0,0,0,0,0,0,0,0,0,0,0,0,0,0,0,0,0,0,0
3,2752,2,71400,5,1,2,1996,3,1997,1,40,2,3,4,2,2,2,2,4,4,4,4,4,1,1,1,1,1,5,1,1,2,1,1,8,2,99999,1,5,5,5,5,1,5,1,1,5,1,1,1,1,5,4,4,4,4,1,3,3,3,3,3,3,3,1,3,1,2,2,1,2,2,1,3,1,2,1,99999,3,2,2,2,2,3,3,3,3,3,3,2,3,2,2,2,2,3,3,2,3,3,2,3,1,3,2,3,2,2,5,4,4,5,3,3,3,4,4,4,1,1,5,1,5,1,2,1,3,1,1,2,3,1,1,1,3,1,1,1,1,1,1,1,1,3,4,3,3,3,1,2,1,2,1,1,1,1,2,1,2,73800
3,5558,3,76020,1,1,2,1994,11,1997,1,999,2,2,4,3,3,4,4,4,4,4,4,3,1,1,1,1,1,1,1,1,1,1,1,4,2,99999,1,1,5,5,5,1,1,1,1,1,1,1,5,1,1,6,4,6,4,1,5,5,4,4,4,4,3,2,2,4,2,4,2,4,4,2,2,2,4,2,76680,0,0,0,0,0,0,0,0,0,0,0,0,0,0,0,0,0,0,0,0,0,0,0,0,0,0,0,0,0,0,0,0,0,0,0,0,0,0,0,0,0,0,0,0,0,0,0,0,0,0,0,0,0,0,0,0,0,0,0,0,0,0,0,0,0,0,0,0,0,0,0,0,0,0,0,0,0,0,0,0,0,0
3,4764,2,72420,9998,5,0,0,8,1996,6,2,1,0,0,0,0,0,0,0,0,0,0,0,0,0,0,0,0,0,2,1,1,1,1,6,1,72720,0,0,0,0,0,0,0,0,0,0,0,0,0,0,0,0,0,0,0,0,0,0,0,0,0,0,0,0,0,0,0,0,0,0,0,0,0,0,0,0,0,0,0,0,0,0,0,0,0,0,0,0,0,0,0,0,0,0,0,0,0,0,0,0,0,0,0,0,0,0,0,0,0,0,0,0,0,0,0,0,0,0,0,0,0,0,0,0,0,0,0,0,0,0,0,0,0,0,0,0,0,0,0,0,0,0,0,0,0,0,0,0,0,0,0,0,0,0,0,0,0,0,0
3,4764,3,72240,11,1,98,1995,6,1997,1,100,2,3,4,4,4,4,2,1,4,3,4,1,1,5,5,5,5,5,1,1,1,1,1,7,2,99999,1,5,5,5,5,5,5,5,5,1,1,1,1,1,5,5,5,6,1,1,4,4,4,4,4,4,2,1,4,4,4,3,2,4,4,4,1,1,3,1,99999,3,2,2,3,2,3,3,3,3,3,3,3,2,3,3,3,2,2,2,3,3,3,3,2,2,3,3,3,3,3,5,5,3,5,5,5,4,5,5,5,2,0,0,0,0,0,0,0,0,0,0,0,0,0,0,0,0,0,0,0,0,0,0,0,0,0,0,0,0,0,1,1,1,1,1,3,2,1,12,1,1,73380
3,4762,4,72000,1,3,9,1985,10,1997,1,120,2,3,4,4,4,4,3,3,4,4,3,4,1,5,1,1,1,5,1,2,2,1,1,6,2,99999,5,5,5,1,5,1,1,1,1,1,1,1,1,1,5,4,4,4,4,1,4,4,2,2,5,2,2,2,2,2,2,2,2,2,2,1,2,2,2,1,99999,3,3,3,3,3,3,3,3,3,2,3,3,3,3,3,2,2,3,3,3,3,3,3,3,2,3,3,3,3,3,5,5,4,4,4,5,4,5,5,5,1,1,1,1,5,1,1,1,3,3,1,1,3,1,1,1,3,1,1,1,1,1,1,1,1,4,4,4,3,3,1,1,1,1,1,2,2,1,6,1,1,72900
3,3660,2,62100,35,6,0,0,0,0,0,0,1,0,0,0,0,0,0,0,0,0,0,0,0,0,0,0,0,0,8,8,5,5,5,2,1,62700,0,0,0,0,0,0,0,0,0,0,0,0,0,0,0,0,0,0,0,0,0,0,0,0,0,0,0,0,0,0,0,0,0,0,0,0,0,0,0,0,0,0,0,0,0,0,0,0,0,0,0,0,0,0,0,0,0,0,0,0,0,0,0,0,0,0,0,0,0,0,0,0,0,0,0,0,0,0,0,0,0,0,0,0,0,0,0,0,0,0,0,0,0,0,0,0,0,0,0,0,0,0,0,0,0,0,0,0,0,0,0,0,0,0,0,0,0,0,0,0,0,0,0
3,1950,3,57600,7,1,2,1994,9,1997,1,60,2,2,4,4,3,4,4,4,4,4,4,4,1,5,5,1,1,1,2,2,1,1,1,5,2,99999,5,5,5,1,5,1,1,5,5,5,1,5,5,1,5,5,1,5,4,1,2,2,2,2,2,2,1,1,2,1,2,2,1,2,2,2,1,2,2,1,99999,2,3,3,3,2,3,3,2,2,3,3,2,3,3,3,1,3,2,3,2,3,3,3,3,3,3,3,3,3,3,4,2,3,2,3,4,4,2,4,3,1,5,5,5,5,1,1,1,1,1,1,1,1,1,1,1,3,1,1,1,1,1,1,1,1,4,4,4,3,3,2,2,1,2,2,3,2,2,4,1,1,58800
3,619,2,64800,1,1,6,1996,6,1997,1,165,2,3,4,4,3,4,3,4,4,4,3,4,1,5,5,1,5,5,2,1,2,1,1,6,2,99999,5,5,5,1,5,1,1,5,5,5,1,5,5,1,5,5,4,5,2,1,4,3,3,4,4,4,1,1,2,3,1,1,2,3,2,1,1,9,1,2,65700,0,0,0,0,0,0,0,0,0,0,0,0,0,0,0,0,0,0,0,0,0,0,0,0,0,0,0,0,0,0,0,0,0,0,0,0,0,0,0,0,0,0,0,0,0,0,0,0,0,0,0,0,0,0,0,0,0,0,0,0,0,0,0,0,0,0,0,0,0,0,0,0,0,0,0,0,0,0,0,0,0,0
3,5064,4,48000,10,4,98,1990,5,1997,4,0,2,3,4,4,2,4,4,4,4,4,4,4,5,5,5,5,5,5,3,1,1,1,1,2,1,48600,0,0,0,0,0,0,0,0,0,0,0,0,0,0,0,0,0,0,0,0,0,0,0,0,0,0,0,0,0,0,0,0,0,0,0,0,0,0,0,0,0,0,0,0,0,0,0,0,0,0,0,0,0,0,0,0,0,0,0,0,0,0,0,0,0,0,0,0,0,0,0,0,0,0,0,0,0,0,0,0,0,0,0,0,0,0,0,0,0,0,0,0,0,0,0,0,0,0,0,0,0,0,0,0,0,0,0,0,0,0,0,0,0,0,0,0,0,0,0,0,0,0,0
3,1790,3,53700,3,1,0,0,10,1997,1,165,2,3,4,4,4,4,4,4,4,4,4,4,1,5,1,5,5,5,1,1,5,1,1,2,2,99999,5,5,5,1,5,1,5,5,1,5,5,5,5,5,5,4,2,6,5,1,4,5,4,4,2,4,1,1,3,2,1,1,2,3,1,3,3,1,1,1,99999,2,3,3,2,3,2,3,3,3,2,3,3,2,3,3,3,1,2,3,3,3,3,2,2,2,3,3,3,3,3,5,1,1,5,1,5,5,5,5,5,2,0,0,0,0,0,0,0,0,0,0,0,0,0,0,0,0,0,0,0,0,0,0,0,0,0,0,0,0,0,1,1,1,1,0,1,1,1,1,1,1,55200
3,2951,4,40500,30,2,10,1994,4,1997,1,330,2,3,2,2,1,4,4,2,4,4,1,2,1,5,1,1,5,5,2,4,4,1,1,6,2,99999,5,5,5,1,5,1,1,1,1,5,1,5,1,5,5,6,5,6,6,1,5,5,5,5,5,5,4,4,4,4,4,4,4,4,4,3,4,1,4,1,99999,1,3,3,3,1,3,3,3,3,3,3,3,3,3,3,3,1,3,3,3,3,3,3,3,1,3,3,3,2,3,5,5,4,5,5,5,5,5,5,5,2,0,0,0,0,0,0,0,0,0,0,0,0,0,0,0,0,0,0,0,0,0,0,0,0,0,0,0,0,0,1,1,1,1,2,1,1,2,9,2,1,42300
3,1790,4,52620,3,1,0,0,10,1997,1,120,2,3,4,4,4,4,4,4,4,4,4,4,1,5,5,5,5,5,1,1,5,1,1,2,2,99999,5,5,5,1,5,1,5,5,1,5,5,5,5,5,5,4,2,6,5,1,4,5,4,4,2,4,1,1,3,2,1,1,2,3,1,3,3,1,1,1,99999,2,3,3,3,3,3,3,3,9,2,3,3,3,3,3,3,1,2,2,3,3,3,2,2,2,3,3,3,3,3,5,1,1,5,1,5,5,5,5,5,2,0,0,0,0,0,0,0,0,0,0,0,0,0,0,0,0,0,0,0,0,0,0,0,0,0,0,0,0,0,1,1,1,1,0,1,1,1,0,5,1,53700
3,148,4,78360,258,7,7,1989,9,1997,2,40,1,0,0,0,0,0,0,0,0,0,0,0,0,0,0,0,0,0,3,4,4,2,1,6,2,99999,5,5,5,1,5,1,1,1,5,1,5,5,5,1,5,4,4,4,4,1,2,2,2,2,2,2,1,2,2,1,2,2,2,2,2,2,2,1,2,1,99999,1,3,2,2,2,2,2,2,2,2,2,3,2,3,3,3,2,2,3,3,3,3,2,2,3,3,3,3,3,3,4,4,4,3,2,4,3,3,3,3,2,0,0,0,0,0,0,0,0,0,0,0,0,0,0,0,0,0,0,0,0,0,0,0,0,0,0,0,0,0,3,2,3,3,3,2,2,2,2,3,1,79260
3,4025,2,70200,30,1,10,1994,6,1997,3,30,2,3,3,3,3,3,3,1,4,4,4,4,1,1,1,1,1,1,1,1,1,1,1,6,2,99999,5,5,5,1,5,1,5,5,5,5,1,5,5,1,1,4,3,5,5,1,3,3,3,3,3,3,2,2,2,1,2,2,1,2,1,2,2,2,1,1,99999,2,3,3,2,3,1,3,3,3,2,2,3,3,3,3,3,3,2,3,3,3,3,3,3,3,3,2,2,2,2,5,3,5,5,4,4,4,5,5,5,1,5,5,5,5,1,2,1,2,1,1,1,1,1,2,1,1,1,1,1,1,1,1,1,0,4,4,4,2,2,2,3,2,2,2,2,1,2,5,2,3,72600
3,3807,4,65100,20,2,0,0,9,1997,2,2,2,2,3,2,4,3,3,4,4,4,4,4,1,5,5,1,1,5,1,2,2,1,1,6,1,66000,0,0,0,0,0,0,0,0,0,0,0,0,0,0,0,0,0,0,0,0,0,0,0,0,0,0,0,0,0,0,0,0,0,0,0,0,0,0,0,0,0,0,0,0,0,0,0,0,0,0,0,0,0,0,0,0,0,0,0,0,0,0,0,0,0,0,0,0,0,0,0,0,0,0,0,0,0,0,0,0,0,0,0,0,0,0,0,0,0,0,0,0,0,0,0,0,0,0,0,0,0,0,0,0,0,0,0,0,0,0,0,0,0,0,0,0,0,0,0,0,0,0,0
3,4025,4,72600,30,1,10,1994,6,1997,3,30,2,3,3,3,3,3,3,1,4,4,4,4,1,1,1,1,1,1,1,1,1,1,1,6,2,99999,5,5,5,1,5,1,5,5,5,5,1,5,5,1,1,4,3,5,5,1,3,3,3,3,3,3,2,2,2,1,2,2,1,2,1,2,2,2,1,1,99999,2,3,3,2,3,2,3,3,3,2,2,3,3,3,3,3,3,2,3,3,3,3,3,3,3,3,3,3,2,2,5,3,5,5,5,5,4,5,5,5,1,5,5,5,5,1,2,1,2,1,1,1,1,1,2,1,1,1,1,1,1,1,1,1,0,4,4,4,3,3,1,3,2,1,1,2,1,2,3,2,3,74400
3,3417,4,68400,150,5,99,1992,7,1997,3,0,1,0,0,0,0,0,0,0,0,0,0,0,0,0,0,0,0,0,2,1,1,1,1,2,1,68820,0,0,0,0,0,0,0,0,0,0,0,0,0,0,0,0,0,0,0,0,0,0,0,0,0,0,0,0,0,0,0,0,0,0,0,0,0,0,0,0,0,0,0,0,0,0,0,0,0,0,0,0,0,0,0,0,0,0,0,0,0,0,0,0,0,0,0,0,0,0,0,0,0,0,0,0,0,0,0,0,0,0,0,0,0,0,0,0,0,0,0,0,0,0,0,0,0,0,0,0,0,0,0,0,0,0,0,0,0,0,0,0,0,0,0,0,0,0,0,0,0,0,0
3,693,3,74400,12,2,6,1992,4,1997,1,50,2,2,4,4,2,3,3,4,4,4,4,4,1,1,1,5,5,5,1,2,1,1,1,6,2,99999,1,5,5,5,5,1,1,1,1,5,1,1,1,1,5,4,4,4,3,1,2,2,2,2,2,2,1,2,2,1,2,2,1,2,2,1,2,1,1,1,99999,1,3,3,2,3,3,3,3,3,3,3,3,2,3,3,2,3,2,3,3,3,3,2,3,3,3,3,3,3,3,4,5,3,5,4,5,5,4,5,5,1,1,1,1,5,1,3,1,2,1,1,2,1,1,1,1,1,1,1,1,1,1,1,1,1,3,3,3,3,3,1,1,1,1,2,0,2,2,4,1,1,75300
3,2561,2,52200,12,4,1,1993,9,1997,1,100,2,2,4,2,4,4,2,2,4,4,2,1,1,1,1,5,1,1,1,2,3,1,1,6,2,99999,5,5,5,1,5,5,5,5,5,1,1,5,5,5,5,5,5,5,5,1,4,4,4,4,4,4,1,1,4,3,3,1,2,3,1,1,3,2,3,1,99999,2,3,3,3,3,2,2,3,3,3,3,3,3,3,3,3,3,3,2,3,3,3,3,3,2,3,3,3,3,3,5,5,5,4,4,5,4,4,5,5,1,5,1,1,5,1,2,1,2,1,1,2,1,1,1,1,3,1,1,1,1,3,1,1,3,4,4,4,3,3,3,2,2,2,2,2,2,2,2,5,1,53520
3,1278,3,71220,400,3,98,9998,10,1996,3,5,2,2,4,4,4,4,3,4,4,4,1,4,1,1,5,5,5,9,5,2,1,1,1,98,1,71400,0,0,0,0,0,0,0,0,0,0,0,0,0,0,0,0,0,0,0,0,0,0,0,0,0,0,0,0,0,0,0,0,0,0,0,0,0,0,0,0,0,0,0,0,0,0,0,0,0,0,0,0,0,0,0,0,0,0,0,0,0,0,0,0,0,0,0,0,0,0,0,0,0,0,0,0,0,0,0,0,0,0,0,0,0,0,0,0,0,0,0,0,0,0,0,0,0,0,0,0,0,0,0,0,0,0,0,0,0,0,0,0,0,0,0,0,0,0,0,0,0,0,0
3,4418,3,57000,1,1,99,1996,5,1997,1,280,2,3,3,1,1,3,3,4,4,3,4,4,1,5,1,1,1,5,1,2,1,1,1,4,2,99999,5,5,5,1,5,1,1,5,5,5,1,5,5,5,9,6,5,6,6,1,4,4,3,4,5,4,2,1,4,3,4,1,4,4,2,4,5,4,2,1,99999,3,3,3,2,3,3,2,3,3,3,3,2,3,3,3,3,3,3,3,3,3,3,2,3,2,2,3,3,3,3,5,4,4,5,1,3,5,3,5,5,1,5,5,1,5,2,3,1,1,1,1,2,1,2,3,3,3,1,1,1,1,1,1,1,1,3,3,3,3,3,1,2,1,2,1,1,1,1,9,4,1,58380
3,10014,2,32400,1.5,3,9,1994,6,1997,2,52,2,2,4,4,2,4,4,4,4,4,4,4,1,5,5,5,5,1,1,1,1,1,1,6,2,99999,5,5,5,1,5,5,5,1,1,1,1,5,1,1,9,5,1,5,3,1,4,4,3,3,3,2,1,1,2,2,2,2,3,3,1,2,1,3,2,1,99999,2,3,2,3,3,3,2,3,3,2,3,3,3,3,2,2,2,2,3,2,3,3,3,3,2,3,3,3,3,3,5,5,3,5,3,5,2,5,5,5,2,0,0,0,0,0,0,0,0,0,0,0,0,0,0,0,0,0,0,0,0,0,0,0,0,0,0,0,0,0,2,2,1,2,2,9,2,1,5,4,1,33720
3,10135,4,99999,1.5,1,99,1993,11,1997,1,40,2,3,3,3,3,3,3,3,4,3,3,3,1,5,1,5,5,5,2,3,4,1,1,8,2,99999,5,5,5,1,5,1,1,1,1,5,5,5,1,5,5,3,2,5,4,1,5,5,5,5,5,5,1,1,3,4,3,2,2,2,4,4,2,5,2,1,99999,2,3,2,2,2,1,1,2,3,2,3,3,2,3,2,2,1,1,1,2,3,3,3,3,2,2,3,3,3,3,5,4,3,3,3,5,4,3,3,4,1,5,1,5,5,2,3,2,3,2,2,3,3,2,2,2,3,0,3,2,3,1,1,1,1,2,2,2,3,2,1,1,1,2,2,2,2,2,2,4,1,99999
3,5340,2,43800,6,5,0,0,7,1997,3,0,1,0,0,0,0,0,0,0,0,0,0,0,0,0,0,0,0,0,1,2,1,1,1,6,1,44220,0,0,0,0,0,0,0,0,0,0,0,0,0,0,0,0,0,0,0,0,0,0,0,0,0,0,0,0,0,0,0,0,0,0,0,0,0,0,0,0,0,0,0,0,0,0,0,0,0,0,0,0,0,0,0,0,0,0,0,0,0,0,0,0,0,0,0,0,0,0,0,0,0,0,0,0,0,0,0,0,0,0,0,0,0,0,0,0,0,0,0,0,0,0,0,0,0,0,0,0,0,0,0,0,0,0,0,0,0,0,0,0,0,0,0,0,0,0,0,0,0,0,0
3,6296,5,73800,1,2,8,1997,9,1997,1,365,2,2,3,2,3,3,3,3,1,3,4,3,1,5,1,5,5,5,2,3,1,2,1,2,2,99999,5,5,5,1,5,1,5,5,1,1,1,5,5,1,5,2,4,4,3,1,2,2,2,5,2,5,2,1,4,2,1,3,2,4,1,2,4,5,2,1,99999,2,3,3,2,3,2,2,2,2,3,3,2,1,3,3,1,3,2,1,2,2,3,3,3,2,1,3,2,1,3,2,3,5,4,2,2,3,4,2,3,1,1,1,1,5,1,3,2,3,2,1,2,2,1,2,1,1,1,1,2,1,1,1,1,0,4,4,3,2,2,2,1,1,2,1,1,3,1,5,3,2,74880
3,6296,6,75000,1,2,8,1997,9,1997,1,365,2,2,3,2,3,3,3,3,1,3,4,3,1,5,1,5,5,5,2,3,1,2,1,2,2,99999,5,5,5,1,5,1,5,5,1,1,1,5,5,1,5,2,4,4,3,1,2,2,2,5,2,5,2,1,4,2,1,3,2,4,1,2,4,5,2,1,99999,1,3,1,1,3,2,1,1,3,2,2,3,1,3,1,2,1,1,3,3,1,2,2,1,1,3,3,2,1,2,4,3,2,4,2,5,3,2,4,5,1,1,1,1,5,1,3,2,2,1,1,2,2,1,2,1,1,1,1,2,1,1,1,1,0,4,4,3,2,2,2,1,1,2,1,1,3,1,3,1,1,76200
3,2412,3,66000,2,2,12,1990,10,1997,1,150,2,1,4,4,4,1,1,4,4,4,4,4,1,1,5,1,1,5,1,1,1,1,1,6,2,99999,5,5,5,1,5,5,5,5,5,5,5,5,5,1,5,5,1,5,4,1,4,4,3,4,4,4,1,1,2,2,2,3,1,3,2,1,1,3,1,1,99999,3,3,2,3,2,3,3,3,3,3,3,3,3,3,3,3,2,2,3,3,3,3,3,3,3,3,3,3,3,3,4,5,4,5,4,5,5,4,5,4,1,5,5,5,5,1,1,1,1,1,1,1,3,1,1,1,3,1,1,1,1,1,1,1,1,3,4,3,2,2,1,1,1,1,1,1,2,1,98,4,1,67200
3,2412,4,67200,2,1,99,1990,10,1997,1,150,2,1,4,4,4,1,1,4,4,4,4,4,1,1,5,1,1,5,1,1,1,1,1,6,2,99999,5,5,5,1,5,5,5,5,5,5,5,5,5,1,5,5,1,5,4,1,4,4,4,4,4,4,1,1,2,1,2,1,1,3,1,1,1,3,1,1,99999,2,2,2,3,2,3,3,3,3,3,3,3,2,3,3,3,1,2,3,3,3,3,2,3,3,3,3,3,3,3,5,5,3,5,2,5,5,5,5,5,1,5,5,5,5,1,1,1,1,1,1,1,3,1,1,1,3,1,1,1,1,1,1,1,1,2,2,3,2,2,2,1,1,1,1,1,2,1,98,4,1,68400
3,5218,2,74100,0,3,11,1997,11,1997,1,365,2,3,3,2,3,2,2,3,4,2,4,3,1,1,1,1,1,5,1,2,1,2,1,8,2,99999,1,5,5,5,5,1,5,5,5,5,1,5,5,1,5,6,3,6,6,1,5,5,5,5,5,5,3,4,4,4,4,3,3,3,3,2,3,4,3,1,99999,3,3,3,3,3,3,3,3,3,3,3,3,3,3,3,3,2,3,3,3,3,3,3,1,1,2,3,3,3,3,5,5,3,4,3,5,2,3,5,5,2,0,0,0,0,0,0,0,0,0,0,0,0,0,0,0,0,0,0,0,0,0,0,0,0,0,0,0,0,0,1,1,1,1,1,2,2,1,0,9,1,75180
3,2481,4,67200,2,1,0,0,11,1997,1,40,2,3,4,4,4,4,4,4,4,4,4,4,1,5,1,5,5,1,1,1,5,1,1,6,2,99999,5,5,1,5,5,1,5,5,5,1,5,1,5,5,5,3,5,6,5,1,4,4,3,4,4,4,3,1,4,4,4,4,4,3,3,1,3,3,4,2,68100,0,0,0,0,0,0,0,0,0,0,0,0,0,0,0,0,0,0,0,0,0,0,0,0,0,0,0,0,0,0,0,0,0,0,0,0,0,0,0,0,0,0,0,0,0,0,0,0,0,0,0,0,0,0,0,0,0,0,0,0,0,0,0,0,0,0,0,0,0,0,0,0,0,0,0,0,0,0,0,0,0,0
3,140,2,72660,1,6,0,0,8,1997,3,0,1,0,0,0,0,0,0,0,0,0,0,0,0,0,0,0,0,0,1,3,2,1,1,2,1,73020,0,0,0,0,0,0,0,0,0,0,0,0,0,0,0,0,0,0,0,0,0,0,0,0,0,0,0,0,0,0,0,0,0,0,0,0,0,0,0,0,0,0,0,0,0,0,0,0,0,0,0,0,0,0,0,0,0,0,0,0,0,0,0,0,0,0,0,0,0,0,0,0,0,0,0,0,0,0,0,0,0,0,0,0,0,0,0,0,0,0,0,0,0,0,0,0,0,0,0,0,0,0,0,0,0,0,0,0,0,0,0,0,0,0,0,0,0,0,0,0,0,0,0
3,4789,2,73800,5,1,6,1995,6,1997,1,0,2,3,1,1,2,4,4,1,4,4,2,2,1,1,5,1,1,5,1,1,1,1,1,6,1,74340,0,0,0,0,0,0,0,0,0,0,0,0,0,0,0,0,0,0,0,0,0,0,0,0,0,0,0,0,0,0,0,0,0,0,0,0,0,0,0,0,0,0,0,0,0,0,0,0,0,0,0,0,0,0,0,0,0,0,0,0,0,0,0,0,0,0,0,0,0,0,0,0,0,0,0,0,0,0,0,0,0,0,0,0,0,0,0,0,0,0,0,0,0,0,0,0,0,0,0,0,0,0,0,0,0,0,0,0,0,0,0,0,0,0,0,0,0,0,0,0,0,0,0
3,3138,2,73800,30,1,12,1996,11,1997,1,280,2,2,4,4,4,4,4,4,4,4,4,4,1,1,5,5,5,5,1,1,1,1,1,8,2,99999,5,5,5,1,5,1,5,1,5,5,1,5,5,1,5,5,4,5,5,1,4,5,4,4,4,4,1,1,3,4,1,1,3,3,1,1,2,5,3,1,99999,2,3,3,3,3,3,3,3,3,3,3,3,3,3,3,3,3,3,3,3,3,3,3,3,3,3,3,3,3,3,4,4,5,5,4,5,5,4,5,5,1,1,1,5,5,1,2,1,2,1,1,3,1,1,1,1,3,1,1,0,1,1,1,1,0,4,3,4,3,3,1,1,1,1,1,1,1,1,12,2,1,75900
3,5919,2,50040,7,1,0,0,11,1997,1,65,2,3,4,3,3,4,4,4,4,4,4,4,1,1,1,1,1,1,1,1,1,1,1,6,2,99999,5,5,5,1,5,1,1,1,5,5,5,5,5,5,5,6,6,3,3,1,4,5,3,4,4,4,1,1,4,4,4,4,1,2,4,1,1,4,1,1,99999,2,3,3,3,3,3,3,3,3,3,3,3,3,3,3,3,3,3,3,3,3,3,3,3,3,3,3,3,3,3,4,4,5,4,4,4,5,4,4,5,1,1,5,1,5,1,1,1,3,1,1,1,1,1,1,1,3,1,1,1,1,1,1,1,1,4,3,3,2,2,3,2,1,2,1,1,2,1,8,2,2,51540
3,4815,5,72900,9999,1,98,1996,6,1997,1,10,2,2,4,1,3,4,4,4,4,1,2,4,1,5,5,5,5,9,1,1,1,1,1,6,1,73200,0,0,0,0,0,0,0,0,0,0,0,0,0,0,0,0,0,0,0,0,0,0,0,0,0,0,0,0,0,0,0,0,0,0,0,0,0,0,0,0,0,0,0,0,0,0,0,0,0,0,0,0,0,0,0,0,0,0,0,0,0,0,0,0,0,0,0,0,0,0,0,0,0,0,0,0,0,0,0,0,0,0,0,0,0,0,0,0,0,0,0,0,0,0,0,0,0,0,0,0,0,0,0,0,0,0,0,0,0,0,0,0,0,0,0,0,0,0,0,0,0,0,0
3,5745,3,54120,300,9,98,1990,9,1997,2,0,1,0,0,0,0,0,0,0,0,0,0,0,0,0,0,0,0,0,1,1,3,1,1,6,1,99999,0,0,0,0,0,0,0,0,0,0,0,0,0,0,0,0,0,0,0,0,0,0,0,0,0,0,0,0,0,0,0,0,0,0,0,0,0,0,0,0,0,0,0,0,0,0,0,0,0,0,0,0,0,0,0,0,0,0,0,0,0,0,0,0,0,0,0,0,0,0,0,0,0,0,0,0,0,0,0,0,0,0,0,0,0,0,0,0,0,0,0,0,0,0,0,0,0,0,0,0,0,0,0,0,0,0,0,0,0,0,0,0,0,0,0,0,0,0,0,0,0,0,0
3,2758,3,55200,12,1,11,1995,9,1997,1,176,2,2,3,4,4,4,4,2,4,2,2,2,1,5,5,5,5,5,1,1,1,1,1,6,2,99999,5,5,5,1,5,1,5,1,5,5,5,5,5,1,5,4,4,4,4,1,4,5,3,4,4,4,2,2,3,4,4,4,2,4,3,2,2,2,4,1,99999,2,3,3,3,3,3,3,3,3,3,3,3,3,3,3,3,3,3,3,3,3,3,3,3,3,3,3,3,3,3,5,5,5,5,3,5,5,5,5,1,2,0,0,0,0,0,0,0,0,0,0,0,0,0,0,0,0,0,0,0,0,0,0,0,0,0,0,0,0,0,1,1,1,1,1,1,1,1,99,5,1,56100
3,2758,4,56100,12,1,11,1995,9,1997,1,176,2,2,3,4,4,4,4,2,4,2,2,2,1,5,5,5,5,5,1,1,1,1,1,6,2,99999,5,5,5,1,5,1,5,1,5,5,5,5,5,1,5,4,4,4,4,1,4,5,3,4,4,4,2,2,3,4,4,4,2,4,3,2,2,2,4,1,99999,2,3,3,3,3,3,3,3,3,3,3,3,3,3,3,3,3,3,3,3,3,3,3,3,3,3,3,3,3,3,5,5,5,5,3,5,5,5,5,1,2,0,0,0,0,0,0,0,0,0,0,0,0,0,0,0,0,0,0,0,0,0,0,0,0,0,0,0,0,0,1,1,1,1,1,1,1,1,99,5,1,57000
3,6056,2,55800,3000,4,8,1985,7,1996,4,3,2,2,4,3,3,4,4,4,4,3,4,4,1,5,5,1,1,1,1,2,1,1,1,5,1,56460,0,0,0,0,0,0,0,0,0,0,0,0,0,0,0,0,0,0,0,0,0,0,0,0,0,0,0,0,0,0,0,0,0,0,0,0,0,0,0,0,0,0,0,0,0,0,0,0,0,0,0,0,0,0,0,0,0,0,0,0,0,0,0,0,0,0,0,0,0,0,0,0,0,0,0,0,0,0,0,0,0,0,0,0,0,0,0,0,0,0,0,0,0,0,0,0,0,0,0,0,0,0,0,0,0,0,0,0,0,0,0,0,0,0,0,0,0,0,0,0,0,0,0
3,2275,2,33900,3,2,0,0,6,1997,1,80,2,1,4,4,2,4,4,4,4,4,4,4,1,5,5,5,5,5,1,1,1,1,1,6,2,99999,5,5,5,1,5,1,1,5,5,5,1,5,5,1,5,5,1,5,2,1,2,2,1,2,1,1,1,1,1,1,2,1,1,1,1,1,1,1,1,1,99999,2,3,3,3,3,3,2,3,3,3,3,3,2,3,3,2,3,3,3,3,3,3,2,3,2,2,3,3,3,3,5,5,5,5,4,5,5,5,5,5,1,1,5,1,5,1,3,1,1,1,1,3,3,1,1,1,1,3,1,1,1,1,1,1,1,3,3,4,3,3,1,1,1,1,1,1,1,1,3,4,1,34860
3,1092,2,45000,1,3,0,0,6,1997,1,15,2,2,4,4,4,3,3,4,3,3,3,3,1,5,5,5,5,5,1,2,1,1,1,2,2,99999,5,5,5,1,5,1,1,1,5,5,5,5,5,1,5,4,4,4,3,1,2,2,2,3,2,2,1,1,2,1,2,1,1,2,1,1,1,1,1,1,99999,3,3,3,2,3,2,2,3,3,3,3,3,2,3,3,3,2,3,3,3,3,3,3,3,3,3,3,3,3,3,4,4,4,5,3,5,5,4,5,5,1,5,5,1,5,1,1,1,1,1,1,1,1,1,1,1,1,1,1,1,1,1,1,1,1,3,3,3,3,3,2,2,2,2,2,0,2,2,1,1,2,46500
3,555,2,43500,1,1,0,0,4,1997,1,0,2,2,4,4,4,4,4,4,9,4,4,4,1,5,5,5,5,5,1,1,1,1,1,2,1,43800,0,0,0,0,0,0,0,0,0,0,0,0,0,0,0,0,0,0,0,0,0,0,0,0,0,0,0,0,0,0,0,0,0,0,0,0,0,0,0,0,0,0,0,0,0,0,0,0,0,0,0,0,0,0,0,0,0,0,0,0,0,0,0,0,0,0,0,0,0,0,0,0,0,0,0,0,0,0,0,0,0,0,0,0,0,0,0,0,0,0,0,0,0,0,0,0,0,0,0,0,0,0,0,0,0,0,0,0,0,0,0,0,0,0,0,0,0,0,0,0,0,0,0
3,1413,2,36300,5,1,98,1994,6,1997,2,60,2,2,2,4,4,4,4,4,4,4,4,4,1,5,5,5,1,5,1,1,3,1,1,6,2,99999,5,5,5,1,5,1,5,1,5,5,1,5,1,1,5,6,3,6,1,1,4,4,4,4,4,4,1,1,4,4,4,1,4,4,1,1,4,1,4,1,99999,2,3,3,2,2,3,3,3,3,3,1,3,2,3,3,3,3,2,2,3,3,3,2,3,2,3,3,3,3,3,5,5,5,5,5,5,5,5,5,5,2,0,0,0,0,0,0,0,0,0,0,0,0,0,0,0,0,0,0,0,0,0,0,0,0,0,0,0,0,0,1,1,1,1,1,0,1,1,2,1,1,37500
3,5985,2,55740,4,2,98,1995,10,1997,1,300,2,1,4,2,2,4,4,4,4,4,4,4,1,5,5,5,1,5,1,3,1,1,1,6,2,99999,5,5,5,1,5,5,5,5,5,5,1,5,5,1,5,5,1,6,1,1,4,4,4,4,1,4,1,1,1,1,1,1,1,3,9,1,1,1,1,1,99999,3,3,3,3,3,3,3,3,3,3,3,3,2,3,3,3,3,3,3,3,3,3,3,3,3,3,3,3,3,3,5,4,1,4,3,4,4,4,4,4,1,5,5,1,5,1,1,1,1,1,1,1,1,1,2,1,1,1,1,1,1,1,1,1,1,1,3,2,2,3,2,2,2,2,2,2,2,2,5,5,1,56880
3,5985,3,54180,4,2,98,1995,10,1997,1,300,2,1,4,2,2,4,4,4,4,4,4,4,1,5,5,5,1,5,1,1,1,1,1,6,2,99999,5,5,5,1,5,5,5,5,5,5,1,5,5,1,5,5,1,6,1,1,4,4,4,4,2,4,1,1,3,1,1,1,1,1,1,1,1,1,1,1,99999,2,1,3,3,1,3,1,1,3,3,3,3,3,2,2,3,3,2,2,2,1,3,1,2,2,2,3,3,2,2,3,3,3,2,2,3,4,3,3,3,1,5,5,1,5,1,1,1,1,1,1,1,1,1,1,1,2,1,1,1,1,1,1,1,1,3,3,3,3,3,2,2,2,2,3,3,3,2,3,5,1,55740
3,650,2,74760,7,2,3,1993,4,1997,2,70,2,2,3,1,2,2,2,1,2,4,4,2,1,1,1,5,5,1,2,5,1,4,2,2,2,99999,5,5,5,1,5,1,5,5,5,5,5,5,5,5,5,5,1,5,1,1,3,1,3,2,2,2,1,1,2,1,2,2,1,3,2,1,3,2,1,1,99999,1,3,3,2,2,2,1,2,2,2,2,2,2,2,3,1,1,2,3,2,2,2,2,3,2,3,2,2,2,3,2,2,2,5,4,3,4,4,4,5,1,1,1,1,5,1,3,1,3,1,1,3,1,1,1,1,3,2,3,1,1,1,1,3,1,2,3,3,2,2,2,3,3,2,2,2,3,2,5,3,1,76920
3,774,2,31200,5,1,12,1996,12,1997,1,365,2,3,3,1,4,2,4,4,9,2,4,4,1,5,5,1,1,5,1,1,1,3,1,6,2,99999,5,5,5,1,5,1,1,1,5,1,1,5,5,1,9,3,5,5,3,1,5,3,2,4,4,5,1,1,4,4,4,1,1,1,1,1,4,1,1,1,99999,1,3,3,3,3,3,3,3,3,2,3,3,3,3,3,1,1,3,2,3,3,3,2,3,3,3,3,3,3,2,5,5,5,5,5,5,5,5,5,5,1,1,1,1,5,1,2,1,1,1,1,2,2,2,1,1,3,1,1,1,1,1,1,1,0,9,4,3,3,3,1,2,1,2,2,0,2,2,4,9,1,32700
3,2377,5,58140,8,1,5,1993,6,1997,1,160,2,3,4,4,4,4,4,4,4,4,4,4,1,1,1,5,5,5,1,1,1,1,1,5,2,99999,5,5,5,1,5,1,1,5,5,5,1,5,5,5,5,6,4,6,4,1,4,4,3,4,4,4,1,4,4,2,4,4,1,4,2,4,4,4,4,1,99999,3,3,3,3,3,3,3,3,3,3,2,3,3,3,3,3,3,3,3,3,3,3,2,3,3,3,3,3,3,3,5,5,3,5,5,5,5,5,5,5,1,1,1,1,5,1,3,2,2,1,1,2,3,1,1,1,3,1,1,1,1,1,1,1,1,4,4,4,2,3,1,1,1,1,1,1,1,1,25,2,2,59640
3,5992,3,64800,8,1,0,0,9,1997,1,25,2,1,4,4,4,4,4,4,4,4,4,4,1,5,5,5,5,5,1,1,1,1,1,2,2,99999,5,5,5,1,5,1,1,5,5,5,5,5,5,5,5,4,2,3,1,1,2,2,2,2,2,2,1,1,2,2,2,2,1,1,1,2,1,1,1,1,99999,3,3,3,3,3,3,2,3,3,3,3,3,3,3,3,3,3,3,3,3,3,3,3,3,3,3,3,3,3,3,5,5,3,5,5,5,5,5,5,5,1,5,5,5,5,1,1,1,1,1,1,1,1,1,1,1,1,1,1,1,1,1,1,1,1,3,3,3,3,3,1,2,2,2,2,2,2,2,5,3,2,65700
3,4500,3,61200,1800,1,4,1996,7,1997,1,3,2,1,2,2,4,2,4,4,4,1,2,4,1,5,5,1,1,1,3,1,3,1,1,6,1,61500,0,0,0,0,0,0,0,0,0,0,0,0,0,0,0,0,0,0,0,0,0,0,0,0,0,0,0,0,0,0,0,0,0,0,0,0,0,0,0,0,0,0,0,0,0,0,0,0,0,0,0,0,0,0,0,0,0,0,0,0,0,0,0,0,0,0,0,0,0,0,0,0,0,0,0,0,0,0,0,0,0,0,0,0,0,0,0,0,0,0,0,0,0,0,0,0,0,0,0,0,0,0,0,0,0,0,0,0,0,0,0,0,0,0,0,0,0,0,0,0,0,0,0
3,4581,7,75600,50,1,0,0,5,1997,1,998,2,2,4,4,1,9,4,4,4,4,4,4,1,5,5,5,5,5,1,1,3,1,1,6,2,99999,5,5,5,1,5,1,1,5,5,5,5,5,5,5,5,5,1,6,1,1,4,4,1,4,2,2,1,1,2,1,1,1,1,1,1,1,1,1,1,2,76380,0,0,0,0,0,0,0,0,0,0,0,0,0,0,0,0,0,0,0,0,0,0,0,0,0,0,0,0,0,0,0,0,0,0,0,0,0,0,0,0,0,0,0,0,0,0,0,0,0,0,0,0,0,0,0,0,0,0,0,0,0,0,0,0,0,0,0,0,0,0,0,0,0,0,0,0,0,0,0,0,0,0
3,4809,2,61500,50,4,0,0,6,1996,7,0,2,1,4,4,4,4,4,4,4,4,4,4,5,5,5,5,5,5,9,1,1,1,1,2,1,61800,0,0,0,0,0,0,0,0,0,0,0,0,0,0,0,0,0,0,0,0,0,0,0,0,0,0,0,0,0,0,0,0,0,0,0,0,0,0,0,0,0,0,0,0,0,0,0,0,0,0,0,0,0,0,0,0,0,0,0,0,0,0,0,0,0,0,0,0,0,0,0,0,0,0,0,0,0,0,0,0,0,0,0,0,0,0,0,0,0,0,0,0,0,0,0,0,0,0,0,0,0,0,0,0,0,0,0,0,0,0,0,0,0,0,0,0,0,0,0,0,0,0,0
3,4230,2,72600,13,1,0,0,6,1997,1,20,2,3,4,4,4,4,4,4,4,4,4,4,1,5,5,5,5,5,1,1,1,1,1,6,2,99999,5,5,5,1,5,1,5,1,5,5,1,5,5,1,5,4,4,2,2,1,2,2,2,3,2,2,1,1,2,1,3,1,1,2,1,1,2,1,2,1,99999,3,3,3,3,3,3,3,3,3,3,3,3,3,3,3,3,2,2,3,3,3,3,3,3,2,3,3,3,3,3,4,9,3,3,3,5,5,4,5,5,1,5,5,1,5,1,1,1,1,1,1,1,1,1,1,1,1,1,1,1,1,1,1,1,1,3,4,3,3,3,2,2,2,2,2,0,2,2,10,4,2,74400
3,3628,3,75300,2,1,3,1991,10,1997,1,100,2,2,4,2,4,4,4,4,4,2,4,4,1,5,1,1,1,1,1,1,1,2,1,6,2,99999,5,5,5,1,5,1,1,1,5,5,5,5,5,5,5,5,1,6,5,1,4,4,4,4,3,3,1,1,3,2,2,4,1,2,3,3,2,1,3,1,99999,3,3,3,3,2,3,2,3,3,3,3,3,3,3,3,3,1,3,3,2,3,3,1,3,2,3,3,3,3,2,5,3,3,5,4,5,5,5,4,5,1,1,5,5,5,1,1,1,1,2,9,1,1,1,1,1,2,2,1,1,1,1,1,0,1,4,4,4,3,3,2,2,1,2,2,2,1,2,1,5,1,76800
3,5711,2,66600,350,3,98,1991,9,1996,4,7,2,2,3,2,3,1,1,4,4,4,1,1,1,5,5,5,5,1,4,2,3,1,1,7,1,68160,0,0,0,0,0,0,0,0,0,0,0,0,0,0,0,0,0,0,0,0,0,0,0,0,0,0,0,0,0,0,0,0,0,0,0,0,0,0,0,0,0,0,0,0,0,0,0,0,0,0,0,0,0,0,0,0,0,0,0,0,0,0,0,0,0,0,0,0,0,0,0,0,0,0,0,0,0,0,0,0,0,0,0,0,0,0,0,0,0,0,0,0,0,0,0,0,0,0,0,0,0,0,0,0,0,0,0,0,0,0,0,0,0,0,0,0,0,0,0,0,0,0,0
3,1445,4,34500,0,1,11,9997,11,1997,1,365,2,3,4,4,4,4,4,4,4,4,4,4,1,5,5,1,1,1,1,1,4,3,1,6,2,99999,5,5,5,1,5,1,1,1,5,5,1,5,5,1,5,5,1,5,6,1,5,5,4,4,4,4,3,2,3,3,4,3,2,3,4,3,3,5,3,1,99999,1,2,1,2,2,2,2,2,2,2,3,3,2,3,3,3,1,2,2,3,3,3,2,3,1,3,3,2,2,3,4,4,4,5,4,5,4,4,4,4,1,5,1,1,5,1,1,1,2,2,1,2,1,1,1,2,3,2,1,1,1,1,1,1,1,4,4,4,2,2,1,1,1,1,1,1,2,2,2,3,2,35400
3,1445,5,33600,0,1,11,9997,11,1997,1,365,2,3,4,4,4,4,4,4,4,4,4,4,1,5,5,1,1,1,1,1,4,3,1,6,2,99999,5,5,5,1,5,1,1,1,5,5,1,5,5,1,5,5,1,5,6,1,5,5,4,4,4,4,3,2,3,3,4,3,2,3,4,3,3,5,3,1,99999,1,2,1,2,2,2,2,2,2,2,3,3,2,3,3,3,1,2,2,3,3,3,2,3,1,3,3,2,2,3,4,4,4,5,4,5,4,4,4,4,1,5,1,1,5,1,1,1,2,2,1,2,1,1,1,2,3,2,1,1,1,1,1,1,1,4,4,4,3,3,1,1,1,1,1,1,2,2,3,3,2,34500
3,1990,5,49500,27,1,0,0,6,1997,1,998,2,3,4,4,4,4,4,4,4,4,4,4,1,5,5,5,5,5,1,1,1,1,1,2,2,99999,5,5,5,1,5,1,5,5,5,5,1,5,5,1,5,5,4,5,1,1,1,2,4,1,2,2,1,1,2,1,4,2,4,3,9,1,3,3,2,1,99999,3,3,3,2,2,3,2,3,3,3,3,3,2,3,3,3,3,3,2,3,3,3,2,3,3,3,3,3,2,3,5,4,4,3,3,5,5,5,5,3,1,5,5,8,5,1,1,1,1,1,1,1,2,1,1,1,1,1,1,1,1,1,1,1,1,1,3,2,3,3,1,1,1,1,2,1,2,1,20,5,1,51360
3,4312,6,50100,1,1,2,1997,5,1997,1,200,2,3,4,2,1,4,4,2,4,2,4,4,1,5,1,5,5,1,1,2,1,2,1,2,2,99999,5,5,5,5,1,1,1,1,1,1,1,5,1,1,9,3,4,6,6,1,4,5,4,4,4,2,2,2,5,2,4,3,2,3,1,1,2,1,2,1,99999,2,3,3,2,3,2,3,3,2,3,3,3,3,3,3,3,2,2,3,3,3,3,2,2,3,3,3,3,3,3,5,5,3,3,5,5,5,3,5,5,1,1,1,1,5,2,3,1,2,1,1,3,2,2,1,1,1,1,1,1,1,1,1,1,1,4,4,4,2,3,2,2,1,2,2,1,2,1,20,2,1,51600
3,4312,7,48600,1,1,1,1997,5,1997,3,999,2,3,4,4,4,4,4,4,4,4,4,4,5,5,5,5,5,5,1,2,1,1,1,2,2,99999,5,5,5,5,1,1,1,1,1,1,1,5,1,1,9,4,4,4,1,1,2,2,2,2,2,2,1,1,2,2,2,1,1,2,1,1,2,1,2,1,99999,3,3,3,3,3,2,3,3,2,3,3,3,3,3,3,3,3,2,3,3,3,3,2,3,3,3,3,3,3,3,5,5,5,5,5,5,4,5,5,5,2,0,0,0,0,0,0,0,0,0,0,0,0,0,0,0,0,0,0,0,0,0,0,0,0,0,0,0,0,0,2,2,1,2,2,1,2,1,10,1,1,49620
3,1794,3,65400,2,1,0,0,3,1997,1,365,2,3,4,4,4,4,4,4,4,4,4,4,1,9,1,1,1,5,1,1,1,1,1,6,2,99999,1,5,5,5,5,1,5,8,5,5,5,5,5,5,5,6,6,6,6,1,5,5,5,5,5,5,3,9,4,4,5,9,4,4,9,9,1,9,4,2,65760,0,0,0,0,0,0,0,0,0,0,0,0,0,0,0,0,0,0,0,0,0,0,0,0,0,0,0,0,0,0,0,0,0,0,0,0,0,0,0,0,0,0,0,0,0,0,0,0,0,0,0,0,0,0,0,0,0,0,0,0,0,0,0,0,0,0,0,0,0,0,0,0,0,0,0,0,0,0,0,0,0,0
3,2694,3,36900,3,6,0,0,4,1997,1,25,1,0,0,0,0,0,0,0,0,0,0,0,0,0,0,0,0,0,1,2,5,1,1,6,2,99999,5,5,5,1,5,1,1,1,1,5,5,5,5,5,5,6,1,6,1,1,3,4,4,4,5,2,1,1,4,2,1,1,2,2,1,1,2,2,3,1,99999,2,3,2,3,3,3,2,3,3,3,3,3,3,3,1,2,2,2,2,3,3,3,1,3,2,3,3,3,3,3,5,3,3,5,3,3,3,5,3,3,1,5,5,1,5,1,1,1,1,1,1,1,1,1,1,1,3,3,3,1,3,3,3,1,1,4,3,4,2,2,1,3,3,1,3,3,3,9,25,4,3,38820
3,2909,4,34800,350,6,99,9999,7,1997,3,21,2,3,1,1,3,4,4,4,1,1,1,1,1,1,1,5,5,5,1,1,2,1,1,7,2,99999,5,5,5,1,5,1,5,5,5,5,1,5,5,1,5,3,3,3,1,2,0,0,0,0,0,0,0,0,0,0,0,0,0,0,0,0,0,0,0,1,99999,2,3,3,2,2,3,3,3,2,2,3,3,2,3,3,3,2,2,3,3,2,2,1,3,1,3,3,3,2,3,5,3,4,4,4,5,5,5,5,5,1,1,1,5,5,1,1,1,1,1,1,1,1,1,1,1,1,1,1,1,1,1,1,1,3,3,3,3,2,3,1,1,2,1,1,1,2,1,0,5,1,35700
3,2909,3,33600,350,6,99,9999,7,1997,3,21,2,9,1,1,3,4,4,4,1,1,1,1,1,1,1,5,5,5,1,1,4,1,1,7,2,99999,5,5,5,1,5,1,5,5,5,5,1,5,5,1,5,3,3,3,1,2,0,0,0,0,0,0,0,0,0,0,0,0,0,0,0,0,0,0,0,1,99999,2,3,2,2,3,3,3,3,2,2,3,3,2,3,3,3,2,2,3,3,3,3,1,3,1,3,3,3,2,3,5,4,5,4,4,5,5,5,5,5,1,5,5,5,5,1,1,1,1,1,1,1,1,1,1,1,1,1,1,1,1,1,1,1,1,4,4,4,3,3,1,1,1,1,1,1,2,1,1,1,1,34800
3,480,4,71700,3,1,6,1997,8,1997,1,365,2,2,2,2,4,4,4,4,4,4,4,4,1,1,5,5,1,5,5,1,1,1,5,2,2,99999,5,5,5,1,5,1,5,1,5,5,5,5,5,5,5,1,1,6,1,1,4,4,4,4,1,3,1,1,4,2,1,2,1,2,1,1,1,1,2,1,99999,2,3,3,3,3,3,3,3,3,3,3,3,3,3,3,3,3,3,2,3,3,3,3,3,1,3,3,3,3,3,5,1,5,5,5,5,5,5,5,5,1,5,5,1,5,1,1,1,1,1,1,1,1,1,1,1,3,1,2,1,1,1,1,1,1,2,1,3,3,3,1,1,1,1,1,1,1,1,2,5,1,72900
3,2846,2,71700,161,3,0,0,8,1997,3,40,2,2,3,2,4,1,2,4,4,4,2,1,1,5,5,5,1,5,3,3,3,1,1,6,2,99999,5,5,5,1,5,5,5,1,5,5,5,5,1,5,5,4,1,4,1,1,2,4,2,2,2,2,1,1,2,1,2,2,1,2,1,1,2,4,2,1,99999,2,2,3,3,3,3,3,3,3,3,3,3,3,3,3,2,3,2,3,2,2,3,2,2,3,2,3,3,2,2,3,5,5,5,5,5,5,3,5,4,1,5,5,9,5,1,1,1,1,1,1,1,1,1,1,1,3,1,1,1,1,1,1,1,1,2,3,3,3,3,3,2,2,1,2,0,2,2,7,5,1,73200
3,1245,2,61080,46,1,12,1994,6,1997,1,0,2,2,4,4,4,4,4,4,4,4,4,4,1,5,5,5,5,1,1,1,1,1,1,6,1,61500,0,0,0,0,0,0,0,0,0,0,0,0,0,0,0,0,0,0,0,0,0,0,0,0,0,0,0,0,0,0,0,0,0,0,0,0,0,0,0,0,0,0,0,0,0,0,0,0,0,0,0,0,0,0,0,0,0,0,0,0,0,0,0,0,0,0,0,0,0,0,0,0,0,0,0,0,0,0,0,0,0,0,0,0,0,0,0,0,0,0,0,0,0,0,0,0,0,0,0,0,0,0,0,0,0,0,0,0,0,0,0,0,0,0,0,0,0,0,0,0,0,0,0
3,5451,2,68400,350,4,8,1995,9,1997,3,21,2,2,2,1,3,4,4,4,2,4,1,4,1,5,5,5,5,1,1,1,1,1,1,6,2,99999,5,5,5,1,5,1,1,1,5,5,5,5,5,5,5,3,3,3,1,2,0,0,0,0,0,0,0,0,0,0,0,0,0,0,0,0,0,0,0,1,99999,1,3,2,3,3,3,3,3,3,3,3,3,3,3,3,2,3,2,2,2,2,3,2,3,3,3,3,3,3,3,5,5,5,5,4,5,5,4,5,5,1,5,5,5,5,1,1,1,1,1,1,1,1,1,1,1,1,1,1,1,1,1,1,1,0,3,3,3,3,3,1,1,1,2,2,3,9,3,98,5,1,69600
3,5451,8,70200,350,5,0,0,3,1997,6,0,1,0,0,0,0,0,0,0,0,0,0,0,0,0,0,0,0,0,1,1,4,1,2,2,1,70500,0,0,0,0,0,0,0,0,0,0,0,0,0,0,0,0,0,0,0,0,0,0,0,0,0,0,0,0,0,0,0,0,0,0,0,0,0,0,0,0,0,0,0,0,0,0,0,0,0,0,0,0,0,0,0,0,0,0,0,0,0,0,0,0,0,0,0,0,0,0,0,0,0,0,0,0,0,0,0,0,0,0,0,0,0,0,0,0,0,0,0,0,0,0,0,0,0,0,0,0,0,0,0,0,0,0,0,0,0,0,0,0,0,0,0,0,0,0,0,0,0,0,0
3,6235,5,55680,23,3,2,1996,11,1997,1,175,2,2,1,1,3,1,4,1,4,2,1,1,1,1,1,1,1,1,1,1,1,1,1,7,2,99999,5,5,5,1,5,1,5,5,5,5,1,5,5,1,5,6,1,6,1,1,4,4,4,4,4,4,1,1,4,4,1,4,4,1,4,2,4,1,4,2,56580,0,0,0,0,0,0,0,0,0,0,0,0,0,0,0,0,0,0,0,0,0,0,0,0,0,0,0,0,0,0,0,0,0,0,0,0,0,0,0,0,0,0,0,0,0,0,0,0,0,0,0,0,0,0,0,0,0,0,0,0,0,0,0,0,0,0,0,0,0,0,0,0,0,0,0,0,0,0,0,0,0,0
3,3723,5,33900,2,1,0,0,10,1997,1,100,2,2,4,4,4,3,4,4,4,4,4,4,1,5,5,5,5,1,1,1,2,1,1,6,2,99999,5,5,5,1,5,5,5,1,5,5,5,5,5,1,1,6,1,1,1,1,5,4,5,4,4,1,1,1,1,1,1,2,1,1,1,1,1,1,1,2,34800,0,0,0,0,0,0,0,0,0,0,0,0,0,0,0,0,0,0,0,0,0,0,0,0,0,0,0,0,0,0,0,0,0,0,0,0,0,0,0,0,0,0,0,0,0,0,0,0,0,0,0,0,0,0,0,0,0,0,0,0,0,0,0,0,0,0,0,0,0,0,0,0,0,0,0,0,0,0,0,0,0,0
3,2411,2,71400,7,7,6,1994,8,1997,1,4,1,0,0,0,0,0,0,0,0,0,0,0,0,0,0,0,0,0,1,1,1,1,1,2,1,71760,0,0,0,0,0,0,0,0,0,0,0,0,0,0,0,0,0,0,0,0,0,0,0,0,0,0,0,0,0,0,0,0,0,0,0,0,0,0,0,0,0,0,0,0,0,0,0,0,0,0,0,0,0,0,0,0,0,0,0,0,0,0,0,0,0,0,0,0,0,0,0,0,0,0,0,0,0,0,0,0,0,0,0,0,0,0,0,0,0,0,0,0,0,0,0,0,0,0,0,0,0,0,0,0,0,0,0,0,0,0,0,0,0,0,0,0,0,0,0,0,0,0,0
3,4599,2,49200,30,1,7,1993,11,1997,1,56,2,3,1,2,2,1,1,2,2,4,2,4,1,5,5,1,1,1,1,1,1,1,1,6,2,99999,5,5,5,5,1,1,5,5,5,1,1,5,5,1,1,5,9,5,5,1,4,4,4,3,4,4,2,1,2,3,4,1,3,3,2,1,1,3,3,1,99999,2,3,3,2,2,3,3,3,3,3,1,3,3,3,3,3,3,3,3,2,3,3,1,3,1,3,3,3,2,2,5,5,5,5,5,5,5,5,5,5,1,1,1,1,5,1,3,1,3,1,1,3,3,1,3,1,3,3,1,1,3,1,1,1,3,4,3,4,3,3,2,2,1,1,1,2,1,1,10,1,1,50400
3,1454,2,74340,1,1,10,1995,6,1997,1,365,2,3,3,3,2,2,2,4,4,4,4,4,1,1,5,1,1,5,2,1,3,1,1,6,2,99999,5,5,5,1,5,1,1,1,5,1,5,1,5,1,5,4,5,5,6,1,4,4,4,4,3,4,1,2,4,4,3,3,3,4,2,1,4,4,2,1,99999,2,3,3,3,3,2,1,2,2,2,3,3,2,3,2,2,1,2,2,3,3,3,2,3,2,2,3,2,3,3,5,4,4,5,3,3,5,5,4,5,1,1,1,1,5,1,1,2,2,2,1,2,3,1,2,1,3,1,0,1,1,1,1,1,1,4,3,3,2,3,1,2,1,1,1,1,2,1,3,2,2,76080
3,4317,4,64800,0,1,11,1997,11,1997,1,300,2,3,4,2,2,4,4,3,4,4,4,4,1,5,5,5,5,1,1,1,1,1,1,8,2,99999,5,5,5,1,5,1,1,5,5,5,5,5,5,5,9,6,1,4,5,1,4,5,4,4,3,5,1,1,3,2,4,1,1,1,2,2,1,1,1,2,66600,0,0,0,0,0,0,0,0,0,0,0,0,0,0,0,0,0,0,0,0,0,0,0,0,0,0,0,0,0,0,0,0,0,0,0,0,0,0,0,0,0,0,0,0,0,0,0,0,0,0,0,0,0,0,0,0,0,0,0,0,0,0,0,0,0,0,0,0,0,0,0,0,0,0,0,0,0,0,0,0,0,0
3,3015,3,77100,800,3,10,1985,7,1997,3,60,2,3,4,4,4,4,4,4,4,4,4,4,1,1,1,1,1,5,1,2,1,1,1,6,2,99999,5,5,5,1,5,5,1,1,5,1,5,5,5,1,1,3,3,3,1,1,5,5,5,5,5,5,3,5,4,2,2,5,2,2,5,1,1,2,2,1,99999,3,2,3,2,3,2,2,3,2,2,3,3,2,3,3,3,2,3,2,3,3,3,2,3,2,3,3,2,3,3,5,5,3,5,3,5,5,5,5,5,1,5,5,5,5,1,1,1,1,1,1,1,1,1,1,1,0,0,0,0,0,0,0,0,0,1,3,1,2,3,1,1,1,1,1,0,2,1,98,5,2,78480
3,3168,5,49800,90,7,0,0,2,1997,3,60,1,0,0,0,0,0,0,0,0,0,0,0,0,0,0,0,0,0,1,1,1,1,1,6,2,99999,5,5,5,1,5,5,5,5,5,5,5,5,5,1,5,2,1,1,1,2,0,0,0,0,0,0,0,0,0,0,0,0,0,0,0,0,0,0,0,1,99999,3,3,3,3,3,3,3,3,3,3,3,3,3,3,3,3,3,3,3,3,3,3,3,3,3,3,3,3,3,3,5,5,3,3,5,5,5,5,5,5,1,5,5,5,5,1,1,1,1,1,1,1,1,1,1,1,1,1,1,1,1,1,1,1,1,1,1,1,3,3,1,1,1,1,1,1,1,0,98,5,1,50400
3,3538,5,43200,10,5,6,1993,6,1997,1,60,1,0,0,0,0,0,0,0,0,0,0,0,0,0,0,0,0,0,4,1,5,1,1,2,2,99999,5,5,5,1,5,1,1,1,5,5,1,5,1,5,5,6,5,5,5,1,9,4,2,4,2,2,1,1,2,4,2,1,1,2,1,2,1,1,1,1,99999,3,3,3,3,3,3,3,3,3,3,3,3,3,3,3,3,3,3,3,3,3,3,3,3,3,3,3,3,3,3,5,5,5,5,5,5,5,5,5,5,1,5,5,5,5,1,1,1,1,1,1,1,1,1,1,1,3,3,0,0,0,0,0,0,0,4,3,3,3,3,2,2,2,2,2,1,2,2,98,9,1,44220
3,3538,6,44220,10,5,6,1997,6,1997,1,999,1,0,0,0,0,0,0,0,0,0,0,0,0,0,0,0,0,0,4,1,5,1,1,2,2,99999,5,5,5,1,5,1,1,1,5,5,1,5,1,5,5,6,5,5,5,1,4,4,3,4,2,2,1,1,2,4,2,1,1,2,1,2,1,1,1,1,99999,3,3,3,3,3,3,3,3,3,3,3,3,3,3,3,3,3,3,3,3,3,3,3,3,3,3,3,3,3,3,5,5,5,5,5,5,5,5,5,5,1,5,5,5,5,1,1,1,1,1,1,1,1,1,1,1,3,3,0,0,0,0,0,0,0,4,3,3,3,3,2,2,1,2,2,1,2,2,98,8,1,44580
3,5476,2,61080,17,1,0,0,10,1997,1,100,2,3,3,2,2,1,2,1,4,2,3,1,1,5,1,1,1,1,1,3,3,1,1,6,2,99999,5,5,5,1,5,1,1,1,5,5,5,5,5,1,5,5,1,6,4,1,5,5,4,5,4,4,1,2,3,3,3,3,3,4,1,1,2,2,2,1,99999,2,3,3,3,2,3,1,3,3,2,3,3,3,3,3,3,3,3,3,3,3,3,2,3,3,3,3,3,3,3,5,2,4,4,3,4,4,3,4,5,1,1,1,1,5,3,1,1,3,2,1,2,2,1,1,1,1,1,1,1,1,1,1,2,1,3,4,4,3,3,1,1,1,1,1,0,1,1,2,4,1,62460
3,6074,2,72720,1,1,1,1997,11,1997,1,365,2,3,4,4,4,4,2,4,4,4,4,4,1,5,5,5,5,5,1,1,1,1,1,6,2,99999,5,5,5,1,5,1,1,1,5,5,1,5,1,5,5,4,1,6,1,1,5,5,4,4,4,5,1,1,4,4,5,1,1,1,1,1,1,1,4,2,73320,0,0,0,0,0,0,0,0,0,0,0,0,0,0,0,0,0,0,0,0,0,0,0,0,0,0,0,0,0,0,0,0,0,0,0,0,0,0,0,0,0,0,0,0,0,0,0,0,0,0,0,0,0,0,0,0,0,0,0,0,0,0,0,0,0,0,0,0,0,0,0,0,0,0,0,0,0,0,0,0,0,0
3,6153,4,47700,2,1,0,0,10,1997,1,100,2,2,4,4,4,4,4,4,4,4,4,4,1,5,5,5,5,1,1,1,2,1,1,5,2,99999,5,5,5,1,5,1,5,1,5,5,1,5,5,5,5,6,4,6,6,1,4,2,4,5,4,4,1,2,4,1,1,1,4,4,2,1,5,1,2,1,99999,2,3,3,2,2,2,2,3,2,2,3,3,3,3,3,3,2,2,3,3,3,3,3,3,2,3,3,3,3,3,5,3,2,3,3,5,5,5,4,5,2,0,0,0,0,0,0,0,0,0,0,0,0,0,0,0,0,0,0,0,0,0,0,0,0,0,0,0,0,0,2,2,2,2,3,2,3,2,10,2,2,48900
3,3099,5,72180,4,1,8,1996,8,1997,3,150,2,2,4,4,4,4,4,4,4,4,4,4,1,5,5,5,5,1,1,1,5,1,1,2,2,99999,5,5,5,1,5,1,5,5,5,5,1,5,1,1,5,4,4,5,1,2,0,0,0,0,0,0,0,0,0,0,0,0,0,0,0,0,0,0,0,1,99999,2,3,3,2,3,1,3,3,3,3,3,3,3,3,3,3,1,3,3,3,3,3,2,3,1,3,3,3,2,3,5,5,5,5,5,5,5,5,5,5,1,5,5,1,5,1,1,1,1,1,1,1,1,1,1,1,1,1,1,1,1,1,1,1,0,3,4,2,3,3,1,1,1,1,1,2,2,2,3,4,1,73560
3,1638,3,39720,1,1,0,0,6,1997,1,156,2,3,2,4,1,2,4,4,4,1,4,4,1,5,5,5,5,1,3,1,5,1,1,7,2,99999,5,5,5,1,5,1,5,1,5,5,5,5,5,1,5,6,1,6,4,1,4,4,4,4,4,4,1,2,4,2,1,2,1,2,2,1,1,1,2,2,40380,0,0,0,0,0,0,0,0,0,0,0,0,0,0,0,0,0,0,0,0,0,0,0,0,0,0,0,0,0,0,0,0,0,0,0,0,0,0,0,0,0,0,0,0,0,0,0,0,0,0,0,0,0,0,0,0,0,0,0,0,0,0,0,0,0,0,0,0,0,0,0,0,0,0,0,0,0,0,0,0,0,0
3,5934,4,63000,2,1,10,1997,11,1997,1,365,2,2,3,2,2,4,4,3,4,4,4,4,1,1,5,5,5,5,3,2,3,1,1,2,2,99999,5,5,5,1,5,1,1,1,1,5,5,5,5,5,1,4,1,4,2,1,4,4,3,4,2,3,2,1,3,3,1,1,3,2,3,1,4,3,3,1,99999,1,2,1,3,1,3,2,1,2,2,2,2,1,1,1,1,1,2,2,1,3,2,1,1,1,1,2,3,2,3,5,3,3,5,2,3,4,5,2,4,1,1,1,1,5,1,2,2,2,1,1,2,2,2,1,2,3,3,1,1,3,1,1,1,1,1,2,3,2,2,1,3,2,2,3,3,2,2,3,4,2,64500
3,5590,3,39600,700,3,11,1991,99,9999,2,30,2,3,4,2,4,4,4,4,4,4,4,4,1,1,1,1,1,5,1,1,5,1,1,2,2,99999,5,5,5,1,5,1,1,1,1,1,1,1,1,1,5,2,2,4,4,2,0,0,0,0,0,0,0,0,0,0,0,0,0,0,0,0,0,0,0,1,99999,1,3,3,2,3,3,2,3,3,3,3,3,3,3,3,3,2,2,3,3,3,3,2,3,2,3,3,3,2,3,5,3,5,5,3,5,5,5,5,5,2,0,0,0,0,0,0,0,0,0,0,0,0,0,0,0,0,0,0,0,0,0,0,0,0,0,0,0,0,0,1,1,1,1,1,1,1,1,5,1,1,40380
3,4915,2,64260,1.5,1,10,1994,5,1997,1,100,2,3,1,1,1,4,4,1,4,4,4,4,1,5,1,5,5,5,1,1,5,2,1,6,2,99999,5,5,5,1,5,1,1,5,5,5,1,5,5,5,5,3,5,6,3,1,4,4,3,4,4,4,1,1,1,1,3,2,2,2,1,2,1,1,1,1,99999,3,3,3,2,2,3,2,3,3,3,2,3,3,3,3,3,2,3,2,3,3,3,1,3,1,3,2,3,3,3,5,1,5,5,5,5,4,5,5,5,1,5,5,1,5,1,1,1,3,1,1,1,3,1,1,1,3,0,1,1,1,0,0,0,0,1,3,4,3,3,3,1,1,1,1,0,1,1,4,1,1,66900
3,3560,5,79740,6,1,6,1988,4,1997,1,30,2,3,3,3,2,2,3,3,4,3,4,4,1,5,5,5,5,5,2,2,2,2,1,6,2,99999,5,5,5,1,5,5,1,5,5,5,5,5,5,5,5,5,6,6,6,1,3,2,3,4,3,4,1,1,2,4,2,2,2,4,1,1,2,5,2,1,99999,2,2,3,2,3,3,2,2,3,3,3,3,2,3,3,3,3,3,3,3,3,3,3,3,3,3,3,3,2,3,4,3,3,4,3,5,4,4,3,4,1,5,5,8,5,1,1,1,1,1,1,1,2,1,2,1,3,1,3,1,1,1,1,1,1,4,4,4,2,3,2,2,2,1,2,2,2,1,3,1,1,80640
3,3560,6,80640,6,1,0,0,4,1997,1,30,2,3,3,3,2,3,3,3,4,3,4,4,1,5,5,5,5,5,1,1,1,1,1,6,2,99999,5,5,5,1,5,5,1,5,5,5,5,5,5,5,5,6,5,5,5,1,4,4,4,4,4,2,1,1,4,3,3,4,2,4,1,1,1,1,4,1,99999,2,3,3,3,3,3,3,3,3,3,3,3,3,3,3,3,3,3,3,3,3,3,2,2,2,3,3,3,2,3,5,2,5,4,4,4,5,3,3,5,2,0,0,0,0,0,0,0,0,0,0,0,0,0,0,0,0,0,0,0,0,0,0,0,0,0,0,0,0,0,2,2,1,2,2,1,2,1,2,1,1,81780
3,15,4,64800,9999,3,0,0,9,1997,3,3,2,1,4,2,3,2,4,4,4,4,3,4,5,5,5,5,5,5,3,1,1,1,1,4,1,65280,0,0,0,0,0,0,0,0,0,0,0,0,0,0,0,0,0,0,0,0,0,0,0,0,0,0,0,0,0,0,0,0,0,0,0,0,0,0,0,0,0,0,0,0,0,0,0,0,0,0,0,0,0,0,0,0,0,0,0,0,0,0,0,0,0,0,0,0,0,0,0,0,0,0,0,0,0,0,0,0,0,0,0,0,0,0,0,0,0,0,0,0,0,0,0,0,0,0,0,0,0,0,0,0,0,0,0,0,0,0,0,0,0,0,0,0,0,0,0,0,0,0,0
3,293,2,69300,6,1,0,0,10,1997,1,150,2,2,1,3,3,4,4,4,3,4,3,4,1,5,5,1,1,5,1,1,5,1,1,2,2,99999,5,5,5,1,5,1,5,5,5,5,5,5,5,5,5,5,1,5,2,1,3,3,3,3,3,3,1,3,2,1,1,2,1,1,1,1,1,1,1,1,99999,3,3,3,3,2,3,3,3,3,3,3,3,3,3,3,3,3,3,3,3,3,3,2,3,3,3,3,3,3,3,5,5,4,5,5,5,5,5,5,5,1,5,5,1,5,1,1,1,1,1,1,1,1,1,1,1,1,1,1,1,1,1,1,0,0,3,3,3,3,3,2,2,2,2,2,2,2,2,9,5,2,70500
3,1902,4,57600,10,4,5,1985,5,1997,4,12,2,1,4,4,4,4,4,4,4,4,4,4,5,5,5,5,5,5,1,1,1,1,1,6,2,99999,5,5,5,1,5,1,1,5,5,5,5,5,5,1,5,3,1,1,1,1,2,2,2,2,2,2,1,1,1,1,2,1,1,2,1,1,2,1,1,1,99999,2,3,3,3,2,3,3,3,3,3,3,3,3,3,3,3,3,3,3,3,3,3,3,3,3,3,3,3,3,2,5,5,5,5,5,5,5,5,5,5,1,5,5,5,5,1,1,1,1,1,1,1,1,1,1,1,3,3,1,1,1,1,1,1,1,4,4,4,3,3,1,1,1,1,1,1,1,1,98,5,1,60240
3,1902,5,60300,10,4,5,1985,5,1997,4,12,2,1,4,4,4,4,4,4,4,4,4,4,5,5,5,5,5,5,1,1,1,1,1,6,2,99999,5,5,5,1,5,1,1,5,5,5,5,5,5,1,5,3,1,1,1,1,2,2,2,2,2,2,1,1,1,1,2,1,1,2,1,1,2,1,1,1,99999,3,3,3,3,3,3,3,3,3,3,3,3,3,3,3,3,3,3,3,3,3,3,3,3,3,3,3,3,3,3,5,5,5,4,4,5,5,5,5,5,1,5,5,5,5,1,1,1,1,1,1,1,1,1,1,1,3,3,1,1,1,1,1,1,1,4,4,4,3,3,1,1,1,1,1,1,1,1,98,5,1,62100
3,3415,4,61200,17,1,2,1996,4,1997,1,240,2,3,2,2,3,2,4,1,4,4,4,4,1,5,1,1,1,5,1,1,1,1,1,6,2,99999,5,5,5,1,5,5,5,5,5,5,5,5,5,1,1,5,2,6,3,2,0,0,0,0,0,0,0,0,0,0,0,0,0,0,0,0,0,0,0,1,99999,3,3,2,2,3,3,3,3,3,2,3,3,3,3,3,3,3,3,3,3,3,3,3,3,3,3,3,3,2,3,5,5,5,5,5,5,5,5,5,5,2,0,0,0,0,0,0,0,0,0,0,0,0,0,0,0,0,0,0,0,0,0,0,0,0,0,0,0,0,0,1,1,1,1,2,1,3,2,5,3,1,61800
3,3558,2,77400,12,1,12,1995,6,1997,1,40,2,3,4,3,4,4,4,4,4,4,4,4,1,1,1,1,1,5,1,1,1,1,1,6,2,99999,5,5,5,1,5,1,5,1,1,5,5,5,5,1,5,5,5,5,5,1,3,3,3,3,3,3,1,1,2,1,3,3,1,3,1,1,3,1,3,1,99999,3,3,3,3,3,3,3,3,3,3,3,3,3,3,3,3,3,3,3,3,3,3,3,3,2,3,3,2,3,3,4,5,4,4,4,5,5,5,5,5,1,5,5,1,5,1,1,1,2,1,1,2,2,1,1,1,3,1,1,1,1,1,1,1,1,4,4,4,3,3,1,1,1,1,1,0,2,1,10,2,1,79200
3,6169,2,66300,20,1,10,1996,11,1997,1,32,2,3,4,4,4,4,4,4,4,4,4,4,1,5,5,5,5,9,1,1,1,1,1,6,2,99999,5,5,5,1,5,1,5,1,5,5,1,5,5,5,9,4,4,5,1,1,4,4,4,4,4,4,1,1,4,3,4,4,1,4,4,1,1,1,1,1,99999,3,3,3,3,9,3,3,3,3,3,3,3,3,3,3,3,1,3,3,3,3,3,3,3,2,3,3,3,3,3,5,5,5,5,5,5,5,5,5,5,2,0,0,0,0,0,0,0,0,0,0,0,0,0,0,0,0,0,0,0,0,0,0,0,0,0,0,0,0,0,1,1,1,1,1,1,0,1,4,1,1,67500
3,3557,2,64800,10,1,0,0,10,1997,1,7,2,2,2,2,2,2,2,4,2,2,2,2,1,5,5,5,5,1,1,5,3,1,1,7,1,65400,0,0,0,0,0,0,0,0,0,0,0,0,0,0,0,0,0,0,0,0,0,0,0,0,0,0,0,0,0,0,0,0,0,0,0,0,0,0,0,0,0,0,0,0,0,0,0,0,0,0,0,0,0,0,0,0,0,0,0,0,0,0,0,0,0,0,0,0,0,0,0,0,0,0,0,0,0,0,0,0,0,0,0,0,0,0,0,0,0,0,0,0,0,0,0,0,0,0,0,0,0,0,0,0,0,0,0,0,0,0,0,0,0,0,0,0,0,0,0,0,0,0,0
3,4572,3,40200,1,7,6,1995,9,1997,1,300,1,0,0,0,0,0,0,0,0,0,0,0,0,0,0,0,0,0,1,2,5,1,1,2,2,99999,5,5,5,1,5,5,5,5,5,5,1,5,5,5,5,6,4,6,4,1,5,5,5,5,5,5,1,1,5,1,4,5,1,3,4,4,4,4,1,1,99999,3,3,3,2,3,3,3,2,3,3,2,3,3,3,3,3,2,2,3,3,3,3,3,3,3,3,3,3,3,3,5,4,4,5,5,5,5,3,3,5,1,5,5,1,5,1,1,1,2,1,1,1,3,2,1,1,1,1,1,3,1,1,1,1,1,3,3,4,3,3,3,3,2,2,2,2,2,2,4,5,2,41100
3,4572,4,41100,1,7,8,1995,9,1997,1,300,1,0,0,0,0,0,0,0,0,0,0,0,0,0,0,0,0,0,1,1,5,3,1,2,2,99999,5,5,5,1,5,5,5,5,5,5,1,5,5,5,5,6,4,5,1,1,5,5,5,5,5,5,4,1,5,4,4,5,1,3,4,1,4,4,1,1,99999,3,3,3,2,3,3,3,3,3,3,2,3,2,2,3,3,3,2,2,2,3,3,3,3,3,3,3,3,2,3,4,5,5,5,3,3,5,4,2,5,1,5,5,5,5,1,1,1,1,1,1,1,1,1,1,1,1,1,3,3,1,1,1,1,1,3,3,4,3,3,2,2,2,2,2,2,2,2,3,5,2,42600
3,2140,4,59880,4,1,0,0,4,1997,1,998,2,3,4,2,2,1,3,4,4,4,4,2,1,5,1,1,1,5,1,1,9,3,1,6,2,99999,5,5,5,1,5,5,1,1,5,5,1,5,5,5,5,4,4,6,4,1,3,4,4,4,1,1,2,2,4,2,2,3,3,3,1,1,2,2,2,1,99999,2,3,3,2,2,3,3,3,3,3,1,3,2,3,3,3,3,2,3,3,3,3,1,3,1,1,3,3,3,3,5,3,3,4,2,3,4,5,2,4,2,0,0,0,0,0,0,0,0,0,0,0,0,0,0,0,0,0,0,0,0,0,0,0,0,0,0,0,0,0,1,2,2,2,2,3,3,2,2,1,1,61140
3,5266,3,72600,700,2,7,1997,7,1997,2,52,2,2,1,1,1,2,1,3,3,1,3,4,1,1,5,1,1,9,1,4,2,1,1,6,2,99999,5,5,5,1,5,1,1,5,5,5,1,5,1,1,9,4,4,4,6,2,0,0,0,0,0,0,0,0,0,0,0,0,0,0,0,0,0,0,0,1,99999,1,3,2,3,3,3,3,3,3,3,3,3,3,3,3,2,2,2,2,2,3,3,3,3,2,3,3,3,3,3,4,5,5,3,3,5,5,4,5,5,1,5,5,5,5,3,2,1,2,1,3,3,3,1,3,3,1,1,1,1,1,1,1,1,1,4,4,4,2,3,1,2,1,1,1,3,1,3,4,2,1,73800
3,3283,2,51000,33,1,0,0,11,1997,1,0,2,1,4,4,4,4,4,1,4,4,1,4,5,5,5,5,5,5,9,9,9,9,9,6,1,51300,0,0,0,0,0,0,0,0,0,0,0,0,0,0,0,0,0,0,0,0,0,0,0,0,0,0,0,0,0,0,0,0,0,0,0,0,0,0,0,0,0,0,0,0,0,0,0,0,0,0,0,0,0,0,0,0,0,0,0,0,0,0,0,0,0,0,0,0,0,0,0,0,0,0,0,0,0,0,0,0,0,0,0,0,0,0,0,0,0,0,0,0,0,0,0,0,0,0,0,0,0,0,0,0,0,0,0,0,0,0,0,0,0,0,0,0,0,0,0,0,0,0,0
3,147,3,56400,6,1,9,1994,11,1997,1,100,2,2,4,4,4,4,4,4,4,4,4,3,5,5,5,5,5,1,1,5,1,1,1,6,2,99999,5,5,5,1,5,1,1,1,1,1,1,5,1,1,5,3,3,3,3,1,4,4,1,4,2,4,1,1,4,2,4,4,1,2,1,1,1,2,1,1,99999,2,1,2,2,2,1,2,2,2,2,2,3,2,3,2,3,3,2,3,2,3,3,3,3,3,3,3,3,3,3,5,5,5,5,4,5,5,3,5,5,1,1,1,1,1,1,2,1,1,1,1,2,3,2,1,1,3,1,1,1,1,1,1,1,1,2,2,2,3,3,2,2,1,1,2,1,1,1,20,4,1,58200
3,147,5,58200,6,1,9,1994,11,1997,1,100,2,2,4,4,4,4,4,4,4,4,4,3,5,5,5,5,5,1,2,5,1,1,1,6,2,99999,5,5,5,1,5,1,1,1,1,1,1,5,1,1,5,3,3,3,3,1,4,4,1,4,2,4,1,1,4,2,4,4,1,2,1,1,1,2,1,1,99999,3,3,3,3,3,3,3,3,3,3,3,3,3,3,3,3,3,3,3,3,3,3,3,3,3,3,3,3,3,3,5,5,5,5,5,5,5,5,5,5,1,1,1,1,1,1,2,1,1,1,1,2,3,2,1,1,3,1,1,1,1,1,1,1,1,2,2,2,3,3,1,1,1,1,1,1,1,1,20,4,1,59400
3,849,3,36300,1800,5,0,0,12,1995,1,0,1,0,0,0,0,0,0,0,0,0,0,0,0,0,0,0,0,0,2,4,2,4,1,6,1,36540,0,0,0,0,0,0,0,0,0,0,0,0,0,0,0,0,0,0,0,0,0,0,0,0,0,0,0,0,0,0,0,0,0,0,0,0,0,0,0,0,0,0,0,0,0,0,0,0,0,0,0,0,0,0,0,0,0,0,0,0,0,0,0,0,0,0,0,0,0,0,0,0,0,0,0,0,0,0,0,0,0,0,0,0,0,0,0,0,0,0,0,0,0,0,0,0,0,0,0,0,0,0,0,0,0,0,0,0,0,0,0,0,0,0,0,0,0,0,0,0,0,0,0
3,1237,3,72960,20,6,3,1994,7,1997,3,15,1,0,0,0,0,0,0,0,0,0,0,0,0,0,0,0,0,0,1,2,1,1,1,7,2,99999,5,5,5,1,5,5,5,5,5,5,1,5,5,1,1,3,2,3,2,2,0,0,0,0,0,0,0,0,0,0,0,0,0,0,0,0,0,0,0,1,99999,3,3,3,2,2,3,3,3,3,3,3,3,3,3,3,2,3,2,3,3,3,3,2,3,2,3,3,3,2,3,5,5,5,5,5,5,5,5,5,5,1,5,5,1,5,1,1,1,1,1,1,1,1,1,1,1,3,1,1,1,1,1,1,1,0,3,3,3,2,3,2,2,3,2,1,4,2,4,98,9,1,74520
3,3351,2,75900,5,1,99,9999,5,1997,1,250,2,2,4,4,4,4,4,4,4,4,4,4,1,5,5,5,5,5,1,1,1,1,1,4,2,99999,5,5,5,1,5,1,5,5,5,5,5,5,5,1,5,3,5,6,4,1,4,4,3,4,4,3,1,1,3,3,3,1,9,2,1,1,1,3,1,1,99999,2,3,3,3,3,3,3,3,3,3,3,3,3,3,3,3,3,2,3,3,3,3,2,3,3,3,3,3,3,3,5,4,4,4,4,5,4,3,4,4,1,5,5,1,5,3,2,2,1,1,1,2,2,1,1,1,3,1,1,1,1,1,1,1,1,4,4,4,3,3,1,1,1,1,1,1,1,2,5,4,1,77100
3,3203,3,79500,100,6,7,1996,3,1997,4,30,1,0,0,0,0,0,0,0,0,0,0,0,0,0,0,0,0,0,1,3,3,1,2,4,2,99999,5,5,5,1,5,1,5,5,5,5,1,5,5,1,1,3,2,3,1,2,0,0,0,0,0,0,0,0,0,0,0,0,0,0,0,0,0,0,0,1,99999,1,3,3,2,2,3,2,2,3,3,2,3,3,3,3,3,3,2,2,2,3,3,1,3,3,3,3,3,2,3,2,2,3,1,2,4,5,1,5,5,1,5,5,5,5,1,1,1,1,1,1,1,1,1,1,1,1,1,1,1,1,1,1,1,1,1,1,1,3,3,3,3,2,2,3,0,0,0,98,5,3,80100
3,4529,3,64560,25,2,11,1996,6,1997,1,300,2,2,2,2,2,4,2,2,4,4,4,4,1,5,5,5,5,1,2,4,5,2,1,1,2,99999,5,5,5,1,5,1,5,5,5,5,5,5,5,1,5,4,1,4,1,1,2,2,2,2,2,2,1,1,2,2,2,2,1,2,1,1,2,1,1,1,99999,2,3,3,2,2,2,2,3,3,2,2,2,2,3,3,3,2,3,2,3,3,3,2,3,1,1,3,3,3,2,3,3,2,4,2,4,3,4,3,4,1,5,5,5,5,1,1,1,1,1,1,1,1,1,1,1,1,1,1,1,1,1,1,1,1,3,3,3,2,2,2,2,2,2,3,3,2,2,98,5,1,66000
3,335,3,44700,17,1,0,0,3,1997,1,30,2,3,4,4,4,4,4,4,4,4,4,4,1,1,5,5,5,5,1,3,5,2,1,5,2,99999,5,5,5,1,5,1,5,5,5,5,1,5,5,5,5,5,1,5,6,1,4,4,4,4,3,3,1,2,2,2,3,1,2,4,2,1,1,3,1,1,99999,2,3,3,3,3,3,3,2,3,3,3,3,3,3,3,3,3,3,3,3,3,3,2,3,3,3,3,3,3,3,3,5,5,5,3,5,4,5,9,5,2,0,0,0,0,0,0,0,0,0,0,0,0,0,0,0,0,0,0,0,0,0,0,0,0,0,0,0,0,0,2,2,1,1,2,1,2,1,12,3,3,45900
3,2854,4,38760,1,1,0,0,11,1997,1,160,2,2,4,4,2,4,4,4,4,4,4,4,1,5,5,5,5,1,1,3,1,1,1,7,2,99999,5,5,5,1,5,1,1,1,1,1,1,5,1,1,5,6,4,6,3,1,4,4,4,4,4,4,1,1,2,3,2,1,1,3,1,1,3,2,2,1,99999,2,3,3,2,3,3,3,3,2,3,3,3,3,3,3,3,3,2,2,3,3,3,3,3,2,3,3,3,3,3,5,4,5,4,4,5,5,4,5,5,1,1,1,1,5,1,3,1,1,1,1,1,1,1,2,2,3,3,1,1,1,1,1,1,1,4,4,4,2,3,1,1,1,1,2,1,1,1,5,1,2,39960
3,714,2,51720,3,1,6,1996,4,1997,1,52,2,3,4,4,4,4,4,4,4,4,4,4,1,5,1,1,1,5,1,3,1,1,1,2,2,99999,5,5,5,1,5,1,1,5,5,5,1,5,5,5,5,5,4,6,5,1,4,4,3,4,3,4,2,2,3,3,3,3,3,4,3,3,4,3,3,1,99999,2,3,3,2,2,2,2,2,3,3,3,2,2,3,3,2,3,3,2,3,3,3,3,3,2,3,3,3,2,2,5,5,5,5,5,5,5,3,5,5,1,5,1,1,5,2,1,1,2,1,2,2,2,1,2,2,2,2,1,1,1,1,1,1,0,4,4,4,3,3,1,1,1,1,1,1,1,1,7,1,1,52740
3,714,3,50460,3,1,6,1996,4,1997,1,52,2,2,4,4,2,4,4,4,4,4,4,4,1,5,1,1,1,5,1,1,1,1,1,2,2,99999,5,5,5,1,5,1,1,5,5,5,1,5,5,5,5,5,4,5,6,1,3,4,3,4,3,3,2,2,3,3,2,3,3,4,2,2,4,3,2,1,99999,2,3,2,2,2,2,2,2,3,3,3,2,2,3,3,2,2,3,2,3,3,3,3,3,2,2,3,3,2,3,3,5,5,5,3,5,5,3,5,3,2,0,0,0,0,0,0,0,0,0,0,0,0,0,0,0,0,0,0,0,0,0,0,0,0,0,0,0,0,0,2,2,2,2,2,2,2,2,3,1,1,51660
3,1217,6,58320,8,3,0,0,12,1996,1,0,2,3,1,1,1,3,4,3,1,3,4,2,1,5,5,5,5,1,1,1,1,1,1,5,1,58920,0,0,0,0,0,0,0,0,0,0,0,0,0,0,0,0,0,0,0,0,0,0,0,0,0,0,0,0,0,0,0,0,0,0,0,0,0,0,0,0,0,0,0,0,0,0,0,0,0,0,0,0,0,0,0,0,0,0,0,0,0,0,0,0,0,0,0,0,0,0,0,0,0,0,0,0,0,0,0,0,0,0,0,0,0,0,0,0,0,0,0,0,0,0,0,0,0,0,0,0,0,0,0,0,0,0,0,0,0,0,0,0,0,0,0,0,0,0,0,0,0,0,0
3,6182,2,39660,9,1,0,0,11,1997,1,75,2,3,4,4,4,4,4,4,4,4,4,4,1,5,5,5,5,5,1,1,3,1,1,6,2,99999,5,5,5,1,5,1,5,1,5,5,5,5,1,1,5,4,1,6,1,1,4,4,2,4,4,4,1,2,2,2,2,2,2,1,2,1,2,2,1,1,99999,3,3,3,3,3,3,3,3,3,3,3,3,3,3,3,3,3,3,3,3,3,3,2,3,1,3,3,3,3,3,5,4,3,5,3,5,5,5,5,5,1,1,5,1,5,1,1,1,1,1,1,1,1,1,1,1,3,1,1,1,3,1,1,1,1,4,4,4,3,3,1,1,1,1,3,2,1,1,7,3,2,40860
3,5624,2,71460,7,4,12,1996,11,1997,1,350,2,3,4,2,2,2,2,4,4,9,2,2,1,1,1,1,5,1,2,1,3,1,1,6,2,99999,1,5,5,5,5,1,1,1,5,5,1,5,5,1,5,5,5,5,6,1,4,4,3,4,4,4,1,1,3,4,4,1,1,3,1,2,2,3,3,2,72120,0,0,0,0,0,0,0,0,0,0,0,0,0,0,0,0,0,0,0,0,0,0,0,0,0,0,0,0,0,0,0,0,0,0,0,0,0,0,0,0,0,0,0,0,0,0,0,0,0,0,0,0,0,0,0,0,0,0,0,0,0,0,0,0,0,0,0,0,0,0,0,0,0,0,0,0,0,0,0,0,0,0
3,4153,4,41760,50,1,0,0,5,1997,3,60,2,2,4,4,2,4,4,2,4,4,2,4,1,5,5,1,1,5,1,1,1,1,1,6,2,99999,5,5,5,1,5,1,1,1,1,5,5,5,5,1,5,4,4,4,1,1,2,2,2,2,2,2,1,1,2,2,2,1,1,1,1,1,1,1,1,2,42420,0,0,0,0,0,0,0,0,0,0,0,0,0,0,0,0,0,0,0,0,0,0,0,0,0,0,0,0,0,0,0,0,0,0,0,0,0,0,0,0,0,0,0,0,0,0,0,0,0,0,0,0,0,0,0,0,0,0,0,0,0,0,0,0,0,0,0,0,0,0,0,0,0,0,0,0,0,0,0,0,0,0
3,4153,2,39180,50,1,0,0,5,1997,3,999,2,2,4,4,2,4,4,2,4,4,2,4,1,5,5,1,1,5,1,1,1,1,1,6,2,99999,5,5,5,1,5,1,1,1,1,5,5,5,5,1,5,4,4,4,1,1,2,2,2,2,2,2,1,1,2,2,2,1,1,2,1,1,2,1,2,1,99999,2,3,3,3,3,3,3,3,3,3,2,3,3,3,3,3,2,2,3,3,3,3,2,3,2,3,3,3,3,3,5,4,5,5,5,5,5,5,5,5,2,0,0,0,0,0,0,0,0,0,0,0,0,0,0,0,0,0,0,0,0,0,0,0,0,0,0,0,0,0,1,1,1,1,2,1,2,1,5,4,1,41400
3,5605,4,61380,12,2,12,1993,11,1997,1,156,2,3,4,4,4,4,2,4,4,2,4,2,1,1,1,1,1,5,1,1,1,1,1,6,2,99999,5,5,5,1,5,1,5,1,1,5,1,5,5,1,5,6,1,6,6,1,5,5,4,4,4,4,4,1,4,4,4,4,4,4,4,4,4,4,4,1,99999,3,3,3,3,3,3,3,3,3,3,3,3,3,3,3,3,3,3,3,3,3,3,3,3,3,3,3,3,3,3,5,5,5,5,5,5,5,5,5,5,1,5,5,1,5,1,1,1,1,1,1,1,1,1,1,1,3,1,1,1,1,1,1,1,1,4,4,4,3,3,1,1,1,1,1,1,1,1,5,1,1,62340
3,6127,4,65760,65,3,9,1993,11,1997,1,52,2,3,4,4,4,4,2,9,4,4,4,2,1,1,5,1,1,5,1,1,1,1,1,7,2,99999,5,5,5,1,5,1,1,1,1,5,5,5,5,5,5,3,4,3,2,1,2,2,2,2,2,4,1,1,2,2,2,2,1,2,2,1,1,1,2,1,99999,3,3,3,3,3,2,3,2,3,3,3,3,3,3,3,3,3,3,3,3,3,3,2,3,3,3,3,3,3,3,5,5,5,5,3,5,5,5,5,5,1,5,5,1,5,1,1,1,1,1,1,1,1,1,1,1,3,0,1,0,1,1,1,1,1,4,4,4,3,3,2,2,2,2,2,2,2,2,2,5,1,67260
3,4111,5,36840,20,3,3,1995,6,1997,2,100,2,2,4,4,2,3,3,2,2,3,4,3,1,5,5,1,1,1,1,1,3,1,1,6,2,99999,5,5,5,1,5,5,5,1,5,5,5,5,5,5,5,2,2,5,1,1,4,4,3,3,4,4,1,1,1,3,2,1,1,3,1,1,1,1,1,1,99999,2,3,3,2,2,2,2,2,3,2,3,2,2,3,3,2,2,2,3,3,3,3,2,2,2,2,3,3,3,3,5,4,4,4,4,4,3,4,4,4,2,0,0,0,0,0,0,0,0,0,0,0,0,0,0,0,0,0,0,0,0,0,0,0,0,0,0,0,0,0,2,2,2,1,2,0,0,3,98,5,5,37860
3,3792,5,57300,500,2,11,1990,7,1996,2,7,2,2,4,4,4,4,4,2,4,4,4,4,1,1,5,5,1,1,1,1,1,1,1,2,1,57720,0,0,0,0,0,0,0,0,0,0,0,0,0,0,0,0,0,0,0,0,0,0,0,0,0,0,0,0,0,0,0,0,0,0,0,0,0,0,0,0,0,0,0,0,0,0,0,0,0,0,0,0,0,0,0,0,0,0,0,0,0,0,0,0,0,0,0,0,0,0,0,0,0,0,0,0,0,0,0,0,0,0,0,0,0,0,0,0,0,0,0,0,0,0,0,0,0,0,0,0,0,0,0,0,0,0,0,0,0,0,0,0,0,0,0,0,0,0,0,0,0,0,0
3,5271,4,66240,9998,6,0,0,98,9998,7,0,1,0,0,0,0,0,0,0,0,0,0,0,0,0,0,0,0,0,1,8,5,1,1,6,1,76020,0,0,0,0,0,0,0,0,0,0,0,0,0,0,0,0,0,0,0,0,0,0,0,0,0,0,0,0,0,0,0,0,0,0,0,0,0,0,0,0,0,0,0,0,0,0,0,0,0,0,0,0,0,0,0,0,0,0,0,0,0,0,0,0,0,0,0,0,0,0,0,0,0,0,0,0,0,0,0,0,0,0,0,0,0,0,0,0,0,0,0,0,0,0,0,0,0,0,0,0,0,0,0,0,0,0,0,0,0,0,0,0,0,0,0,0,0,0,0,0,0,0,0
3,4252,5,15060,7,4,12,1987,8,1996,4,1,2,2,4,2,4,2,4,4,4,4,2,4,1,5,5,1,1,5,1,3,1,1,1,6,1,15540,0,0,0,0,0,0,0,0,0,0,0,0,0,0,0,0,0,0,0,0,0,0,0,0,0,0,0,0,0,0,0,0,0,0,0,0,0,0,0,0,0,0,0,0,0,0,0,0,0,0,0,0,0,0,0,0,0,0,0,0,0,0,0,0,0,0,0,0,0,0,0,0,0,0,0,0,0,0,0,0,0,0,0,0,0,0,0,0,0,0,0,0,0,0,0,0,0,0,0,0,0,0,0,0,0,0,0,0,0,0,0,0,0,0,0,0,0,0,0,0,0,0,0
3,3002,3,75540,4,1,99,9999,6,1997,1,998,2,3,4,4,4,4,4,4,4,4,4,4,1,5,5,5,1,1,1,1,9,1,1,6,2,99999,5,5,5,1,5,1,1,5,5,5,1,5,1,5,1,3,1,6,4,1,4,1,2,4,2,3,1,1,3,2,1,1,1,2,1,2,1,1,2,1,99999,2,3,3,3,2,3,3,3,3,2,3,3,3,3,3,2,3,3,3,2,3,3,2,3,3,3,3,3,3,3,5,4,4,5,5,5,4,5,5,5,1,1,1,1,5,1,1,1,1,1,2,2,1,3,1,1,3,1,1,1,1,1,1,1,1,4,3,1,3,3,1,1,1,1,3,3,1,1,5,4,2,77040
3,1444,3,32580,700,2,7,1995,8,1996,2,10,2,3,4,4,4,4,4,4,4,4,4,4,1,1,5,1,1,1,1,1,1,1,1,6,1,32940,0,0,0,0,0,0,0,0,0,0,0,0,0,0,0,0,0,0,0,0,0,0,0,0,0,0,0,0,0,0,0,0,0,0,0,0,0,0,0,0,0,0,0,0,0,0,0,0,0,0,0,0,0,0,0,0,0,0,0,0,0,0,0,0,0,0,0,0,0,0,0,0,0,0,0,0,0,0,0,0,0,0,0,0,0,0,0,0,0,0,0,0,0,0,0,0,0,0,0,0,0,0,0,0,0,0,0,0,0,0,0,0,0,0,0,0,0,0,0,0,0,0,0
3,1609,5,63900,15,6,0,0,6,1997,2,0,1,0,0,0,0,0,0,0,0,0,0,0,0,0,0,0,0,0,3,3,1,1,1,2,1,64140,0,0,0,0,0,0,0,0,0,0,0,0,0,0,0,0,0,0,0,0,0,0,0,0,0,0,0,0,0,0,0,0,0,0,0,0,0,0,0,0,0,0,0,0,0,0,0,0,0,0,0,0,0,0,0,0,0,0,0,0,0,0,0,0,0,0,0,0,0,0,0,0,0,0,0,0,0,0,0,0,0,0,0,0,0,0,0,0,0,0,0,0,0,0,0,0,0,0,0,0,0,0,0,0,0,0,0,0,0,0,0,0,0,0,0,0,0,0,0,0,0,0,0
3,5212,2,62640,6,1,0,0,6,1997,1,20,2,2,4,4,2,2,2,4,4,4,4,2,1,5,5,5,5,5,1,1,2,1,1,6,2,99999,5,5,5,1,5,1,1,1,5,5,1,5,5,5,5,5,1,6,1,1,4,4,4,4,4,4,1,1,2,4,4,1,1,2,1,1,1,1,1,2,63360,0,0,0,0,0,0,0,0,0,0,0,0,0,0,0,0,0,0,0,0,0,0,0,0,0,0,0,0,0,0,0,0,0,0,0,0,0,0,0,0,0,0,0,0,0,0,0,0,0,0,0,0,0,0,0,0,0,0,0,0,0,0,0,0,0,0,0,0,0,0,0,0,0,0,0,0,0,0,0,0,0,0
3,313,2,32400,8,1,10,1995,10,1997,1,156,2,2,4,2,2,4,4,4,4,4,4,4,1,5,1,1,1,5,1,1,1,1,1,6,2,99999,5,5,5,1,5,1,5,1,5,5,1,5,5,1,5,4,2,6,4,1,4,4,4,4,3,3,1,2,3,3,2,3,2,4,3,2,2,4,2,1,99999,3,3,3,3,3,3,3,3,3,3,3,3,3,3,3,3,3,3,3,3,3,3,3,3,3,3,3,3,3,3,4,4,3,3,3,4,4,3,3,3,1,1,1,1,5,1,2,1,2,1,1,1,1,1,2,1,3,3,3,1,1,1,1,1,1,3,4,3,3,3,2,2,1,1,2,1,2,1,7,2,1,33600
3,314,5,44460,10,1,7,1996,9,1997,1,240,2,3,2,1,1,1,1,1,4,4,1,1,1,1,5,1,1,5,1,5,4,5,1,6,2,99999,5,5,5,1,5,1,1,5,5,5,5,5,5,5,5,6,5,6,6,1,5,5,3,3,4,5,3,1,3,1,3,1,1,4,1,1,4,4,1,1,99999,2,2,1,2,1,2,2,2,3,3,2,3,2,2,3,2,2,2,2,2,2,3,1,3,2,1,3,2,1,1,5,5,5,3,5,5,5,5,5,5,1,1,1,1,5,3,3,3,3,1,2,3,3,3,3,3,1,1,2,3,3,2,1,1,1,4,4,4,3,3,2,2,2,2,2,2,2,2,8,3,1,45900
3,313,3,34500,8,1,10,1995,10,1997,1,156,2,2,4,2,2,4,4,4,4,4,4,4,1,5,1,1,1,5,1,1,1,1,1,6,2,99999,5,5,5,1,5,1,5,1,5,5,1,5,5,1,5,4,2,6,4,1,4,4,4,4,3,3,1,2,3,3,2,3,2,4,3,2,2,4,2,1,99999,2,3,3,3,3,3,3,3,3,3,3,3,3,3,3,3,3,3,3,3,3,3,3,3,3,3,3,3,3,3,4,2,3,3,3,4,4,3,3,3,1,1,1,1,5,1,2,1,2,1,1,1,1,1,2,1,3,3,3,1,1,1,1,1,1,3,4,3,3,3,2,2,1,1,2,1,2,1,5,2,1,35400
3,4112,2,60360,0,1,5,1997,5,1997,1,365,2,3,3,4,4,4,4,3,4,4,4,4,1,5,1,5,1,5,1,2,1,1,1,6,2,99999,1,5,5,5,5,1,1,1,1,1,1,1,5,1,5,6,4,6,6,1,5,5,5,4,4,5,2,1,5,5,4,4,2,4,4,1,1,1,2,1,99999,3,2,3,3,3,3,3,3,3,3,3,3,3,3,3,3,2,3,3,3,3,3,1,2,1,3,3,3,3,3,5,4,3,5,5,5,5,5,5,5,2,0,0,0,0,0,0,0,0,0,0,0,0,0,0,0,0,0,0,0,0,0,0,0,0,0,0,0,0,0,1,1,1,1,3,0,1,1,4,1,1,61560
3,2165,2,46620,1,4,98,1990,12,1997,1,100,2,3,4,4,2,4,4,4,4,2,3,4,1,1,5,5,1,9,1,5,4,1,1,4,2,99999,5,5,5,1,5,1,1,1,1,5,5,5,5,1,9,6,4,6,3,1,3,2,3,3,3,1,1,1,4,3,4,3,3,3,1,1,1,2,2,1,99999,3,3,3,3,3,3,2,3,3,3,2,3,3,3,3,3,2,3,3,3,3,3,3,3,2,3,3,3,3,3,3,3,3,3,3,5,3,5,5,5,1,5,5,1,5,1,3,2,2,1,1,2,3,1,1,2,3,2,1,1,1,1,1,2,1,3,3,3,2,2,3,2,2,2,3,1,3,3,7,4,3,48240
3,2165,3,48300,1,4,98,1990,12,1997,1,100,2,3,4,4,2,4,4,4,4,2,3,4,1,1,5,5,1,5,1,1,5,1,1,6,2,99999,5,5,5,1,5,1,1,1,1,5,5,5,5,1,5,6,4,6,3,1,3,2,3,3,3,1,1,1,4,3,4,3,3,3,1,1,1,2,2,1,99999,3,3,3,3,3,3,3,3,3,3,3,3,3,3,3,3,3,3,3,3,3,3,3,3,2,3,3,3,3,3,5,1,5,5,5,5,5,1,5,5,1,5,5,1,5,1,1,1,1,1,1,1,3,1,1,1,3,2,1,1,1,1,1,2,1,4,4,4,3,3,2,2,1,1,1,1,1,1,7,2,2,49200
3,1415,5,62400,2,1,9,1995,9,1997,1,120,2,2,2,3,3,3,4,3,4,4,3,3,1,1,1,5,5,1,1,3,1,2,1,8,2,99999,5,5,5,1,5,1,1,5,1,1,1,5,1,1,5,5,3,5,5,1,4,5,3,5,5,4,1,1,4,1,3,1,1,3,2,1,1,3,2,1,99999,3,3,3,3,3,3,3,3,3,2,3,3,2,3,3,3,2,3,3,3,3,3,2,3,2,3,3,3,2,3,5,3,3,4,2,5,3,5,5,5,1,5,5,1,5,1,1,1,1,1,1,1,1,1,1,1,3,3,1,1,1,1,1,1,1,4,3,4,2,3,1,2,1,1,1,1,2,2,4,3,1,64500
3,3979,5,58500,1,1,0,0,6,1997,2,104,2,3,4,4,4,3,4,4,4,4,4,4,1,5,5,5,5,5,1,1,1,1,1,6,2,99999,5,5,5,1,5,1,1,5,5,5,1,5,5,5,1,6,1,6,6,1,4,4,4,4,4,4,2,1,4,4,4,1,4,4,4,4,4,1,4,2,59400,0,0,0,0,0,0,0,0,0,0,0,0,0,0,0,0,0,0,0,0,0,0,0,0,0,0,0,0,0,0,0,0,0,0,0,0,0,0,0,0,0,0,0,0,0,0,0,0,0,0,0,0,0,0,0,0,0,0,0,0,0,0,0,0,0,0,0,0,0,0,0,0,0,0,0,0,0,0,0,0,0,0
3,4565,4,41400,1,2,11,1992,5,1997,2,0,2,1,4,4,4,1,4,1,4,4,4,4,1,5,5,5,5,5,1,3,2,5,1,2,1,41700,0,0,0,0,0,0,0,0,0,0,0,0,0,0,0,0,0,0,0,0,0,0,0,0,0,0,0,0,0,0,0,0,0,0,0,0,0,0,0,0,0,0,0,0,0,0,0,0,0,0,0,0,0,0,0,0,0,0,0,0,0,0,0,0,0,0,0,0,0,0,0,0,0,0,0,0,0,0,0,0,0,0,0,0,0,0,0,0,0,0,0,0,0,0,0,0,0,0,0,0,0,0,0,0,0,0,0,0,0,0,0,0,0,0,0,0,0,0,0,0,0,0,0
3,4565,5,41100,1,2,11,1992,5,1997,2,0,2,1,4,4,4,1,4,1,4,4,4,4,1,5,5,5,5,5,3,3,2,5,1,2,1,41400,0,0,0,0,0,0,0,0,0,0,0,0,0,0,0,0,0,0,0,0,0,0,0,0,0,0,0,0,0,0,0,0,0,0,0,0,0,0,0,0,0,0,0,0,0,0,0,0,0,0,0,0,0,0,0,0,0,0,0,0,0,0,0,0,0,0,0,0,0,0,0,0,0,0,0,0,0,0,0,0,0,0,0,0,0,0,0,0,0,0,0,0,0,0,0,0,0,0,0,0,0,0,0,0,0,0,0,0,0,0,0,0,0,0,0,0,0,0,0,0,0,0,0
3,5663,2,76800,35,3,4,1990,11,1997,3,24,2,2,2,3,3,2,2,3,3,3,2,3,1,1,5,1,5,5,1,1,1,1,1,5,2,99999,5,5,5,1,5,1,1,5,1,5,5,5,5,1,5,4,2,4,3,1,2,3,2,2,2,2,1,2,2,2,2,2,1,2,1,1,1,2,2,1,99999,3,3,3,3,3,3,3,3,3,3,3,3,3,3,2,3,3,3,3,3,3,3,3,3,3,3,3,3,2,3,4,4,5,5,4,4,4,5,5,5,1,1,5,1,5,1,1,1,1,1,1,1,1,1,1,1,3,3,0,1,1,1,1,1,1,4,4,4,3,3,2,2,2,1,2,2,2,1,4,3,1,78600
3,5663,3,80100,25,3,4,1990,11,1997,3,24,2,2,2,3,3,2,2,3,3,3,2,3,1,1,5,1,5,5,1,1,1,1,1,5,2,99999,5,5,5,1,5,1,1,5,1,5,5,5,5,1,5,4,2,4,3,1,2,3,2,2,2,2,1,2,2,2,2,2,1,2,1,1,1,2,2,1,99999,2,3,3,3,3,2,2,2,3,2,3,3,2,3,2,2,2,2,2,3,3,3,3,3,2,3,3,3,2,3,4,3,3,5,3,3,4,5,4,4,1,1,5,1,5,1,1,1,1,1,1,1,1,1,1,1,3,3,0,1,1,1,1,1,1,4,4,4,2,2,1,2,2,2,2,2,2,1,4,3,1,81600
3,6060,2,58200,1.5,1,6,1996,11,1997,1,250,2,3,2,3,3,3,3,3,1,2,4,4,1,1,1,5,5,1,1,3,5,2,1,8,2,99999,5,5,5,1,5,1,5,1,5,5,5,5,5,1,9,5,5,5,5,1,4,4,4,4,4,4,1,1,4,3,4,4,4,1,1,2,4,3,4,1,99999,1,2,3,1,1,1,1,1,1,3,3,3,1,3,3,1,1,1,1,1,1,3,1,1,1,2,3,2,2,3,4,4,5,5,3,4,5,4,2,5,1,5,5,5,5,1,2,1,1,1,1,2,2,1,1,1,3,3,0,1,1,1,1,1,2,4,4,4,3,3,1,2,1,3,1,2,2,1,1,1,2,59700
3,5754,3,30840,900,3,12,1996,12,1996,3,185,2,2,3,1,1,1,1,1,4,4,1,4,1,5,1,1,1,1,3,3,1,2,1,6,2,99999,5,5,1,5,5,1,1,1,1,1,1,1,1,1,1,3,6,6,6,2,0,0,0,0,0,0,0,0,0,0,0,0,0,0,0,0,0,0,0,1,99999,1,1,3,1,3,3,1,1,3,1,1,3,1,1,3,1,3,1,3,2,2,3,2,3,1,1,3,3,2,2,3,5,4,4,3,5,3,3,5,5,1,5,5,9,5,1,1,1,1,1,1,1,1,1,1,1,0,0,0,0,0,0,0,0,0,4,4,4,3,3,3,2,3,2,3,0,1,2,99,1,1,31860
3,4616,2,61080,1000,3,0,0,8,1996,3,999,2,1,4,4,4,4,4,4,4,4,4,4,1,5,5,5,5,5,4,1,5,1,1,6,1,61380,0,0,0,0,0,0,0,0,0,0,0,0,0,0,0,0,0,0,0,0,0,0,0,0,0,0,0,0,0,0,0,0,0,0,0,0,0,0,0,0,0,0,0,0,0,0,0,0,0,0,0,0,0,0,0,0,0,0,0,0,0,0,0,0,0,0,0,0,0,0,0,0,0,0,0,0,0,0,0,0,0,0,0,0,0,0,0,0,0,0,0,0,0,0,0,0,0,0,0,0,0,0,0,0,0,0,0,0,0,0,0,0,0,0,0,0,0,0,0,0,0,0,0
3,4616,3,68100,3,4,0,0,3,1997,9,999,2,1,4,4,4,2,4,4,4,4,4,4,1,5,5,5,5,5,1,1,1,1,1,6,1,68400,0,0,0,0,0,0,0,0,0,0,0,0,0,0,0,0,0,0,0,0,0,0,0,0,0,0,0,0,0,0,0,0,0,0,0,0,0,0,0,0,0,0,0,0,0,0,0,0,0,0,0,0,0,0,0,0,0,0,0,0,0,0,0,0,0,0,0,0,0,0,0,0,0,0,0,0,0,0,0,0,0,0,0,0,0,0,0,0,0,0,0,0,0,0,0,0,0,0,0,0,0,0,0,0,0,0,0,0,0,0,0,0,0,0,0,0,0,0,0,0,0,0,0
3,3762,4,32700,2.5,1,5,1994,6,1997,1,156,2,3,4,4,4,4,4,4,4,4,4,4,1,1,1,1,1,5,1,1,1,1,1,2,2,99999,5,5,5,1,5,1,5,5,5,5,5,5,5,1,5,5,5,5,3,1,5,5,4,5,4,5,1,1,4,4,4,4,1,2,1,1,4,4,1,1,99999,1,3,3,3,3,3,3,3,3,3,3,3,3,3,3,3,3,3,3,3,3,3,3,3,3,3,3,3,3,3,5,5,5,5,5,5,5,5,5,5,1,1,1,5,5,1,3,1,2,1,3,2,2,1,2,1,3,1,1,1,1,1,1,1,1,4,4,4,3,3,1,1,1,1,1,1,1,1,2,1,1,33600
3,3762,5,33600,2.5,1,5,1994,6,1997,1,156,2,3,4,4,4,4,4,4,4,4,4,4,1,1,1,1,1,5,1,2,1,2,1,2,2,99999,5,5,5,1,5,1,5,5,5,5,5,5,5,1,5,5,5,5,3,1,5,5,4,5,4,5,1,1,4,4,4,1,1,4,1,2,4,4,1,1,99999,2,3,2,2,3,2,2,3,2,2,3,2,2,3,2,2,2,2,2,2,3,3,3,1,2,2,2,3,3,2,5,2,4,5,4,2,4,4,2,5,1,1,1,5,5,1,3,2,3,1,3,2,2,1,2,2,3,1,1,1,1,1,1,1,1,4,4,4,2,3,1,1,1,1,1,2,2,1,2,1,1,34500
3,4140,7,46800,3,1,7,1993,5,1997,2,0,2,1,3,1,2,4,4,4,4,4,4,4,1,5,5,5,1,9,1,2,2,2,1,4,1,47400,0,0,0,0,0,0,0,0,0,0,0,0,0,0,0,0,0,0,0,0,0,0,0,0,0,0,0,0,0,0,0,0,0,0,0,0,0,0,0,0,0,0,0,0,0,0,0,0,0,0,0,0,0,0,0,0,0,0,0,0,0,0,0,0,0,0,0,0,0,0,0,0,0,0,0,0,0,0,0,0,0,0,0,0,0,0,0,0,0,0,0,0,0,0,0,0,0,0,0,0,0,0,0,0,0,0,0,0,0,0,0,0,0,0,0,0,0,0,0,0,0,0,0
3,4140,8,47400,3,1,12,1994,5,1997,2,60,2,3,2,2,4,4,4,4,4,4,4,4,1,5,5,5,1,5,5,5,5,1,1,2,2,99999,5,5,5,1,5,1,1,5,5,5,5,5,5,5,5,4,1,6,9,1,3,4,3,4,4,3,3,1,4,3,4,3,1,3,1,2,1,9,3,1,99999,2,2,3,2,2,2,2,3,3,3,3,2,3,3,3,2,2,3,3,3,3,2,1,3,1,3,3,3,2,3,5,5,2,5,5,4,5,2,5,5,2,0,0,0,0,0,0,0,0,0,0,0,0,0,0,0,0,0,0,0,0,0,0,0,0,0,0,0,0,0,2,2,1,2,1,2,9,1,4,3,3,48300
3,800,2,69840,90,1,4,1997,4,1997,1,30,2,3,3,2,1,2,1,3,4,4,4,4,1,1,1,5,5,1,4,3,1,1,1,6,2,99999,5,5,5,1,5,1,5,1,1,5,1,5,5,1,5,3,1,4,5,1,2,4,2,4,4,4,1,1,4,4,2,1,1,4,1,1,1,2,1,1,99999,1,2,2,3,1,2,2,2,3,3,1,3,2,3,3,2,2,2,1,3,3,3,2,2,2,2,2,3,3,2,5,3,2,4,3,5,5,4,4,4,1,1,1,1,5,1,2,1,2,1,1,2,2,1,1,1,2,3,2,1,1,1,1,1,1,1,2,3,3,2,1,1,1,2,1,1,2,1,4,3,1,71220
3,1508,3,48120,3.5,1,11,1996,4,1997,1,330,2,3,4,4,4,4,4,4,4,4,4,4,1,5,5,5,5,5,1,3,5,1,1,6,2,99999,5,5,5,1,5,5,1,5,5,5,5,5,5,5,5,4,5,6,6,1,4,4,4,4,4,4,3,1,4,4,4,1,3,4,1,3,4,4,4,1,99999,3,3,3,2,3,3,2,3,3,3,3,3,3,3,3,2,2,3,2,3,3,3,2,3,2,3,3,3,2,3,5,5,5,5,3,5,5,5,5,5,1,1,1,1,5,3,3,1,3,1,3,3,3,1,3,1,3,3,3,3,3,3,3,3,1,4,4,4,3,3,1,1,1,1,1,1,3,1,10,4,1,49080
3,1508,2,46980,3.5,1,11,1996,4,1997,1,330,2,3,4,4,4,4,4,4,4,4,2,4,1,5,5,5,5,5,1,2,5,1,1,6,2,99999,5,5,5,1,5,1,1,1,5,5,5,5,5,5,5,4,5,4,4,1,3,4,3,3,4,3,2,2,4,4,4,3,4,4,3,3,3,4,3,1,99999,2,3,3,3,3,3,3,3,3,3,3,3,3,3,3,3,3,3,3,3,3,3,1,3,2,3,3,3,2,3,5,5,2,5,5,5,5,5,5,5,1,1,1,1,1,3,3,1,3,1,1,3,3,1,3,1,3,3,3,3,1,3,1,3,0,4,4,4,3,3,1,1,1,1,3,1,1,1,5,3,1,48060
3,801,2,74940,2500,1,11,1996,3,1997,1,120,2,2,2,1,1,4,1,4,4,4,1,4,1,5,5,5,5,5,1,1,1,1,1,6,2,99999,5,5,5,1,5,1,5,5,5,5,1,5,5,1,1,3,1,3,1,1,5,5,5,5,5,5,4,1,3,4,3,5,1,1,3,3,4,1,1,2,75600,0,0,0,0,0,0,0,0,0,0,0,0,0,0,0,0,0,0,0,0,0,0,0,0,0,0,0,0,0,0,0,0,0,0,0,0,0,0,0,0,0,0,0,0,0,0,0,0,0,0,0,0,0,0,0,0,0,0,0,0,0,0,0,0,0,0,0,0,0,0,0,0,0,0,0,0,0,0,0,0,0,0
3,1281,3,39060,20,1,99,1992,10,1997,2,48,2,3,4,4,3,4,4,4,4,4,4,4,1,5,1,5,5,1,1,1,1,1,1,99,2,99999,5,5,5,1,5,1,5,5,5,5,1,5,5,5,9,4,4,5,1,1,4,4,1,1,3,4,2,1,1,1,1,2,1,2,2,1,1,1,1,1,99999,1,3,3,3,3,3,3,3,3,3,3,3,3,3,3,3,3,3,3,2,3,3,3,3,3,3,3,3,2,3,4,4,5,5,5,5,5,3,5,5,1,5,5,9,5,1,1,1,1,1,1,1,1,1,1,1,1,1,1,1,3,1,1,1,0,4,4,1,3,3,1,1,1,1,1,3,1,1,4,5,1,40800
3,3728,2,78900,30,2,99,9999,10,1997,1,183,2,3,2,4,4,4,4,2,2,2,2,1,1,1,1,5,1,5,1,3,5,1,1,6,2,99999,1,5,5,5,5,1,5,1,1,1,1,1,5,1,5,6,6,6,6,1,5,5,4,5,5,4,2,1,4,5,4,4,2,3,4,2,2,4,4,1,99999,2,2,3,3,2,3,1,2,3,2,3,3,2,2,3,2,1,2,3,3,3,3,2,3,1,2,3,3,3,2,5,3,2,5,3,5,5,5,5,5,1,1,1,1,5,3,3,3,3,3,1,3,1,1,2,1,1,2,1,1,1,1,1,1,1,4,4,4,3,3,1,1,1,1,1,2,1,1,4,1,1,80460
3,6267,3,32280,50,3,10,1994,11,1997,2,35,2,3,4,1,1,2,4,2,2,2,4,9,1,5,1,5,5,5,1,3,3,3,1,6,2,99999,5,5,5,1,5,1,1,1,1,1,1,5,1,5,5,3,2,6,1,1,4,4,2,4,4,4,1,1,2,1,1,1,1,1,1,1,2,1,1,1,99999,3,3,3,1,3,3,8,3,2,2,2,3,2,3,3,3,3,3,3,3,3,3,2,3,2,3,3,2,2,3,5,3,4,4,2,4,4,5,5,4,1,5,5,8,5,1,1,1,1,1,1,1,1,1,1,1,3,1,1,1,1,8,8,1,9,4,3,1,2,3,1,1,1,1,1,4,8,3,3,4,1,33720
3,6267,2,33720,50,3,10,1994,11,1997,2,35,2,3,4,1,1,2,4,2,2,2,4,9,1,5,1,5,5,1,4,4,4,2,1,2,2,99999,5,5,5,1,5,1,1,1,1,1,1,5,1,5,5,3,2,6,1,1,3,3,3,4,3,3,1,1,2,1,3,3,1,3,2,2,2,1,1,1,99999,1,2,3,1,2,1,2,3,1,2,2,1,2,3,2,2,1,1,2,2,2,2,2,3,2,3,3,2,1,3,2,4,3,3,3,3,3,3,3,4,1,5,5,1,5,1,1,1,1,1,1,1,1,1,1,1,3,1,1,1,1,8,8,1,1,3,3,3,1,2,3,3,3,3,3,4,8,3,6,4,1,34680
3,3396,4,61320,1,1,98,1993,5,1997,1,90,2,3,4,4,4,4,4,4,4,4,4,4,1,5,1,5,5,5,1,1,1,1,1,6,2,99999,5,5,5,1,5,5,5,1,5,5,1,5,5,5,5,4,4,4,3,1,4,5,2,4,4,4,2,2,2,4,4,2,2,4,2,2,2,2,2,1,99999,3,3,3,3,3,3,3,3,3,3,3,3,3,3,3,3,3,3,3,3,3,3,3,3,3,3,3,3,3,3,5,5,5,3,5,5,5,5,5,5,1,1,1,1,1,3,3,1,3,1,3,3,3,3,3,3,3,1,1,1,1,1,1,1,1,4,4,4,3,3,1,1,1,1,1,1,1,1,10,2,1,62400
