FOHHRL97,FOHHID97,FOHHSN97,Q8A0,Q8A1,Q8A2,Q8A2A,Q8A3,Q8A4,Q8A4A,Q8OCC,Q8IND,Q8A8,Q8A8A,Q8A9,Q8A10,Q8A11,Q8A11A,Q8A11B,Q8A12M,Q8A12Y,Q8B0,Q8B1,Q8B2,Q8B3,Q8B4_1ST,Q8B4_2ND,Q8B4_3RD,Q8B4_4TH,Q8B5,Q8B6,Q8B7,Q8B8A,Q8B8B,Q8B8C,Q8B8D,Q8B9A,Q8B9B,Q8B9C,Q8B10,Q8B11,Q8B12,Q8B13A,Q8B13B,Q8B13C,Q8B13D,Q8B13E,Q8B13F,Q8B13G,Q8B13H,Q8B13I,Q8B14A,Q8B14B,Q8B14C,Q8B14D,Q8C1A,Q8C1B,Q8C1C,Q8C1D,Q8C1E,Q8C1F,Q8C1G,Q8C1H,Q8C1I,Q8C1J,Q8C1K,Q8C1L,Q8C1M,Q8C1N,Q8C1O,Q8C1P,Q8C1Q,Q8C1R,Q8C1S,Q8C1T,Q8C1U,Q8C1V,Q8C1W,Q8C1X,Q8C1Y,Q8C1Z,Q8C1AA,Q8C1BB,Q8C1CC,Q8C2A,Q8C2B,Q8C2C,Q8C2D,Q8C2E,Q8C2F,Q8C2G,Q8C2H,Q8C2I,Q8C2J,Q8C3A,Q8C3B,Q8C3C,Q8C3D,Q8C3E,Q8C3F,Q8C3G,Q8C4,Q8C5MO,Q8C5TU,Q8C5WE,Q8C5TH,Q8C5FR,Q8C5SA,Q8C5SU,Q8C5A,Q8C6,Q8C7MO,Q8C7TU,Q8C7WE,Q8C7TH,Q8C7FR,Q8C7SA,Q8C7SU,Q8C7A,Q8C8,Q8C9MO,Q8C9TU,Q8C9WE,Q8C9TH,Q8C9FR,Q8C9SA,Q8C9SU,Q8C9A,Q8C10
2,690,3,75420,1,5,0,12,1,0,441,607,2900,5,55,42000,0,0,0,9,1956,99999,2,4,4,3,5,4,1,1,2,1,3,1,1,1,5,5,1,6,2,2,5,5,5,1,1,5,5,1,1,1,1,1,1,4,1,4,4,4,4,1,2,2,1,3,1,1,2,3,2,2,3,3,2,2,1,4,1,2,3,2,3,1,5,5,5,5,5,5,5,5,5,5,1,5,5,0,5,5,1,1,1,1,1,1,1,1,5,10,2,0,0,0,0,0,0,0,0,2,0,0,0,0,0,0,0,0,76320
2,5300,4,60720,1,1,1,12,1,0,4,917,39000,6,45,55000,0,0,0,3,1970,99999,2,1,1,3,1,4,5,1,2,1,4,1,1,1,5,1,5,4,1,2,1,1,5,1,1,3,2,2,1,3,1,1,2,3,1,3,3,3,3,3,3,3,3,3,2,2,3,3,2,3,3,3,3,2,2,2,2,3,3,1,3,3,5,4,5,5,4,5,5,5,5,5,1,5,5,0,5,1,1,1,1,1,1,1,1,5,5,9,2,0,0,0,0,0,0,0,0,2,0,0,0,0,0,0,0,0,61800
2,1837,3,63840,2,5,0,12,1,0,481,219,320,3,45,60000,0,0,0,10,1965,99999,2,2,4,3,4,5,1,1,2,1,1,1,1,1,5,1,5,5,1,2,4,2,5,2,2,4,3,4,3,4,1,2,2,3,1,2,3,3,3,2,3,2,2,3,2,2,2,4,1,2,4,4,1,2,1,4,1,1,3,1,4,2,5,5,5,5,5,5,5,5,5,5,1,5,5,0,5,1,1,1,1,1,1,1,1,5,5,9,2,0,0,0,0,0,0,0,0,2,0,0,0,0,0,0,0,0,64620
2,1837,4,63840,2,5,0,12,1,0,481,219,320,3,45,60000,0,0,0,10,1965,99999,2,2,4,3,4,5,1,1,2,1,1,1,1,1,5,1,5,5,1,2,4,2,5,2,2,4,3,4,3,4,1,2,2,3,1,2,3,3,3,2,3,2,2,3,2,2,2,4,1,2,4,4,1,2,1,4,1,1,3,1,4,2,5,5,5,5,5,5,5,5,5,5,1,5,5,0,5,1,1,1,1,1,1,1,1,5,5,9,2,0,0,0,0,0,0,0,0,2,0,0,0,0,0,0,0,0,64620
2,4499,2,66300,1,5,0,12,1,0,436,69,800,3,40,11000,0,0,0,6,1968,99999,2,1,1,4,3,1,2,1,1,1,1,1,1,2,5,5,1,6,2,2,1,1,5,1,1,5,5,5,4,2,1,1,1,3,1,3,4,4,4,2,3,8,3,3,2,2,3,4,1,3,3,3,1,1,1,4,1,1,3,1,4,1,5,5,5,5,5,5,5,5,5,5,1,5,5,0,5,5,5,1,1,5,1,1,1,5,5,5,2,0,0,0,0,0,0,0,0,2,0,0,0,0,0,0,0,0,67380
2,1778,3,72600,3,5,0,16,1,0,245,67,32000,6,45,32000,0,0,0,10,1960,99999,2,2,2,3,4,5,1,2,2,2,1,1,2,3,5,5,5,6,3,2,2,1,5,3,2,5,5,1,2,5,4,2,4,3,2,9,3,3,3,3,3,2,3,2,4,1,2,4,1,2,3,2,2,2,1,4,2,1,3,2,3,3,4,4,5,5,3,3,4,4,5,4,1,5,5,0,1,1,1,1,1,1,1,1,1,5,5,9,2,0,0,0,0,0,0,0,0,2,0,0,0,0,0,0,0,0,74100
2,1778,4,72600,3,5,0,16,1,0,245,67,32000,6,45,32000,0,0,0,10,1960,99999,2,2,2,3,4,5,1,2,2,2,1,1,2,3,5,5,5,6,3,2,2,1,5,3,2,5,5,1,2,5,4,2,4,3,2,9,3,3,3,3,3,2,3,2,4,1,2,4,1,2,3,2,2,2,1,4,2,1,3,2,3,3,4,4,5,5,3,3,4,4,5,4,1,5,5,0,1,1,1,1,1,1,1,1,1,5,5,9,2,0,0,0,0,0,0,0,0,2,0,0,0,0,0,0,0,0,74100
2,2507,2,74760,1,5,0,16,1,0,245,339,500,3,50,50000,0,0,0,2,1952,99999,2,2,2,1,5,4,3,1,2,2,3,3,3,3,5,5,5,1,1,2,4,3,3,2,3,4,3,2,3,4,2,2,2,3,2,2,3,2,2,3,2,3,3,3,3,2,2,3,2,3,2,2,2,2,2,3,2,2,3,2,3,3,3,3,5,4,4,4,4,3,5,4,1,5,5,0,1,1,1,1,1,1,1,1,1,5,5,10,2,0,0,0,0,0,0,0,0,2,0,0,0,0,0,0,0,0,76200
2,4021,4,70500,3,5,0,12,1,0,680,417,40000,6,40,40000,0,0,0,11,1953,99999,2,4,4,3,2,4,1,1,1,1,1,1,1,1,5,1,5,5,1,2,3,3,3,2,3,3,3,3,3,4,4,1,3,3,2,2,3,3,3,3,3,3,3,3,3,2,3,3,2,2,3,3,2,2,2,3,2,3,3,3,3,2,5,5,5,5,5,5,5,5,5,5,1,5,5,0,1,1,5,1,1,1,1,1,1,5,5,8,2,0,0,0,0,0,0,0,0,2,0,0,0,0,0,0,0,0,71820
2,4783,4,76200,3,5,0,18,1,0,215,917,40258,6,40,48000,0,0,0,2,1948,99999,2,1,2,4,3,5,2,1,1,1,1,1,1,1,1,5,1,5,2,2,4,3,4,3,3,4,5,5,3,5,4,2,3,4,1,4,4,4,4,3,1,4,2,4,2,1,2,4,1,3,3,1,1,2,1,3,1,1,2,2,4,1,5,3,5,5,5,5,5,5,5,5,1,5,5,0,5,1,5,1,1,1,1,1,1,5,5,8,2,0,0,0,0,0,0,0,0,2,0,0,0,0,0,0,0,0,77400
2,2252,2,40620,3,5,0,12,1,0,925,839,12000,6,40,12000,0,0,0,9,1962,99999,2,1,1,4,5,3,1,1,9,1,1,1,1,1,5,1,5,3,1,1,0,0,0,0,0,0,0,0,0,0,0,0,0,3,1,3,3,3,3,2,1,3,3,3,1,1,4,4,1,4,2,4,1,2,1,4,1,2,4,1,4,1,5,5,5,5,5,5,5,5,5,5,1,5,5,0,1,1,5,1,1,1,1,5,1,5,5,14,2,0,0,0,0,0,0,0,0,2,0,0,0,0,0,0,0,0,41340
2,1549,2,38700,2,5,0,11.5,1,0,461,247,12,1,48,32000,0,0,0,1,1972,99999,2,2,2,1,4,3,5,2,1,1,3,1,2,1,1,5,5,5,2,2,5,5,3,3,2,5,9,9,2,3,4,2,2,3,2,3,3,3,3,2,3,3,2,3,2,2,3,3,2,3,2,2,8,3,2,3,2,2,2,2,3,2,5,5,5,5,5,5,5,5,5,5,1,5,5,0,5,5,5,1,1,1,1,1,1,5,5,10,2,0,0,0,0,0,0,0,0,2,0,0,0,0,0,0,0,0,39780
2,2966,4,69000,1,1,1,12,1,0,641,69,300,3,40,999999,9,9,99,1,1967,99999,2,4,4,3,5,4,1,1,2,2,5,3,3,3,5,5,5,6,3,2,3,3,5,3,2,5,5,5,2,3,2,2,4,3,2,3,2,3,3,2,3,2,3,2,3,2,3,3,2,3,3,3,2,3,2,3,2,2,2,2,3,2,5,5,5,5,3,3,5,5,5,5,1,5,5,0,9,9,9,1,1,1,1,1,1,5,5,8,2,0,0,0,0,0,0,0,0,2,0,0,0,0,0,0,0,0,70320
2,336,3,33600,1,5,0,12,3,5,0,0,0,0,0,50000,0,0,0,9,1968,99999,2,1,2,5,3,4,1,1,2,1,5,1,1,1,5,5,5,5,2,2,5,5,5,5,5,5,5,5,5,2,2,1,2,3,2,2,2,2,3,2,3,2,2,3,2,2,2,3,2,2,2,3,2,2,2,3,2,1,1,1,3,2,5,5,5,5,5,5,5,5,5,5,5,5,5,1,5,5,5,2,0,0,0,0,0,0,0,0,2,0,0,0,0,0,0,0,0,2,0,0,0,0,0,0,0,0,34800
2,4173,2,34200,3,5,0,15,1,0,245,69,55000,6,40,53000,0,0,0,11,1956,99999,2,3,3,3,5,4,1,1,2,2,5,5,2,2,1,1,5,5,2,2,5,2,2,2,2,2,2,2,2,4,2,2,2,3,2,2,2,2,3,2,3,2,3,2,3,2,2,2,2,2,3,2,3,2,2,3,2,2,3,2,3,2,3,3,5,3,3,3,3,3,3,3,1,5,5,0,5,1,5,1,1,1,1,1,5,5,5,10,2,0,0,0,0,0,0,0,0,2,0,0,0,0,0,0,0,0,35220
2,4173,4,34200,3,5,0,15,1,0,245,69,55000,6,40,53000,0,0,0,11,1956,99999,2,3,3,3,5,4,1,1,2,2,5,5,2,2,1,1,5,5,2,2,5,2,2,2,2,2,2,2,2,4,2,2,2,3,2,2,2,2,3,2,3,2,3,2,3,2,2,2,2,2,3,2,3,2,2,3,2,2,3,2,3,2,3,3,5,3,3,3,3,3,3,3,1,5,5,0,5,1,5,1,1,1,1,1,5,5,5,10,2,0,0,0,0,0,0,0,0,2,0,0,0,0,0,0,0,0,35220
2,3036,3,52560,3,5,0,12,2,0,694,167,11,1,40,26000,0,0,0,11,1965,99999,2,3,2,3,4,5,1,1,2,2,4,1,1,2,1,1,5,5,2,2,5,3,3,3,3,3,5,3,3,4,3,3,1,3,1,3,3,3,3,2,3,9,3,3,2,2,3,4,2,3,3,2,2,2,1,2,1,2,3,1,3,2,4,4,5,3,3,5,3,4,5,3,1,5,5,0,5,5,5,1,1,1,1,1,1,5,5,8,2,0,0,0,0,0,0,0,0,2,0,0,0,0,0,0,0,0,53280
2,2767,4,34200,1,5,0,12,1,0,706,387,11,1,40,999999,1,0,1,9,1962,99999,1,0,0,0,0,0,0,0,0,0,0,0,0,0,0,0,0,0,0,0,0,0,0,0,0,0,0,0,0,0,0,0,0,0,0,0,0,0,0,0,0,0,0,0,0,0,0,0,0,0,0,0,0,0,0,0,0,0,0,0,0,0,0,0,0,0,0,0,0,0,0,0,0,0,0,0,0,0,0,0,0,0,0,0,0,0,0,0,0,0,0,0,0,0,0,0,0,0,0,0,0,0,0,0,0,0,34800
2,2767,5,34200,1,5,0,12,1,0,706,387,11,1,40,999999,1,0,1,9,1962,99999,1,0,0,0,0,0,0,0,0,0,0,0,0,0,0,0,0,0,0,0,0,0,0,0,0,0,0,0,0,0,0,0,0,0,0,0,0,0,0,0,0,0,0,0,0,0,0,0,0,0,0,0,0,0,0,0,0,0,0,0,0,0,0,0,0,0,0,0,0,0,0,0,0,0,0,0,0,0,0,0,0,0,0,0,0,0,0,0,0,0,0,0,0,0,0,0,0,0,0,0,0,0,0,0,0,0,34800
2,2843,4,38100,3,5,0,13,1,0,473,609,7,1,37,22000,0,0,0,4,1963,99999,1,0,0,0,0,0,0,0,0,0,0,0,0,0,0,0,0,0,0,0,0,0,0,0,0,0,0,0,0,0,0,0,0,0,0,0,0,0,0,0,0,0,0,0,0,0,0,0,0,0,0,0,0,0,0,0,0,0,0,0,0,0,0,0,0,0,0,0,0,0,0,0,0,0,0,0,0,0,0,0,0,0,0,0,0,0,0,0,0,0,0,0,0,0,0,0,0,0,0,0,0,0,0,0,0,0,39000
2,2843,5,38100,3,5,0,13,1,0,473,609,7,1,37,22000,0,0,0,4,1963,99999,1,0,0,0,0,0,0,0,0,0,0,0,0,0,0,0,0,0,0,0,0,0,0,0,0,0,0,0,0,0,0,0,0,0,0,0,0,0,0,0,0,0,0,0,0,0,0,0,0,0,0,0,0,0,0,0,0,0,0,0,0,0,0,0,0,0,0,0,0,0,0,0,0,0,0,0,0,0,0,0,0,0,0,0,0,0,0,0,0,0,0,0,0,0,0,0,0,0,0,0,0,0,0,0,0,0,39000
2,426,2,72300,1,1,1,14,1,0,424,748,58000,6,60,60000,0,0,0,10,1959,99999,2,2,1,3,4,1,5,1,2,2,5,1,3,3,5,5,5,5,2,2,4,4,4,2,2,4,4,4,4,4,2,2,2,2,2,3,1,1,3,2,3,2,1,2,2,2,3,4,2,3,2,2,2,4,2,3,2,2,2,2,3,2,3,4,5,5,5,5,5,5,5,5,1,5,5,0,5,1,5,1,1,1,1,1,1,5,5,10,2,0,0,0,0,0,0,0,0,2,0,0,0,0,0,0,0,0,73200
2,426,3,72300,1,1,1,14,1,0,424,748,58000,6,60,60000,0,0,0,10,1959,99999,2,2,1,3,4,1,5,1,2,2,5,1,3,3,5,5,5,5,2,2,4,4,4,2,2,4,4,4,4,4,2,2,2,2,2,3,1,1,3,2,3,2,1,2,2,2,3,4,2,3,2,2,2,4,2,3,2,2,2,2,3,2,3,4,5,5,5,5,5,5,5,5,1,5,5,0,5,1,5,1,1,1,1,1,1,5,5,10,2,0,0,0,0,0,0,0,0,2,0,0,0,0,0,0,0,0,73200
2,765,2,63900,1,5,0,13,1,0,245,609,31000,6,68,35000,0,0,0,1,1964,99999,1,0,0,0,0,0,0,0,0,0,0,0,0,0,0,0,0,0,0,0,0,0,0,0,0,0,0,0,0,0,0,0,0,0,0,0,0,0,0,0,0,0,0,0,0,0,0,0,0,0,0,0,0,0,0,0,0,0,0,0,0,0,0,0,0,0,0,0,0,0,0,0,0,0,0,0,0,0,0,0,0,0,0,0,0,0,0,0,0,0,0,0,0,0,0,0,0,0,0,0,0,0,0,0,0,0,99999
2,4019,6,59400,2,1,1,10,1,0,402,637,4,1,40,80000,0,0,0,4,1973,99999,2,2,2,4,5,3,1,1,2,1,3,1,2,5,5,1,5,5,2,1,0,0,0,0,0,0,0,0,0,0,0,0,0,3,1,3,3,2,3,2,3,2,1,3,3,1,3,4,1,3,3,3,1,1,1,3,2,2,2,2,3,1,5,5,5,5,3,5,5,3,5,5,1,5,5,0,5,5,5,1,1,5,1,1,5,1,5,7,2,0,0,0,0,0,0,0,0,2,0,0,0,0,0,0,0,0,60600
2,5410,3,72360,3,1,1,14,1,0,436,68,22000,6,45,21000,0,0,0,4,1968,99999,2,1,2,1,3,4,5,1,2,2,2,2,1,2,1,1,1,3,2,2,2,3,3,2,2,3,3,5,3,4,2,3,2,3,2,3,2,3,3,3,2,2,2,3,2,2,3,3,2,3,2,2,2,2,2,3,2,2,3,2,3,2,5,5,5,5,5,5,5,5,5,5,1,5,5,0,5,1,5,1,1,1,1,1,1,5,5,9,2,0,0,0,0,0,0,0,0,2,0,0,0,0,0,0,0,0,73800
2,878,2,66240,1,5,0,18,1,0,4,749,37000,6,60,47000,0,0,0,5,1971,99999,1,0,0,0,0,0,0,0,0,0,0,0,0,0,0,0,0,0,0,0,0,0,0,0,0,0,0,0,0,0,0,0,0,0,0,0,0,0,0,0,0,0,0,0,0,0,0,0,0,0,0,0,0,0,0,0,0,0,0,0,0,0,0,0,0,0,0,0,0,0,0,0,0,0,0,0,0,0,0,0,0,0,0,0,0,0,0,0,0,0,0,0,0,0,0,0,0,0,0,0,0,0,0,0,0,0,66480
2,2274,4,38400,3,5,0,12,1,0,481,379,12,1,44,45000,0,0,0,6,1973,99999,2,1,2,3,4,5,1,1,9,1,3,4,4,4,5,1,1,3,2,2,1,2,5,3,1,5,5,5,3,4,4,2,3,3,2,3,3,3,3,2,2,3,3,3,2,2,3,3,2,3,3,3,8,2,2,2,2,1,2,2,3,3,1,5,5,5,3,3,5,5,5,5,1,5,5,0,5,5,5,1,1,1,1,1,1,1,5,8,2,0,0,0,0,0,0,0,0,2,0,0,0,0,0,0,0,0,39900
2,2274,5,38400,3,5,0,12,1,0,481,379,12,1,44,45000,0,0,0,6,1973,99999,2,1,2,3,4,5,1,1,9,1,3,4,4,4,5,1,1,3,2,2,1,2,5,3,1,5,5,5,3,4,4,2,3,3,2,3,3,3,3,2,2,3,3,3,2,2,3,3,2,3,3,3,8,2,2,2,2,1,2,2,3,3,1,5,5,5,3,3,5,5,5,5,1,5,5,0,5,5,5,1,1,1,1,1,1,1,5,8,2,0,0,0,0,0,0,0,0,2,0,0,0,0,0,0,0,0,39900
2,1407,2,65880,3,5,0,11,1,0,410,69,270,3,40,38000,0,0,0,12,1975,99999,2,2,2,3,2,5,1,1,2,1,4,5,2,1,5,1,5,5,2,2,5,5,5,5,5,5,5,5,5,2,5,1,1,3,2,2,2,3,3,1,3,3,2,2,2,2,2,3,2,1,3,3,2,2,2,3,2,2,3,2,4,2,4,5,5,3,3,4,4,2,4,4,1,5,5,0,5,5,5,1,1,1,1,1,1,5,5,9.5,2,0,0,0,0,0,0,0,0,2,0,0,0,0,0,0,0,0,67380
2,1407,3,65880,3,5,0,11,1,0,410,69,270,3,40,38000,0,0,0,12,1975,99999,2,2,2,3,2,5,1,1,2,1,4,5,2,1,5,1,5,5,2,2,5,5,5,5,5,5,5,5,5,2,5,1,1,3,2,2,2,3,3,1,3,3,2,2,2,2,2,3,2,1,3,3,2,2,2,3,2,2,3,2,4,2,4,5,5,3,3,4,4,2,4,4,1,5,5,0,5,5,5,1,1,1,1,1,1,5,5,9.5,2,0,0,0,0,0,0,0,0,2,0,0,0,0,0,0,0,0,67380
2,3496,2,64380,3,1,1,16,1,0,45,848,39000,6,35,39000,0,0,0,5,1957,99999,2,1,1,1,3,5,2,1,1,1,4,2,1,2,5,5,5,5,2,2,4,4,3,3,3,4,4,2,3,2,2,2,4,3,2,2,3,2,3,2,3,3,2,3,3,2,2,3,2,2,3,2,2,2,2,3,3,2,3,2,3,2,5,4,5,4,5,5,4,4,5,5,1,5,5,0,5,5,5,1,1,1,1,1,1,5,5,7,2,0,0,0,0,0,0,0,0,2,0,0,0,0,0,0,0,0,65400
2,4321,3,51600,3,5,0,12,1,0,962,669,9,1,40,999998,1,0,98,9,1967,99999,2,1,1,3,4,5,2,1,1,1,3,1,1,2,1,1,5,6,1,1,0,0,0,0,0,0,0,0,0,0,0,0,0,2,1,4,2,3,3,1,3,1,3,3,1,2,4,2,2,1,3,2,2,1,1,3,2,2,2,2,4,2,4,3,4,5,5,3,4,5,2,5,1,5,1,0,5,1,1,1,1,1,1,1,5,1,1,8,2,0,0,0,0,0,0,0,0,1,9,9,9,9,9,9,9,1,55200
2,2805,3,34500,1,5,0,14,1,0,374,237,26000,6,40,50000,0,0,0,12,1955,99999,2,3,3,3,5,1,4,1,1,1,2,2,1,1,5,5,5,2,1,2,2,3,5,1,1,5,5,1,2,5,4,2,4,4,1,4,4,3,2,2,3,3,3,4,2,2,3,4,1,3,2,3,1,3,1,3,1,2,3,1,4,2,5,5,5,5,5,5,5,5,5,5,1,5,5,0,1,1,1,1,1,1,1,1,1,5,5,8,2,0,0,0,0,0,0,0,0,2,0,0,0,0,0,0,0,0,35400
2,2805,4,34500,1,5,0,14,1,0,374,237,26000,6,40,50000,0,0,0,12,1955,99999,2,3,3,3,5,1,4,1,1,1,2,2,1,1,5,5,5,2,1,2,2,3,5,1,1,5,5,1,2,5,4,2,4,4,1,4,4,3,2,2,3,3,3,4,2,2,3,4,1,3,2,3,1,3,1,3,1,2,3,1,4,2,5,5,5,5,5,5,5,5,5,5,1,5,5,0,1,1,1,1,1,1,1,1,1,5,5,8,2,0,0,0,0,0,0,0,0,2,0,0,0,0,0,0,0,0,35400
2,2193,2,40080,1,1,1,12,1,0,245,628,500,3,60,52000,0,0,0,5,1966,99999,1,0,0,0,0,0,0,0,0,0,0,0,0,0,0,0,0,0,0,0,0,0,0,0,0,0,0,0,0,0,0,0,0,0,0,0,0,0,0,0,0,0,0,0,0,0,0,0,0,0,0,0,0,0,0,0,0,0,0,0,0,0,0,0,0,0,0,0,0,0,0,0,0,0,0,0,0,0,0,0,0,0,0,0,0,0,0,0,0,0,0,0,0,0,0,0,0,0,0,0,0,0,0,0,0,0,40260
2,2193,3,40080,1,1,1,12,1,0,245,628,500,3,60,52000,0,0,0,5,1966,99999,1,0,0,0,0,0,0,0,0,0,0,0,0,0,0,0,0,0,0,0,0,0,0,0,0,0,0,0,0,0,0,0,0,0,0,0,0,0,0,0,0,0,0,0,0,0,0,0,0,0,0,0,0,0,0,0,0,0,0,0,0,0,0,0,0,0,0,0,0,0,0,0,0,0,0,0,0,0,0,0,0,0,0,0,0,0,0,0,0,0,0,0,0,0,0,0,0,0,0,0,0,0,0,0,0,0,40260
2,1882,4,73500,3,5,0,12,1,0,715,417,1000,3,60,999998,1,0,3,12,1949,99999,2,1,1,1,5,3,2,1,2,1,5,1,5,1,5,1,5,3,1,2,5,1,3,1,1,1,3,5,3,4,1,1,1,3,1,3,2,3,3,2,3,2,2,3,2,2,2,4,1,3,2,3,2,2,1,2,2,2,2,2,3,2,3,3,5,5,3,5,5,5,5,5,1,5,5,0,5,5,5,1,1,1,1,1,5,5,5,15,2,0,0,0,0,0,0,0,0,2,0,0,0,0,0,0,0,0,74400
2,603,4,36480,2,5,0,12,1,0,715,417,1500,5,40,14000,0,0,0,5,1976,99999,1,0,0,0,0,0,0,0,0,0,0,0,0,0,0,0,0,0,0,0,0,0,0,0,0,0,0,0,0,0,0,0,0,0,0,0,0,0,0,0,0,0,0,0,0,0,0,0,0,0,0,0,0,0,0,0,0,0,0,0,0,0,0,0,0,0,0,0,0,0,0,0,0,0,0,0,0,0,0,0,0,0,0,0,0,0,0,0,0,0,0,0,0,0,0,0,0,0,0,0,0,0,0,0,0,0,36720
2,3278,4,72360,3,5,0,12,1,0,753,219,5,1,40,10000,0,0,0,9,1962,99999,2,4,4,5,4,3,2,1,2,2,3,1,2,2,5,1,5,4,2,2,4,2,2,1,2,3,2,1,2,3,4,2,2,3,2,9,9,3,3,3,2,3,3,3,3,2,2,3,2,2,3,3,2,2,2,4,1,2,9,2,3,2,5,5,5,3,3,5,4,5,5,5,1,5,5,0,5,5,5,1,5,5,5,5,1,5,5,8,2,0,0,0,0,0,0,0,0,2,0,0,0,0,0,0,0,0,73860
2,3032,3,69900,1,5,0,12,1,0,343,289,8,1,40,48000,0,0,0,9,1964,99999,2,2,2,3,9,5,2,1,2,2,5,1,1,1,5,1,5,5,2,2,5,1,3,4,2,9,9,4,3,4,2,2,2,3,2,2,3,3,3,2,3,2,3,2,2,2,3,3,2,3,3,3,2,3,2,3,2,2,2,2,3,2,5,5,5,5,3,4,5,5,5,5,1,5,5,0,5,1,5,1,1,1,1,1,1,5,5,8,2,0,0,0,0,0,0,0,0,2,0,0,0,0,0,0,0,0,71640
2,46,2,68100,1,1,1,12,1,0,436,68,9,1,50,23000,0,0,0,5,1958,99999,1,0,0,0,0,0,0,0,0,0,0,0,0,0,0,0,0,0,0,0,0,0,0,0,0,0,0,0,0,0,0,0,0,0,0,0,0,0,0,0,0,0,0,0,0,0,0,0,0,0,0,0,0,0,0,0,0,0,0,0,0,0,0,0,0,0,0,0,0,0,0,0,0,0,0,0,0,0,0,0,0,0,0,0,0,0,0,0,0,0,0,0,0,0,0,0,0,0,0,0,0,0,0,0,0,0,68400
2,46,3,68100,1,1,1,12,1,0,436,68,9,1,50,23000,0,0,0,5,1958,99999,1,0,0,0,0,0,0,0,0,0,0,0,0,0,0,0,0,0,0,0,0,0,0,0,0,0,0,0,0,0,0,0,0,0,0,0,0,0,0,0,0,0,0,0,0,0,0,0,0,0,0,0,0,0,0,0,0,0,0,0,0,0,0,0,0,0,0,0,0,0,0,0,0,0,0,0,0,0,0,0,0,0,0,0,0,0,0,0,0,0,0,0,0,0,0,0,0,0,0,0,0,0,0,0,0,0,68400
2,2618,5,73920,3,1,1,15,1,0,245,67,15,1,20,10000,0,0,0,8,1947,99999,2,1,1,4,3,1,2,1,2,2,5,1,1,1,5,1,5,2,2,2,5,2,5,1,1,1,5,1,1,3,2,2,2,3,2,2,4,3,1,2,3,3,3,3,2,1,3,3,2,1,3,4,1,3,1,4,1,1,3,1,3,1,5,5,5,5,5,5,5,5,5,5,1,5,5,0,5,5,5,1,1,1,1,1,1,1,5,8,2,0,0,0,0,0,0,0,0,2,0,0,0,0,0,0,0,0,75420
2,4886,2,34860,3,5,0,14,1,0,415,67,400,3,35,15000,0,0,0,7,1957,99999,2,1,3,5,4,3,1,2,2,2,4,2,2,2,5,5,5,3,2,2,4,2,4,2,2,4,4,4,4,3,2,1,2,3,2,2,3,3,3,2,1,2,3,2,2,2,2,3,1,2,2,3,2,2,2,2,1,2,3,2,3,2,5,4,5,5,3,5,5,3,5,5,1,5,5,0,5,1,1,1,1,1,1,1,1,1,5,7,2,0,0,0,0,0,0,0,0,2,0,0,0,0,0,0,0,0,36000
2,3391,3,48600,1,1,1,12,1,0,715,527,12,1,65,42000,0,0,0,12,1958,99999,2,3,3,4,1,5,3,2,1,1,2,3,1,3,5,5,1,5,2,2,1,2,5,5,3,5,5,2,2,4,1,2,3,2,3,2,2,2,3,2,3,3,3,3,2,2,3,4,1,2,3,2,1,2,1,3,3,2,1,2,3,2,3,5,5,5,5,5,5,3,5,5,5,5,5,5,5,1,1,2,0,0,0,0,0,0,0,0,2,0,0,0,0,0,0,0,0,2,0,0,0,0,0,0,0,0,50100
2,3391,4,48600,1,1,1,12,1,0,715,527,12,1,65,42000,0,0,0,12,1958,99999,2,3,3,4,1,5,3,2,1,1,2,3,1,3,5,5,1,5,2,2,1,2,5,5,3,5,5,2,2,4,1,2,3,2,3,2,2,2,3,2,3,3,3,3,2,2,3,4,1,2,3,2,1,2,1,3,3,2,1,2,3,2,3,5,5,5,5,5,5,3,5,5,5,5,5,5,5,1,1,2,0,0,0,0,0,0,0,0,2,0,0,0,0,0,0,0,0,2,0,0,0,0,0,0,0,0,50100
2,1948,3,58800,3,1,2,11,1,0,694,148,10,1,40,23000,0,0,0,9,1962,99999,2,4,2,3,1,5,2,1,1,2,5,1,4,2,5,1,5,6,1,2,4,1,2,3,1,4,5,5,4,1,1,1,1,4,1,3,2,3,3,2,2,2,2,3,2,2,2,3,1,3,2,2,2,1,1,4,1,1,2,1,3,2,5,5,5,5,5,5,5,5,5,5,1,5,5,0,5,5,5,1,1,1,1,1,1,5,5,8,2,0,0,0,0,0,0,0,0,2,0,0,0,0,0,0,0,0,59760
2,2975,4,62100,1,1,1,17,1,0,522,219,100000,6,65,226000,0,0,0,4,1947,99999,2,2,3,3,5,4,1,1,2,1,2,1,1,2,1,1,1,5,3,2,3,3,5,1,1,3,1,1,1,4,2,2,2,4,1,3,2,2,3,2,2,3,3,3,2,1,3,4,1,3,2,4,1,1,1,3,1,1,3,1,3,1,5,5,5,5,5,5,5,5,5,5,1,5,5,0,1,1,9,1,1,1,1,1,1,1,5,8,2,0,0,0,0,0,0,0,0,2,0,0,0,0,0,0,0,0,63120
2,5892,6,65460,1,1,1,9,3,5,0,0,0,0,0,999998,8,9,99,10,1979,99999,2,4,3,4,5,1,2,1,2,2,5,3,3,3,1,5,1,1,1,1,0,0,0,0,0,0,0,0,0,0,0,0,0,2,2,2,2,2,2,2,3,2,2,3,2,2,2,2,2,3,3,2,2,2,2,2,2,2,2,2,2,2,1,3,5,5,5,5,3,5,5,5,5,5,5,1,5,5,5,2,0,0,0,0,0,0,0,0,2,0,0,0,0,0,0,0,0,2,0,0,0,0,0,0,0,0,66540
2,2531,3,57000,3,1,8,7,1,0,522,927,7,1,40,999999,9,9,99,10,1938,99999,1,0,0,0,0,0,0,0,0,0,0,0,0,0,0,0,0,0,0,0,0,0,0,0,0,0,0,0,0,0,0,0,0,0,0,0,0,0,0,0,0,0,0,0,0,0,0,0,0,0,0,0,0,0,0,0,0,0,0,0,0,0,0,0,0,0,0,0,0,0,0,0,0,0,0,0,0,0,0,0,0,0,0,0,0,0,0,0,0,0,0,0,0,0,0,0,0,0,0,0,0,0,0,0,0,0,57300
2,2531,4,57000,3,1,8,7,1,0,522,927,7,1,40,999999,9,9,99,10,1938,99999,1,0,0,0,0,0,0,0,0,0,0,0,0,0,0,0,0,0,0,0,0,0,0,0,0,0,0,0,0,0,0,0,0,0,0,0,0,0,0,0,0,0,0,0,0,0,0,0,0,0,0,0,0,0,0,0,0,0,0,0,0,0,0,0,0,0,0,0,0,0,0,0,0,0,0,0,0,0,0,0,0,0,0,0,0,0,0,0,0,0,0,0,0,0,0,0,0,0,0,0,0,0,0,0,0,0,57300
2,2225,3,59400,5,1,2,11,1,0,706,219,500,4,36,17000,0,0,0,8,1962,99999,1,0,0,0,0,0,0,0,0,0,0,0,0,0,0,0,0,0,0,0,0,0,0,0,0,0,0,0,0,0,0,0,0,0,0,0,0,0,0,0,0,0,0,0,0,0,0,0,0,0,0,0,0,0,0,0,0,0,0,0,0,0,0,0,0,0,0,0,0,0,0,0,0,0,0,0,0,0,0,0,0,0,0,0,0,0,0,0,0,0,0,0,0,0,0,0,0,0,0,0,0,0,0,0,0,0,59820
2,5669,3,68100,2,5,0,19.5,1,0,240,857,51000,6,60,75000,0,0,0,11,1948,99999,2,3,3,3,4,5,1,1,2,1,4,1,1,1,5,1,5,3,2,2,3,3,5,3,3,5,5,5,3,4,2,3,3,4,1,3,3,3,3,3,3,4,3,4,1,1,4,4,1,3,3,4,1,2,1,3,1,1,4,1,3,2,4,4,5,3,5,5,3,3,3,5,1,5,1,0,5,1,1,1,1,1,1,1,1,1,5,6,2,0,0,0,0,0,0,0,0,1,5,5,1,5,5,5,5,2,70200
2,1004,3,32400,1,1,1,14,1,0,284,639,53000,6,57,60000,0,0,0,3,1952,99999,2,2,1,3,4,5,1,1,2,2,3,3,3,3,5,1,5,1,1,2,3,2,4,2,9,4,4,2,2,4,2,2,2,2,2,3,9,3,3,3,2,3,2,3,2,2,3,3,2,3,2,2,2,2,2,2,3,3,2,2,3,2,4,5,5,5,4,4,5,3,5,5,1,5,5,0,1,5,1,1,1,1,5,5,5,1,5,99,2,0,0,0,0,0,0,0,0,2,0,0,0,0,0,0,0,0,34200
2,2652,5,51900,5,5,0,13,1,0,415,67,7,1,27.5,150000,0,0,0,4,1977,99999,2,1,2,5,3,1,4,2,2,2,3,2,2,2,5,5,5,5,2,1,0,0,0,0,0,0,0,0,0,0,0,0,0,3,2,3,3,3,3,2,3,2,3,2,2,2,3,3,2,2,3,3,2,2,2,3,2,2,2,2,3,2,4,4,5,5,3,3,5,3,5,5,1,5,5,0,5,1,5,1,1,1,1,1,1,5,5,5,2,0,0,0,0,0,0,0,0,2,0,0,0,0,0,0,0,0,56700
2,660,3,68400,3,5,0,12,1,0,441,407,44000,6,40,44000,0,0,0,12,1955,99999,2,1,2,1,4,3,5,1,2,2,3,3,2,1,5,5,1,6,2,2,5,3,5,3,3,4,5,5,3,3,2,1,1,3,2,3,3,2,3,2,3,2,2,3,2,2,3,3,2,3,2,3,2,2,2,3,2,2,2,2,3,2,4,4,5,5,5,5,5,5,5,5,1,5,5,0,5,5,9,1,1,1,1,1,5,5,5,6,2,0,0,0,0,0,0,0,0,2,0,0,0,0,0,0,0,0,69600
2,5646,4,80100,3,1,3,12,1,0,283,698,30000,6,45,30000,0,0,0,8,1947,99999,2,3,4,5,3,1,4,1,2,1,1,1,1,1,5,5,1,3,1,2,5,1,1,1,1,5,1,1,1,4,2,2,4,2,2,3,2,2,2,3,3,3,3,3,3,3,2,4,1,2,3,3,8,2,2,3,2,1,3,2,3,2,3,4,5,5,5,5,3,5,5,5,1,5,5,0,9,9,9,1,5,5,1,1,1,1,1,9,2,0,0,0,0,0,0,0,0,2,0,0,0,0,0,0,0,0,81300
2,3503,4,66900,1,1,3,12,1,0,551,319,10,1,40,34000,0,0,0,9,1959,99999,2,1,1,3,5,4,1,1,2,1,4,2,2,4,1,1,1,4,2,2,3,2,4,2,1,3,4,4,3,5,2,1,1,3,1,4,3,3,4,2,2,2,2,4,2,1,2,4,1,3,2,2,2,1,1,4,1,1,3,1,4,1,4,4,5,5,4,5,5,4,5,5,1,5,5,0,5,1,5,1,1,1,1,1,1,5,5,8,2,0,0,0,0,0,0,0,0,2,0,0,0,0,0,0,0,0,68100
2,1521,2,73920,3,1,3,14,1,0,441,559,41000,6,70,44000,0,0,0,10,1957,99999,2,1,1,3,5,4,1,1,1,1,3,1,3,1,5,1,5,5,2,2,2,2,5,1,1,3,3,3,2,4,2,2,2,3,2,3,2,2,2,2,2,2,3,3,3,2,3,3,2,2,3,3,2,2,2,3,2,2,3,1,3,2,3,3,5,2,2,2,2,5,2,3,1,5,5,0,1,5,5,1,1,1,1,1,1,1,5,10,2,0,0,0,0,0,0,0,0,2,0,0,0,0,0,0,0,0,75120
2,5771,2,75840,3,5,0,12,1,0,441,187,999999,9,40,999998,1,0,99,10,1959,99999,2,1,2,3,4,5,1,2,2,1,2,1,1,2,1,5,5,6,2,2,2,2,5,1,1,2,4,4,1,4,1,3,3,3,1,2,3,3,3,3,2,9,9,9,9,9,9,9,9,9,9,9,9,9,9,9,9,9,9,9,9,9,9,9,9,9,9,9,9,9,9,9,1,5,5,0,5,1,9,1,9,9,9,9,9,9,9,99,2,0,0,0,0,0,0,0,0,2,0,0,0,0,0,0,0,0,76860
2,5771,3,75840,3,5,0,12,1,0,441,187,999999,9,40,999998,1,0,99,10,1959,99999,2,1,2,3,4,5,1,2,2,1,2,1,1,2,1,5,5,6,2,2,2,2,5,1,1,2,4,4,1,4,1,3,3,3,1,2,3,3,3,3,2,9,9,9,9,9,9,9,9,9,9,9,9,9,9,9,9,9,9,9,9,9,9,9,9,9,9,9,9,9,9,9,1,5,5,0,5,1,9,1,9,9,9,9,9,9,9,99,2,0,0,0,0,0,0,0,0,2,0,0,0,0,0,0,0,0,76860
2,6150,2,76920,5,5,0,15,1,0,753,607,8,1,40,10000,0,0,0,7,1969,99999,2,2,1,3,5,1,4,1,2,2,4,3,2,2,5,5,5,4,1,2,5,1,2,5,3,1,9,9,2,4,2,2,2,3,2,2,3,2,3,3,2,3,3,3,2,2,2,3,2,2,3,3,2,2,2,3,2,2,2,2,3,3,5,5,5,5,4,5,5,5,5,5,1,5,5,0,5,5,5,1,5,1,1,1,1,5,5,8,2,0,0,0,0,0,0,0,0,2,0,0,0,0,0,0,0,0,78060
2,3282,5,51900,5,1,3,12,1,0,903,879,55,5,48,999998,5,1,0,4,1958,99999,2,1,2,4,3,2,1,1,1,2,1,1,1,1,1,1,1,1,1,1,0,0,0,0,0,0,0,0,0,0,0,0,0,2,1,2,3,2,3,2,3,2,2,3,2,2,3,3,1,2,2,3,2,2,2,3,2,2,2,2,3,2,5,5,5,5,5,5,5,1,5,5,1,5,5,0,1,1,5,1,1,1,1,1,5,5,1,10,2,0,0,0,0,0,0,0,0,2,0,0,0,0,0,0,0,0,54000
2,3282,2,42300,1,5,0,12,1,0,770,937,5,1,40,999998,5,1,0,2,1959,99999,2,2,2,5,1,3,4,1,1,2,1,1,1,1,1,1,5,2,1,2,5,5,3,4,1,3,4,5,1,4,4,2,2,3,2,2,3,2,3,2,2,3,2,3,2,3,3,3,2,2,3,3,2,2,2,3,3,3,2,2,3,3,5,5,5,5,5,5,3,5,3,5,1,5,5,0,5,1,1,1,1,1,1,1,1,5,5,8,2,0,0,0,0,0,0,0,0,2,0,0,0,0,0,0,0,0,44400
2,5054,2,71880,1,5,0,14,1,0,245,67,65000,6,44,72000,0,0,0,12,1964,99999,2,2,3,1,5,4,3,1,2,1,3,1,2,1,1,5,5,1,1,2,4,4,2,2,4,2,4,4,4,4,1,1,4,2,1,1,3,2,3,4,2,3,3,3,2,2,2,3,2,2,3,2,2,1,2,3,2,2,3,2,3,2,3,4,5,5,5,5,5,5,5,5,1,5,5,0,1,1,9,1,1,1,1,1,1,1,5,10,2,0,0,0,0,0,0,0,0,2,0,0,0,0,0,0,0,0,72900
2,3957,3,73620,1,5,0,12,1,0,492,649,11000,6,25,20000,0,0,0,7,1953,99999,1,0,0,0,0,0,0,0,0,0,0,0,0,0,0,0,0,0,0,0,0,0,0,0,0,0,0,0,0,0,0,0,0,0,0,0,0,0,0,0,0,0,0,0,0,0,0,0,0,0,0,0,0,0,0,0,0,0,0,0,0,0,0,0,0,0,0,0,0,0,0,0,0,0,0,0,0,0,0,0,0,0,0,0,0,0,0,0,0,0,0,0,0,0,0,0,0,0,0,0,0,0,0,0,0,0,74640
2,3957,4,73620,1,5,0,12,1,0,492,649,11000,6,25,20000,0,0,0,7,1953,99999,1,0,0,0,0,0,0,0,0,0,0,0,0,0,0,0,0,0,0,0,0,0,0,0,0,0,0,0,0,0,0,0,0,0,0,0,0,0,0,0,0,0,0,0,0,0,0,0,0,0,0,0,0,0,0,0,0,0,0,0,0,0,0,0,0,0,0,0,0,0,0,0,0,0,0,0,0,0,0,0,0,0,0,0,0,0,0,0,0,0,0,0,0,0,0,0,0,0,0,0,0,0,0,0,0,0,74640
2,2186,4,73560,1,1,1,18,1,0,245,69,999999,9,40,999999,9,9,99,7,1951,99999,2,1,1,3,5,4,2,1,1,1,2,1,1,1,1,1,1,3,1,2,2,2,3,2,2,3,2,2,3,5,2,4,2,3,2,3,3,3,3,2,2,2,3,3,2,2,3,3,2,3,2,2,1,2,2,4,2,2,3,2,3,2,5,5,5,5,5,5,5,5,5,5,1,5,5,0,5,1,1,1,1,1,1,1,1,5,5,8,2,0,0,0,0,0,0,0,0,2,0,0,0,0,0,0,0,0,75180
2,4411,2,75300,1,5,0,11,1,0,571,67,10,1,40,20000,0,0,0,4,1969,99999,2,4,1,4,3,1,5,1,1,1,1,1,1,5,5,1,5,5,1,2,2,2,2,2,2,2,2,2,2,4,2,2,4,2,2,3,2,2,3,2,2,3,2,3,2,2,3,3,2,3,2,2,2,2,2,3,2,2,2,1,3,2,3,3,5,5,3,5,5,5,5,5,1,1,1,0,5,1,5,1,1,1,1,1,1,5,5,8,1,5,5,5,1,1,5,5,8,1,5,5,5,1,1,5,5,8,76500
2,851,3,57300,1,1,1,12,1,0,611,779,6,1,30,20000,0,0,0,1,1968,99999,2,4,4,1,3,4,5,1,1,1,5,1,1,1,1,1,5,2,1,1,0,0,0,0,0,0,0,0,0,0,0,0,0,3,1,4,4,3,4,3,3,3,1,3,4,2,3,4,1,3,4,3,1,1,1,4,1,1,1,1,3,1,4,5,5,5,5,5,5,1,5,5,1,5,5,0,9,9,9,1,1,1,1,1,1,1,5,8,2,0,0,0,0,0,0,0,0,2,0,0,0,0,0,0,0,0,58500
2,3567,2,81900,3,5,0,9,1,0,912,777,7,1,35,25000,0,0,0,11,1972,99999,2,4,4,5,3,4,1,1,1,2,5,1,4,4,1,1,1,5,3,2,4,2,3,2,2,2,3,5,2,5,2,2,2,2,2,2,3,2,3,2,3,2,2,3,3,3,2,3,2,2,3,3,2,2,2,2,2,2,2,2,3,2,3,3,4,4,3,3,3,3,3,4,1,5,5,0,5,1,5,1,5,5,1,1,1,1,1,7,2,0,0,0,0,0,0,0,0,2,0,0,0,0,0,0,0,0,83340
2,3567,3,81900,3,5,0,9,1,0,912,777,7,1,35,25000,0,0,0,11,1972,99999,2,4,4,5,3,4,1,1,1,2,5,1,4,4,1,1,1,5,3,2,4,2,3,2,2,2,3,5,2,5,2,2,2,2,2,2,3,2,3,2,3,2,2,3,3,3,2,3,2,2,3,3,2,2,2,2,2,2,2,2,3,2,3,3,4,4,3,3,3,3,3,4,1,5,5,0,5,1,5,1,5,5,1,1,1,1,1,7,2,0,0,0,0,0,0,0,0,2,0,0,0,0,0,0,0,0,83340
2,5875,2,57600,2,1,1,10,8,5,0,0,0,0,0,999998,5,4,0,8,1966,99999,2,2,4,3,1,2,4,1,2,1,1,1,1,1,1,1,5,2,1,2,4,5,3,1,3,4,4,2,1,4,1,2,4,3,3,3,3,3,4,1,3,2,3,3,2,2,2,3,2,2,3,3,2,2,1,2,2,2,3,1,4,1,1,5,5,5,5,5,4,5,5,5,5,5,5,5,5,5,1,2,0,0,0,0,0,0,0,0,2,0,0,0,0,0,0,0,0,2,0,0,0,0,0,0,0,0,58500
2,5875,3,57600,2,1,1,10,8,5,0,0,0,0,0,999998,5,4,0,8,1966,99999,2,2,4,3,1,2,4,1,2,1,1,1,1,1,1,1,5,2,1,2,4,5,3,1,3,4,4,2,1,4,1,2,4,3,3,3,3,3,4,1,3,2,3,3,2,2,2,3,2,2,3,3,2,2,1,2,2,2,3,1,4,1,1,5,5,5,5,5,4,5,5,5,5,5,5,5,5,5,1,2,0,0,0,0,0,0,0,0,2,0,0,0,0,0,0,0,0,2,0,0,0,0,0,0,0,0,58500
2,5416,2,71040,5,5,0,12,1,0,690,119,11,1,55,999999,9,9,99,1,1960,99999,2,1,1,1,4,3,5,1,1,1,5,3,3,2,5,5,5,3,2,2,2,2,5,2,2,3,9,9,2,4,2,2,2,3,2,3,2,2,3,2,2,3,2,4,2,2,3,3,1,3,2,2,1,1,1,4,1,1,1,1,3,1,4,4,5,5,5,5,5,5,5,5,1,5,5,0,5,5,1,1,1,1,1,1,1,1,5,9.5,2,0,0,0,0,0,0,0,0,2,0,0,0,0,0,0,0,0,72300
2,5416,3,71040,5,5,0,12,1,0,690,119,11,1,55,999999,9,9,99,1,1960,99999,2,1,1,1,4,3,5,1,1,1,5,3,3,2,5,5,5,3,2,2,2,2,5,2,2,3,9,9,2,4,2,2,2,3,2,3,2,2,3,2,2,3,2,4,2,2,3,3,1,3,2,2,1,1,1,4,1,1,1,1,3,1,4,4,5,5,5,5,5,5,5,5,1,5,5,0,5,5,1,1,1,1,1,1,1,1,5,9.5,2,0,0,0,0,0,0,0,0,2,0,0,0,0,0,0,0,0,72300
2,291,2,32400,3,5,0,15,1,0,3,739,80000,6,50,999998,1,0,8,10,1949,99999,2,1,2,3,5,4,1,1,2,1,4,1,3,3,1,1,1,3,3,2,2,3,3,3,2,3,2,3,2,3,1,4,3,3,2,3,3,2,3,4,1,2,2,3,2,3,3,4,1,2,2,3,1,3,2,2,2,2,9,1,2,1,3,4,5,5,5,5,4,5,5,5,1,5,1,0,5,5,5,1,1,1,1,1,1,5,5,9,2,0,0,0,0,0,0,0,0,1,5,1,5,5,5,5,5,6,36000
2,2468,3,67500,1,5,0,13,1,0,692,159,999999,9,50,999998,1,0,99,12,1950,99999,2,1,1,4,5,1,3,1,2,1,2,1,1,2,5,5,5,6,1,2,3,2,3,2,1,3,4,5,3,4,3,2,4,3,2,2,3,3,2,3,3,3,3,2,1,1,3,4,1,3,3,2,1,2,1,2,2,2,3,1,4,2,5,5,5,5,4,5,4,5,4,5,1,5,5,0,5,1,5,1,1,1,1,1,1,5,5,8,2,0,0,0,0,0,0,0,0,2,0,0,0,0,0,0,0,0,68640
2,2468,4,67500,1,5,0,13,1,0,692,159,999999,9,50,999998,1,0,99,12,1950,99999,2,1,1,4,5,1,3,1,2,1,2,1,1,2,5,5,5,6,1,2,3,2,3,2,1,3,4,5,3,4,3,2,4,3,2,2,3,3,2,3,3,3,3,2,1,1,3,4,1,3,3,2,1,2,1,2,2,2,3,1,4,2,5,5,5,5,4,5,4,5,4,5,1,5,5,0,5,1,5,1,1,1,1,1,1,5,5,8,2,0,0,0,0,0,0,0,0,2,0,0,0,0,0,0,0,0,68640
2,3990,2,72900,1,5,0,14,1,0,600,917,35000,6,45,35000,0,0,0,1,1964,99999,2,3,2,3,4,2,5,1,2,1,2,1,1,1,5,1,1,5,2,2,5,1,5,2,1,5,5,5,5,4,3,3,2,3,2,3,3,4,3,2,2,3,3,3,2,2,3,4,1,3,3,2,2,3,1,4,2,1,3,2,3,2,4,4,5,5,5,5,5,5,5,5,1,5,5,0,5,5,5,1,1,1,1,1,1,5,5,9,2,0,0,0,0,0,0,0,0,2,0,0,0,0,0,0,0,0,73800
2,3990,3,72900,1,5,0,14,1,0,600,917,35000,6,45,35000,0,0,0,1,1964,99999,2,3,2,3,4,2,5,1,2,1,2,1,1,1,5,1,1,5,2,2,5,1,5,2,1,5,5,5,5,4,3,3,2,3,2,3,3,4,3,2,2,3,3,3,2,2,3,4,1,3,3,2,2,3,1,4,2,1,3,2,3,2,4,4,5,5,5,5,5,5,5,5,1,5,5,0,5,5,5,1,1,1,1,1,1,5,5,9,2,0,0,0,0,0,0,0,0,2,0,0,0,0,0,0,0,0,73800
2,2058,5,51120,1,5,0,12,1,0,755,27,5,1,32,999998,5,8,0,3,1971,99999,1,0,0,0,0,0,0,0,0,0,0,0,0,0,0,0,0,0,0,0,0,0,0,0,0,0,0,0,0,0,0,0,0,0,0,0,0,0,0,0,0,0,0,0,0,0,0,0,0,0,0,0,0,0,0,0,0,0,0,0,0,0,0,0,0,0,0,0,0,0,0,0,0,0,0,0,0,0,0,0,0,0,0,0,0,0,0,0,0,0,0,0,0,0,0,0,0,0,0,0,0,0,0,0,0,0,51300
2,2586,2,64200,1,1,1,12,1,0,692,158,29000,6,40,999998,1,0,5,6,1968,99999,1,0,0,0,0,0,0,0,0,0,0,0,0,0,0,0,0,0,0,0,0,0,0,0,0,0,0,0,0,0,0,0,0,0,0,0,0,0,0,0,0,0,0,0,0,0,0,0,0,0,0,0,0,0,0,0,0,0,0,0,0,0,0,0,0,0,0,0,0,0,0,0,0,0,0,0,0,0,0,0,0,0,0,0,0,0,0,0,0,0,0,0,0,0,0,0,0,0,0,0,0,0,0,0,0,0,99999
2,2182,3,44100,3,5,0,12,1,0,190,897,15000,6,70,15000,0,0,0,12,1962,99999,2,1,2,3,4,5,2,1,2,1,2,3,1,1,5,1,1,6,1,2,2,2,4,2,2,5,5,5,2,5,5,2,2,4,2,2,3,3,4,3,3,2,2,3,3,1,2,4,1,1,4,3,1,1,1,4,1,1,4,1,4,3,3,3,4,4,4,5,2,1,4,4,1,5,5,0,1,1,1,1,1,1,1,1,1,5,5,14,2,0,0,0,0,0,0,0,0,2,0,0,0,0,0,0,0,0,45600
2,2182,4,44100,3,5,0,12,1,0,190,897,15000,6,70,15000,0,0,0,12,1962,99999,2,1,2,3,4,5,2,1,2,1,2,3,1,1,5,1,1,6,1,2,2,2,4,2,2,5,5,5,2,5,5,2,2,4,2,2,3,3,4,3,3,2,2,3,3,1,2,4,1,1,4,3,1,1,1,4,1,1,4,1,4,3,3,3,4,4,4,5,2,1,4,4,1,5,5,0,1,1,1,1,1,1,1,1,1,5,5,14,2,0,0,0,0,0,0,0,0,2,0,0,0,0,0,0,0,0,45600
2,5448,6,77520,3,5,0,13,1,0,903,728,5,1,17.5,7500,5,3,0,2,1955,99999,2,2,2,1,3,4,5,1,2,2,4,1,1,1,1,1,5,4,1,2,2,1,4,2,2,4,5,5,4,2,2,2,2,2,2,2,2,3,3,3,2,2,2,3,3,3,2,3,1,2,3,3,2,1,1,3,1,1,2,1,2,1,3,5,5,3,3,3,3,3,4,3,1,5,5,0,5,5,1,1,1,1,5,5,1,1,5,4,2,0,0,0,0,0,0,0,0,2,0,0,0,0,0,0,0,0,78900
2,5448,7,77520,3,5,0,13,1,0,903,728,5,1,17.5,7500,5,3,0,2,1955,99999,2,2,2,1,3,4,5,1,2,2,4,1,1,1,1,1,5,4,1,2,2,1,4,2,2,4,5,5,4,2,2,2,2,2,2,2,2,3,3,3,2,2,2,3,3,3,2,3,1,2,3,3,2,1,1,3,1,1,2,1,2,1,3,5,5,3,3,3,3,3,4,3,1,5,5,0,5,5,1,1,1,1,5,5,1,1,5,4,2,0,0,0,0,0,0,0,0,2,0,0,0,0,0,0,0,0,78900
2,5461,2,37800,1,5,0,12,1,0,602,219,800,3,40,40000,0,0,0,9,1959,99999,2,1,2,3,5,4,1,1,2,1,5,1,5,1,5,1,5,5,2,2,3,2,5,2,2,5,3,2,2,4,4,2,2,3,2,3,3,2,3,2,3,3,3,3,2,2,2,3,2,2,3,3,2,2,2,3,2,2,3,2,3,3,5,5,5,5,5,5,5,3,5,5,1,5,5,0,5,5,5,1,1,1,1,1,1,5,5,8,2,0,0,0,0,0,0,0,0,2,0,0,0,0,0,0,0,0,38700
2,5461,3,37800,1,5,0,12,1,0,602,219,800,3,40,40000,0,0,0,9,1959,99999,2,1,2,3,5,4,1,1,2,1,5,1,5,1,5,1,5,5,2,2,3,2,5,2,2,5,3,2,2,4,4,2,2,3,2,3,3,2,3,2,3,3,3,3,2,2,2,3,2,2,3,3,2,2,2,3,2,2,3,2,3,3,5,5,5,5,5,5,5,3,5,5,1,5,5,0,5,5,5,1,1,1,1,1,1,5,5,8,2,0,0,0,0,0,0,0,0,2,0,0,0,0,0,0,0,0,38700
2,3513,2,72000,1,1,3,12,1,0,284,639,30000,6,42,40000,0,0,0,11,1951,99999,2,1,1,3,4,5,1,1,1,1,5,1,1,1,5,1,5,5,3,2,5,5,5,2,2,3,3,1,2,3,2,2,4,3,2,3,3,3,3,3,2,3,2,3,3,2,3,3,2,3,2,2,2,2,2,3,2,2,3,2,3,2,4,4,5,5,3,3,3,3,5,5,1,5,5,0,5,1,1,1,1,5,1,1,1,1,5,10,2,0,0,0,0,0,0,0,0,2,0,0,0,0,0,0,0,0,72900
2,1587,3,56400,2,5,0,14,1,0,245,639,45300,6,50,999998,1,0,5,9,1961,99999,2,2,4,3,4,5,1,2,2,2,4,1,1,1,5,5,1,2,1,2,5,3,5,5,5,5,3,4,3,4,4,3,2,3,2,3,3,3,3,3,3,3,3,3,2,2,3,4,2,3,2,2,2,3,1,3,1,1,3,1,3,2,5,5,5,5,5,5,5,5,5,5,1,5,5,0,5,1,5,1,1,1,1,1,1,5,5,9,2,0,0,0,0,0,0,0,0,2,0,0,0,0,0,0,0,0,57600
2,1402,4,73140,5,5,0,14,1,0,394,527,28000,6,30,28000,0,0,0,10,1953,99999,2,2,2,3,4,2,5,2,2,1,3,3,4,3,5,5,1,3,2,2,5,4,3,2,2,5,3,5,5,5,3,1,5,2,2,2,2,2,2,2,8,2,3,2,4,2,1,8,2,2,4,2,8,2,2,3,2,2,3,3,3,3,5,5,5,5,5,5,5,3,5,5,1,5,5,0,5,5,5,1,1,1,1,1,1,5,5,5.5,2,0,0,0,0,0,0,0,0,2,0,0,0,0,0,0,0,0,74700
2,2938,2,55080,9,5,0,11,1,0,283,628,6,1,40,999998,5,8,0,1,1975,99999,2,4,3,3,5,4,1,1,2,2,3,1,1,1,5,5,5,6,2,2,5,5,3,1,1,5,5,5,4,4,4,3,2,4,1,4,1,4,3,2,3,3,3,2,2,1,3,3,1,3,3,3,2,3,2,3,2,2,3,2,3,2,5,5,5,5,4,5,5,5,5,5,1,5,5,0,5,1,5,1,1,1,5,5,1,1,1,8,2,0,0,0,0,0,0,0,0,2,0,0,0,0,0,0,0,0,56460
2,5264,3,41580,1,1,1,17,1,0,245,369,45000,6,45,75000,0,0,0,2,1955,99999,2,1,1,3,4,5,1,1,2,1,2,1,2,2,1,5,1,5,2,2,2,2,2,2,2,5,5,2,3,3,4,3,4,3,2,3,3,3,3,3,2,3,3,3,2,2,2,3,2,3,3,3,2,2,2,3,2,3,3,2,3,2,5,3,5,5,3,5,3,3,5,5,1,5,5,0,9,9,9,1,1,1,1,1,1,5,5,8,2,0,0,0,0,0,0,0,0,2,0,0,0,0,0,0,0,0,42600
2,1643,4,71100,1,5,0,12,1,0,441,757,300,3,40,16500,0,0,0,6,1957,99999,2,2,2,3,5,1,4,2,2,2,4,1,3,1,5,1,1,2,2,2,4,2,3,2,2,2,3,2,2,2,2,2,2,3,2,3,3,3,3,2,3,3,2,3,2,2,3,3,2,3,2,3,2,2,2,2,2,2,3,2,3,2,3,5,5,5,5,5,5,5,5,5,1,5,5,0,5,5,5,1,1,1,1,1,1,5,5,8,2,0,0,0,0,0,0,0,0,2,0,0,0,0,0,0,0,0,72000
2,1643,3,71100,1,5,0,12,1,0,441,757,300,3,40,16500,0,0,0,6,1957,99999,2,2,2,3,5,1,4,2,2,2,4,1,3,1,5,1,1,2,2,2,4,2,3,2,2,2,3,2,2,2,2,2,2,3,2,3,3,3,3,2,3,3,2,3,2,2,3,3,2,3,2,3,2,2,2,2,2,2,3,2,3,2,3,5,5,5,5,5,5,5,5,5,1,5,5,0,5,5,5,1,1,1,1,1,1,5,5,8,2,0,0,0,0,0,0,0,0,2,0,0,0,0,0,0,0,0,72000
2,5002,2,77100,3,5,0,12,1,0,751,67,708,3,40,27000,0,0,0,2,1970,99999,2,2,2,4,1,3,5,2,2,1,2,1,1,1,5,1,1,6,3,2,5,3,3,2,1,2,3,5,3,2,2,2,2,2,2,2,3,2,3,2,3,2,3,1,8,1,3,1,1,2,3,2,8,1,1,4,1,1,2,1,1,2,3,3,4,3,3,3,3,3,4,3,1,5,5,0,5,5,1,1,1,1,1,1,1,5,5,8,2,0,0,0,0,0,0,0,0,2,0,0,0,0,0,0,0,0,79500
2,1298,3,72000,3,5,0,14,1,0,600,917,40000,6,60,45000,0,0,0,10,1957,99999,2,1,1,5,1,3,4,1,2,1,4,1,1,2,1,5,1,3,2,2,2,2,5,2,1,3,4,4,2,2,2,1,3,3,1,3,4,4,4,3,3,3,3,3,2,2,3,4,1,3,2,3,1,2,2,4,1,1,3,2,4,2,4,5,5,5,5,5,5,5,5,5,5,5,5,5,5,1,5,2,0,0,0,0,0,0,0,0,2,0,0,0,0,0,0,0,0,2,0,0,0,0,0,0,0,0,74100
2,1061,2,45900,1,5,0,24,1,0,65,838,106450,6,36,999999,9,9,99,7,1955,99999,2,2,2,3,4,5,2,1,2,1,4,4,3,4,1,5,5,6,3,2,9,9,9,1,1,4,1,9,3,4,5,2,2,4,1,3,4,3,3,1,2,3,1,2,1,1,2,3,2,3,3,3,2,3,1,3,2,2,2,1,3,3,3,3,4,5,4,5,4,3,5,5,1,5,5,0,5,5,5,1,1,1,1,5,5,5,5,9,2,0,0,0,0,0,0,0,0,2,0,0,0,0,0,0,0,0,47100
2,1061,3,45900,1,5,0,24,1,0,65,838,106450,6,36,999999,9,9,99,7,1955,99999,2,2,2,3,4,5,2,1,2,1,4,4,3,4,1,5,5,6,3,2,9,9,9,1,1,4,1,9,3,4,5,2,2,4,1,3,4,3,3,1,2,3,1,2,1,1,2,3,2,3,3,3,2,3,1,3,2,2,2,1,3,3,3,3,4,5,4,5,4,3,5,5,1,5,5,0,5,5,5,1,1,1,1,5,5,5,5,9,2,0,0,0,0,0,0,0,0,2,0,0,0,0,0,0,0,0,47100
2,4226,3,55440,2,5,0,19,1,0,31,849,80000,6,50,80000,0,0,0,5,1952,99999,2,2,2,3,4,5,2,2,2,2,4,1,2,2,5,1,1,5,2,2,4,2,4,2,3,3,4,3,3,4,4,3,3,2,2,3,3,2,3,2,2,2,2,2,2,2,2,3,2,2,3,3,2,2,2,3,2,2,3,2,3,2,4,3,5,5,3,5,3,4,5,5,1,5,5,0,5,1,1,1,1,1,1,1,1,5,5,8,2,0,0,0,0,0,0,0,0,2,0,0,0,0,0,0,0,0,56400
2,2718,4,64200,5,5,0,11,7,1,510,69,50,2,10,999998,1,0,4,2,1981,64500,1,0,0,0,0,0,0,0,0,0,0,0,0,0,0,0,0,0,0,0,0,0,0,0,0,0,0,0,0,0,0,0,0,0,0,0,0,0,0,0,0,0,0,0,0,0,0,0,0,0,0,0,0,0,0,0,0,0,0,0,0,0,0,0,0,0,0,0,0,0,0,0,0,0,0,0,0,0,0,0,0,0,0,0,0,0,0,0,0,0,0,0,0,0,0,0,0,0,0,0,0,0,0,0,0,0,64500
2,4638,2,34320,2,5,0,13,1,0,925,999,11,1,40,46000,0,0,0,8,1966,99999,2,4,4,1,3,4,5,1,1,1,5,5,3,5,1,1,1,3,1,2,1,1,1,1,1,1,1,1,1,4,2,2,2,3,2,3,2,3,3,2,3,2,3,2,3,2,3,3,2,3,2,2,2,2,2,2,2,2,3,2,3,2,3,5,5,5,4,5,5,4,5,5,1,5,5,0,5,5,5,1,1,1,1,1,1,5,5,8,2,0,0,0,0,0,0,0,0,2,0,0,0,0,0,0,0,0,35220
2,4638,3,34320,2,5,0,13,1,0,925,999,11,1,40,46000,0,0,0,8,1966,99999,2,4,4,1,3,4,5,1,1,1,5,5,3,5,1,1,1,3,1,2,1,1,1,1,1,1,1,1,1,4,2,2,2,3,2,3,2,3,3,2,3,2,3,2,3,2,3,3,2,3,2,2,2,2,2,2,2,2,3,2,3,2,3,5,5,5,4,5,5,4,5,5,1,5,5,0,5,5,5,1,1,1,1,1,1,5,5,8,2,0,0,0,0,0,0,0,0,2,0,0,0,0,0,0,0,0,35220
2,4574,3,72000,1,5,0,20,1,0,65,838,180000,6,44,150000,0,0,0,1,1962,99999,2,1,1,5,4,3,1,1,2,2,4,1,1,1,1,1,1,6,1,2,5,3,3,2,3,4,4,3,2,4,2,3,2,2,1,3,4,4,4,3,4,3,3,3,2,1,3,4,1,3,3,4,1,3,1,4,1,1,2,1,4,1,4,5,5,5,5,5,5,5,5,5,1,5,5,0,1,1,5,1,1,5,5,5,1,1,1,12,2,0,0,0,0,0,0,0,0,2,0,0,0,0,0,0,0,0,72900
2,4574,4,72000,1,5,0,20,1,0,65,838,180000,6,44,150000,0,0,0,1,1962,99999,2,1,1,5,4,3,1,1,2,2,4,1,1,1,1,1,1,6,1,2,5,3,3,2,3,4,4,3,2,4,2,3,2,2,1,3,4,4,4,3,4,3,3,3,2,1,3,4,1,3,3,4,1,3,1,4,1,1,2,1,4,1,4,5,5,5,5,5,5,5,5,5,1,5,5,0,1,1,5,1,1,5,5,5,1,1,1,12,2,0,0,0,0,0,0,0,0,2,0,0,0,0,0,0,0,0,72900
2,6131,2,77100,3,5,0,14,1,0,285,739,60000,6,55,95000,0,0,0,12,1960,99999,2,2,3,3,5,4,2,1,2,2,2,1,1,1,1,1,1,5,2,2,4,4,3,2,2,5,4,2,3,4,2,2,2,3,2,3,2,2,3,1,3,2,2,2,2,2,2,4,1,2,3,3,1,1,1,4,1,1,4,1,3,2,4,4,5,5,3,5,5,5,5,5,1,5,5,0,5,1,1,1,1,1,1,1,1,5,5,9,2,0,0,0,0,0,0,0,0,2,0,0,0,0,0,0,0,0,78300
2,2153,3,73200,1,1,1,12,1,0,755,19,999999,9,45,999999,9,9,99,7,1969,99999,2,2,2,3,1,5,4,1,1,1,4,2,1,1,5,5,1,2,2,2,3,2,2,1,1,9,9,9,3,4,3,1,1,3,2,2,2,3,2,3,3,2,3,2,3,2,2,3,2,1,4,2,9,1,1,2,2,2,2,2,3,2,1,5,5,5,3,5,5,3,5,5,1,5,5,0,5,5,5,1,1,1,1,1,1,1,1,9.5,2,0,0,0,0,0,0,0,0,2,0,0,0,0,0,0,0,0,74280
2,1715,4,32700,1,5,0,16,1,0,245,427,25000,6,30,36000,0,0,0,1,1957,99999,1,0,0,0,0,0,0,0,0,0,0,0,0,0,0,0,0,0,0,0,0,0,0,0,0,0,0,0,0,0,0,0,0,0,0,0,0,0,0,0,0,0,0,0,0,0,0,0,0,0,0,0,0,0,0,0,0,0,0,0,0,0,0,0,0,0,0,0,0,0,0,0,0,0,0,0,0,0,0,0,0,0,0,0,0,0,0,0,0,0,0,0,0,0,0,0,0,0,0,0,0,0,0,0,0,0,99999
2,4152,5,33600,1,5,0,14,1,0,631,628,15,1,38,58000,0,0,0,3,1953,99999,2,1,2,3,4,5,2,1,1,1,2,2,1,3,5,1,1,6,1,2,5,2,5,1,1,5,4,2,2,4,4,2,4,3,2,3,3,3,3,3,2,3,2,3,2,2,3,3,2,3,2,3,1,2,2,3,1,3,3,2,3,2,5,5,5,5,5,5,5,5,5,5,1,5,5,0,1,1,1,1,5,5,1,1,1,1,1,8,2,0,0,0,0,0,0,0,0,2,0,0,0,0,0,0,0,0,34500
2,4838,5,71520,1,1,2,13,1,0,600,917,38000,6,80,60000,0,0,0,1,1966,99999,1,0,0,0,0,0,0,0,0,0,0,0,0,0,0,0,0,0,0,0,0,0,0,0,0,0,0,0,0,0,0,0,0,0,0,0,0,0,0,0,0,0,0,0,0,0,0,0,0,0,0,0,0,0,0,0,0,0,0,0,0,0,0,0,0,0,0,0,0,0,0,0,0,0,0,0,0,0,0,0,0,0,0,0,0,0,0,0,0,0,0,0,0,0,0,0,0,0,0,0,0,0,0,0,0,0,71820
2,4385,4,28800,1,5,0,12,3,5,0,0,0,0,0,0,0,0,0,7,1973,99999,2,2,2,4,1,3,5,1,2,1,1,1,1,1,1,5,5,5,2,1,0,0,0,0,0,0,0,0,0,0,0,0,0,4,1,4,4,4,2,1,3,2,1,3,1,1,4,4,1,4,2,2,1,1,1,2,2,1,2,2,4,1,5,5,5,5,3,3,5,3,5,5,5,5,5,1,5,5,1,2,0,0,0,0,0,0,0,0,2,0,0,0,0,0,0,0,0,2,0,0,0,0,0,0,0,0,73800
2,2126,3,73740,2,5,0,12,1,0,822,17,460,3,65,18000,0,0,0,5,1964,99999,2,2,3,5,1,4,3,1,2,1,5,2,3,2,5,1,5,5,3,2,3,2,3,1,3,5,3,1,1,4,2,2,2,3,1,2.5,3,3,3,1,3,2,3,3,2,2,3,3,1,3,2,3,2,2,2,3,1,1,3,2,3,2,5,5,5,5,5,5,5,5,5,5,1,5,5,0,5,1,5,1,1,1,1,1,1,1,5,10.5,2,0,0,0,0,0,0,0,0,2,0,0,0,0,0,0,0,0,74700
2,2126,4,73740,2,5,0,12,1,0,822,17,460,3,65,18000,0,0,0,5,1964,99999,2,2,3,5,1,4,3,1,2,1,5,2,3,2,5,1,5,5,3,2,3,2,3,1,3,5,3,1,1,4,2,2,2,3,1,2.5,3,3,3,1,3,2,3,3,2,2,3,3,1,3,2,3,2,2,2,3,1,1,3,2,3,2,5,5,5,5,5,5,5,5,5,5,1,5,5,0,5,1,5,1,1,1,1,1,1,1,5,10.5,2,0,0,0,0,0,0,0,0,2,0,0,0,0,0,0,0,0,74700
2,4285,4,69240,1,1,1,10,3,5,0,0,0,0,0,12000,0,0,0,3,1961,99999,2,2,4,5,1,3,4,1,2,1,1,1,1,1,1,1,1,6,1,2,2,2,5,1,1,4,3,3,3,5,5,3,4,2,2,4,4,3,3,2,3,2,2,1,2,2,2,4,1,2,3,3,1,3,1,4,1,1,3,1,4,1,5,5,5,5,1,4,5,5,5,5,5,5,5,1,5,1,1,2,0,0,0,0,0,0,0,0,2,0,0,0,0,0,0,0,0,2,0,0,0,0,0,0,0,0,71520
2,137,2,68700,2,5,0,12,1,0,550,448,480,3,40,999998,5,5,0,3,1956,99999,2,1,1,4,4,3,1,1,2,2,3,3,4,4,5,1,1,4,1,2,5,3,3,2,2,4,4,5,3,4,2,2,2,3,2,4,3,3,3,2,2,3,2,3,2,1,3,4,1,3,3,3,1,2,2,4,2,2,4,1,4,1,4,5,5,5,4,5,5,4,5,5,1,5,5,0,5,1,1,1,1,1,1,1,1,1,5,8,2,0,0,0,0,0,0,0,0,2,0,0,0,0,0,0,0,0,69900
2,137,3,68700,2,5,0,12,1,0,550,448,480,3,40,999998,5,5,0,3,1956,99999,2,1,1,4,4,3,1,1,2,2,3,3,4,4,5,1,1,4,1,2,5,3,3,2,2,4,4,5,3,4,2,2,2,3,2,4,3,3,3,2,2,3,2,3,2,1,3,4,1,3,3,3,1,2,2,4,2,2,4,1,4,1,4,5,5,5,4,5,5,4,5,5,1,5,5,0,5,1,1,1,1,1,1,1,1,1,5,8,2,0,0,0,0,0,0,0,0,2,0,0,0,0,0,0,0,0,69900
2,5359,3,55800,5,1,2,8,3,5,0,0,0,0,0,5000,0,0,0,99,9999,99999,2,2,2,4,3,5,9,2,2,2,2,1,2,1,1,5,1,5,2,2,5,3,3,3,4,4,4,5,4,4,3,2,2,3,2,3,3,3,3,1,2,2,3,2,2,2,3,2,2,3,3,2,3,2,3,3,2,2,2,3,2,2,3,3,3,2,3,3,2,3,3,5,5,5,5,5,5,5,5,2,0,0,0,0,0,0,0,0,2,0,0,0,0,0,0,0,0,2,0,0,0,0,0,0,0,0,57000
2,5438,2,51000,5,5,0,10,3,5,0,0,0,0,0,999998,5,8,0,4,1979,99999,2,2,3,5,1,3,4,1,2,2,4,4,2,1,5,5,5,6,2,9,9,9,9,9,9,9,9,9,9,9,9,9,9,2,2,2,3,2,3,1,2,1,2,2,3,2,2,3,2,1,9,9,9,9,9,9,9,9,9,9,9,9,9,9,9,9,9,9,9,9,9,9,9,9,9,9,9,9,9,9,9,9,9,9,9,9,9,99,9,9,9,9,9,9,9,9,99,9,9,9,9,9,9,9,9,99,99999
2,5359,5,55800,5,1,2,8,3,5,0,0,0,0,0,5000,0,0,0,99,9999,99999,2,2,2,4,3,5,9,2,2,2,2,1,2,1,1,5,1,5,2,2,5,3,3,3,4,4,4,5,4,4,3,2,2,3,2,3,3,3,3,1,2,2,3,2,2,2,3,2,2,3,3,2,3,2,3,3,2,2,2,3,2,2,3,3,3,2,3,3,2,3,3,5,5,5,5,5,5,5,5,2,0,0,0,0,0,0,0,0,2,0,0,0,0,0,0,0,0,2,0,0,0,0,0,0,0,0,57000
2,5153,4,70320,1,5,0,14,1,0,4,378,70000,6,42.5,70000,0,0,0,1,1953,99999,2,2,2,3,1,5,4,2,1,1,4,2,2,1,1,5,1,4,1,2,3,3,3,2,3,4,5,3,3,3,1,1,3,8,2,8,8,2,8,8,8,8,8,3,3,1,2,3,8,2,3,8,8,8,2,2,3,2,3,1,8,2,3,3,4,4,3,4,4,4,5,3,1,5,5,0,5,5,1,1,1,1,5,5,1,5,5,9,2,0,0,0,0,0,0,0,0,2,0,0,0,0,0,0,0,0,71520
2,1107,3,73500,1,1,1,14,1,0,965,937,67000,6,63,107000,0,0,0,10,1963,99999,2,3,2,3,4,5,2,2,2,1,5,1,2,1,1,1,1,6,1,2,4,2,4,2,2,2,4,4,2,4,4,2,2,3,2,3,3,3,3,2,3,2,2,3,2,2,2,3,2,3,3,3,2,3,2,4,1,1,3,2,3,2,5,5,5,5,5,5,5,5,5,5,1,1,1,0,5,5,5,1,1,1,1,1,1,1,5,10,1,1,1,1,1,1,5,5,10,1,1,1,1,1,1,5,5,10,74400
2,590,3,50820,5,5,0,12.5,1,0,764,749,999999,9,30,999998,1,0,3,12,1974,99999,2,4,4,1,5,3,4,1,2,2,5,1,1,3,5,1,1,6,1,2,3,1,5,1,1,2,5,9,3,4,3,2,3,3,2,3,3,3,3,2,3,3,3,2,2,2,3,3,2,3,2,4,2,2,2,3,2,2,3,2,3,2,4,5,5,5,5,5,5,5,5,5,1,5,5,0,5,1,5,1,1,1,1,1,1,1,1,12,2,0,0,0,0,0,0,0,0,2,0,0,0,0,0,0,0,0,52080
2,2704,2,49200,1,1,1,12,1,0,705,529,425,3,45,23000,0,0,0,10,1963,99999,2,1,2,2,1,4,3,1,1,1,5,1,1,1,5,5,5,5,2,2,5,3,5,3,3,1,3,3,3,2,1,1,2,4,1,3,2,3,3,2,2,2,2,3,3,3,2,3,2,2,3,3,2,2,2,3,2,2,3,2,3,2,5,5,5,5,5,5,5,3,5,5,1,5,5,0,5,5,5,1,1,1,1,1,1,1,5,9,2,0,0,0,0,0,0,0,0,2,0,0,0,0,0,0,0,0,50100
2,1469,3,39000,3,1,4,9,7,5,0,0,0,0,0,9000,0,0,0,6,1949,39120,1,0,0,0,0,0,0,0,0,0,0,0,0,0,0,0,0,0,0,0,0,0,0,0,0,0,0,0,0,0,0,0,0,0,0,0,0,0,0,0,0,0,0,0,0,0,0,0,0,0,0,0,0,0,0,0,0,0,0,0,0,0,0,0,0,0,0,0,0,0,0,0,0,0,0,0,0,0,0,0,0,0,0,0,0,0,0,0,0,0,0,0,0,0,0,0,0,0,0,0,0,0,0,0,0,0,39120
2,2752,2,73800,3,5,0,16,1,0,233,537,75000,6,60,85000,0,0,0,1,1949,99999,2,3,4,3,5,1,4,1,2,1,4,1,1,2,1,1,5,2,1,2,4,4,4,1,1,3,4,4,3,4,5,1,4,4,2,3,1,2,2,2,3,3,3,3,2,2,2,4,1,1,4,4,1,3,1,4,1,1,2,2,3,2,5,4,5,5,3,4,4,4,4,5,1,5,5,0,5,1,5,1,1,1,1,1,1,1,5,10,2,0,0,0,0,0,0,0,0,2,0,0,0,0,0,0,0,0,75900
2,5558,3,76680,5,1,1,12,1,0,441,379,400,3,32,999998,1,0,2,9,1974,99999,2,2,2,5,3,1,4,2,2,1,4,2,2,3,1,1,5,3,1,2,1,1,5,1,3,3,3,2,4,5,1,1,1,3,1,3,3,3,4,1,2,2,4,3,3,1,3,4,2,3,3,4,1,1,1,4,1,1,3,1,3,2,3,5,5,5,3,3,4,3,4,5,1,1,5,0,5,5,5,1,5,5,5,1,1,1,5,10,1,1,1,1,1,1,5,5,7,2,0,0,0,0,0,0,0,0,77880
2,4764,2,72720,1,1,2,11,1,0,534,69,999999,9,72,999998,5,1,0,4,1965,72960,1,0,0,0,0,0,0,0,0,0,0,0,0,0,0,0,0,0,0,0,0,0,0,0,0,0,0,0,0,0,0,0,0,0,0,0,0,0,0,0,0,0,0,0,0,0,0,0,0,0,0,0,0,0,0,0,0,0,0,0,0,0,0,0,0,0,0,0,0,0,0,0,0,0,0,0,0,0,0,0,0,0,0,0,0,0,0,0,0,0,0,0,0,0,0,0,0,0,0,0,0,0,0,0,0,0,72960
2,4764,3,73380,3,5,0,14,8,5,0,0,0,0,0,13000,0,0,0,7,1968,99999,2,3,3,5,1,3,4,1,1,1,1,5,3,1,1,1,1,2,1,2,4,2,5,1,1,1,3,5,1,1,1,1,1,4,1,4,4,4,4,1,1,2,1,1,4,1,2,3,1,1,4,4,2,1,1,4,1,1,2,1,3,1,5,3,5,5,3,3,3,1,3,3,5,5,5,5,1,5,5,2,0,0,0,0,0,0,0,0,2,0,0,0,0,0,0,0,0,2,0,0,0,0,0,0,0,0,74580
2,4762,4,72900,3,5,0,16,1,0,282,568,60000,6,55,75000,0,0,0,12,1947,99999,2,3,3,3,5,4,1,1,2,1,2,1,2,2,1,5,5,3,1,2,2,1,4,4,2,4,4,2,2,4,1,2,1,3,2,3,3,3,3,2,2,3,2,3,2,1,3,4,1,3,2,3,1,2,1,4,1,1,4,1,4,1,5,5,5,5,5,5,5,5,5,5,1,5,5,0,5,1,1,1,1,1,1,1,1,5,5,10,2,0,0,0,0,0,0,0,0,2,0,0,0,0,0,0,0,0,73800
2,3660,2,62400,5,5,0,10,1,0,822,17,180,3,35,12000,0,0,0,3,1976,99999,1,0,0,0,0,0,0,0,0,0,0,0,0,0,0,0,0,0,0,0,0,0,0,0,0,0,0,0,0,0,0,0,0,0,0,0,0,0,0,0,0,0,0,0,0,0,0,0,0,0,0,0,0,0,0,0,0,0,0,0,0,0,0,0,0,0,0,0,0,0,0,0,0,0,0,0,0,0,0,0,0,0,0,0,0,0,0,0,0,0,0,0,0,0,0,0,0,0,0,0,0,0,0,0,0,0,63000
2,1950,3,58800,3,1,2,12,1,0,690,667,10,1,44,31500,0,0,0,3,1957,99999,2,2,1,4,3,5,2,2,2,2,2,2,1,2,5,1,5,5,2,2,4,4,4,4,4,4,3,2,2,4,4,4,2,3,2,3,3,3,3,2,3,2,2,2,2,2,3,3,2,2,3,3,2,3,1,3,1,1,3,2,3,2,5,5,5,5,5,5,5,5,5,5,1,5,5,0,5,1,5,1,1,1,1,1,1,5,5,8,2,0,0,0,0,0,0,0,0,2,0,0,0,0,0,0,0,0,59700
2,619,2,65700,5,5,0,14,1,0,753,999,6,1,35,12000,0,0,0,8,1976,99999,2,2,1,1,4,5,3,1,1,1,3,1,1,2,1,5,5,3,1,1,0,0,0,0,0,0,0,0,0,0,0,0,0,3,2,2,1,3,3,2,2,2,2,2,2,2,2,3,1,2,2,2,2,2,1,2,2,2,2,2,3,3,4,4,5,5,4,5,4,3,4,5,1,5,5,0,1,5,5,1,1,1,1,1,1,5,5,6.5,2,0,0,0,0,0,0,0,0,2,0,0,0,0,0,0,0,0,66600
2,5064,4,48900,1,1,6,8,3,5,0,0,0,0,0,7000,0,0,0,8,1959,99999,1,0,0,0,0,0,0,0,0,0,0,0,0,0,0,0,0,0,0,0,0,0,0,0,0,0,0,0,0,0,0,0,0,0,0,0,0,0,0,0,0,0,0,0,0,0,0,0,0,0,0,0,0,0,0,0,0,0,0,0,0,0,0,0,0,0,0,0,0,0,0,0,0,0,0,0,0,0,0,0,0,0,0,0,0,0,0,0,0,0,0,0,0,0,0,0,0,0,0,0,0,0,0,0,0,0,49500
2,1790,3,55500,5,1,2,12,1,0,715,77,300,4,40,999998,5,9,0,10,1959,99999,2,1,2,1,4,3,5,1,2,2,1,1,1,1,5,5,1,2,2,2,4,2,1,1,1,3,2,1,1,4,1,1,2,3,2,3,3,2,3,2,3,3,1,1,3,2,2,3,1,2,4,3,1,2,1,3,2,2,3,2,3,1,5,5,5,5,5,5,3,5,5,5,1,5,5,0,5,5,5,1,1,1,1,1,1,1,5,10,2,0,0,0,0,0,0,0,0,2,0,0,0,0,0,0,0,0,57600
2,2951,4,42300,5,5,0,11,3,1,374,418,300,3,30,999998,8,8,99,9,1966,99999,2,1,1,1,5,4,2,2,2,1,1,1,4,3,5,1,1,5,1,2,3,2,3,2,2,2,2,5,3,4,3,3,2,2,2,3,3,2,3,2,3,2,2,2,2,2,3,2,2,3,3,2,2,2,3,3,2,2,2,2,3,2,4,5,4,5,5,5,5,5,5,5,1,5,5,0,1,5,5,1,9,9,9,9,9,9,9,99,2,0,0,0,0,0,0,0,0,2,0,0,0,0,0,0,0,0,43800
2,1790,4,55500,5,1,2,12,1,0,715,77,300,4,40,999998,5,9,0,10,1959,99999,2,1,2,1,4,3,5,1,2,2,1,1,1,1,5,5,1,2,2,2,4,2,1,1,1,3,2,1,1,4,1,1,2,3,2,3,3,2,3,2,3,3,1,1,3,2,2,3,1,2,4,3,1,2,1,3,2,2,3,2,3,1,5,5,5,5,5,5,3,5,5,5,1,5,5,0,5,5,5,1,1,1,1,1,1,1,5,10,2,0,0,0,0,0,0,0,0,2,0,0,0,0,0,0,0,0,57600
2,148,4,77100,1,1,1,17,1,0,202,707,999999,9,40,55000,0,0,0,11,1953,99999,2,2,1,3,4,5,1,2,1,1,3,5,4,4,1,1,5,2,1,2,2,2,2,1,1,2,3,1,4,4,3,2,4,2,1,9,9,2,3,9,9,2,3,2,2,2,2,3,2,2,3,2,3,2,1,2,2,2,2,1,3,2,3,5,5,4,3,4,3,3,5,5,1,5,5,0,1,5,1,1,1,1,1,1,1,5,5,8,2,0,0,0,0,0,0,0,0,2,0,0,0,0,0,0,0,0,78300
2,4025,2,74400,5,5,0,12,1,0,482,477,600,4,40,999998,5,5,0,3,1962,99999,2,1,1,3,5,4,1,1,1,1,4,1,1,1,5,1,5,6,1,2,5,5,3,3,3,3,3,1,1,4,1,2,2,2,2,3,2,3,3,2,3,3,3,2,2,2,3,3,1,3,2,2,1,2,1,4,1,1,3,2,3,1,4,4,4,4,4,4,4,3,4,4,1,5,5,0,5,5,5,1,1,5,1,1,1,5,5,8,2,0,0,0,0,0,0,0,0,2,0,0,0,0,0,0,0,0,75600
2,3807,4,66300,5,5,0,12,3,5,0,0,0,0,0,999998,5,1,0,9,1977,99999,1,0,0,0,0,0,0,0,0,0,0,0,0,0,0,0,0,0,0,0,0,0,0,0,0,0,0,0,0,0,0,0,0,0,0,0,0,0,0,0,0,0,0,0,0,0,0,0,0,0,0,0,0,0,0,0,0,0,0,0,0,0,0,0,0,0,0,0,0,0,0,0,0,0,0,0,0,0,0,0,0,0,0,0,0,0,0,0,0,0,0,0,0,0,0,0,0,0,0,0,0,0,0,0,0,0,66900
2,4025,4,74400,5,5,0,12,1,0,482,477,600,4,40,999998,5,5,0,3,1962,99999,2,1,1,3,5,4,1,1,1,1,4,1,1,1,5,1,5,6,1,2,5,5,3,3,3,3,3,1,1,4,1,2,2,2,2,3,2,3,3,2,3,3,3,2,2,2,3,3,1,3,2,2,1,2,1,4,1,1,3,2,3,1,4,4,4,4,4,4,4,3,4,4,1,5,5,0,5,5,5,1,1,5,1,1,1,5,5,8,2,0,0,0,0,0,0,0,0,2,0,0,0,0,0,0,0,0,75600
2,3417,4,68820,3,5,0,8,1,0,436,77,999999,9,40,999999,9,9,99,1,1969,99999,1,0,0,0,0,0,0,0,0,0,0,0,0,0,0,0,0,0,0,0,0,0,0,0,0,0,0,0,0,0,0,0,0,0,0,0,0,0,0,0,0,0,0,0,0,0,0,0,0,0,0,0,0,0,0,0,0,0,0,0,0,0,0,0,0,0,0,0,0,0,0,0,0,0,0,0,0,0,0,0,0,0,0,0,0,0,0,0,0,0,0,0,0,0,0,0,0,0,0,0,0,0,0,0,0,0,69120
2,693,3,72300,3,1,1,12,1,0,404,467,999999,9,40,999999,9,9,99,3,1952,99999,2,1,2,4,3,5,1,1,1,1,5,3,3,3,5,5,5,2,1,2,3,3,3,3,1,4,5,5,2,2,2,1,2,3,1,3,3,3,3,3,3,2,3,3,3,2,2,3,2,3,2,2,2,1,1,4,2,2,3,1,3,2,3,4,5,5,3,5,5,3,5,5,1,5,5,0,5,1,1,1,1,1,1,1,1,5,5,8,2,0,0,0,0,0,0,0,0,2,0,0,0,0,0,0,0,0,74400
2,2561,2,42300,1,5,0,12,1,0,780,407,32000,6,45,40000,0,0,0,8,1946,99999,2,2,3,4,5,3,1,2,2,1,4,1,1,3,5,1,1,2,1,2,4,2,2,2,2,4,5,5,3,2,2,2,2,9,2,3,1,2,3,3,3,2,3,3,2,2,2,3,2,2,3,3,2,2,2,3,2,2,9,2,3,2,5,5,5,5,5,5,5,5,5,5,1,5,5,0,5,1,1,1,1,1,1,1,1,5,5,4.5,2,0,0,0,0,0,0,0,0,2,0,0,0,0,0,0,0,0,43500
2,1278,3,71100,3,5,0,18,5,5,0,0,0,0,0,25000,0,0,0,10,1949,99999,1,0,0,0,0,0,0,0,0,0,0,0,0,0,0,0,0,0,0,0,0,0,0,0,0,0,0,0,0,0,0,0,0,0,0,0,0,0,0,0,0,0,0,0,0,0,0,0,0,0,0,0,0,0,0,0,0,0,0,0,0,0,0,0,0,0,0,0,0,0,0,0,0,0,0,0,0,0,0,0,0,0,0,0,0,0,0,0,0,0,0,0,0,0,0,0,0,0,0,0,0,0,0,0,0,0,71220
2,4418,3,58440,1,1,1,12,1,0,715,569,435,3,54,29000,0,0,0,6,1956,99999,2,1,1,1,4,5,3,1,2,2,1,1,1,1,1,1,1,2,1,2,2,1,5,1,1,1,1,1,1,4,2,2,2,3,2,3,3,3,3,2,3,3,3,3,2,2,3,3,1,2,3,3,2,3,2,3,2,2,3,3,3,2,5,5,5,5,5,5,5,2,5,5,1,5,5,0,9,1,9,1,1,1,1,1,1,5,5,7,2,0,0,0,0,0,0,0,0,2,0,0,0,0,0,0,0,0,59640
2,10014,2,33720,5,5,0,12,1,0,703,408,320,3,40,19000,0,0,0,2,1960,99999,2,4,4,1,3,5,4,1,2,2,1,1,1,1,5,1,5,6,2,2,5,5,3,3,3,5,3,3,3,4,2,2,2,3,3,3,3,3,3,2,1,2,3,3,2,2,4,3,1,3,2,3,2,2,2,3,1,2,3,2,3,2,5,5,5,5,5,3,5,3,5,5,1,5,5,0,5,5,5,1,1,1,1,1,1,5,5,12,2,0,0,0,0,0,0,0,0,2,0,0,0,0,0,0,0,0,34800
2,10135,3,99999,5,5,0,7,1,0,694,109,6,1,40,20000,0,0,0,3,1966,99999,2,2,2,5,1,4,3,1,2,2,1,1,1,1,5,5,5,5,1,2,2,1,4,5,2,2,2,2,2,2,2,1,1,2,1,1,3,2,3,3,3,2,2,2,2,2,1,2,1,1,4,3,1,2,2,4,1,1,2,1,3,1,3,2,3,1,3,3,5,3,5,5,9,9,9,9,9,9,9,9,9,9,9,9,9,9,9,99,9,9,9,9,9,9,9,9,99,9,9,9,9,9,9,9,9,99,99999
2,10135,4,99999,5,5,0,7,1,0,694,109,6,1,40,20000,0,0,0,3,1966,99999,2,2,2,5,1,4,3,1,2,2,1,1,1,1,5,5,5,5,1,2,2,1,4,5,2,2,2,2,2,2,2,1,1,2,1,1,3,2,3,3,3,2,2,2,2,2,1,2,1,1,4,3,1,2,2,4,1,1,2,1,3,1,3,2,3,1,3,3,5,3,5,5,9,9,9,9,9,9,9,9,9,9,9,9,9,9,9,99,9,9,9,9,9,9,9,9,99,9,9,9,9,9,9,9,9,99,99999
2,5340,2,44220,1,1,5,12,1,0,902,779,30000,6,45,30000,0,0,0,6,1960,99999,1,0,0,0,0,0,0,0,0,0,0,0,0,0,0,0,0,0,0,0,0,0,0,0,0,0,0,0,0,0,0,0,0,0,0,0,0,0,0,0,0,0,0,0,0,0,0,0,0,0,0,0,0,0,0,0,0,0,0,0,0,0,0,0,0,0,0,0,0,0,0,0,0,0,0,0,0,0,0,0,0,0,0,0,0,0,0,0,0,0,0,0,0,0,0,0,0,0,0,0,0,0,0,0,0,0,44520
2,6296,5,33300,3,5,0,12,3,5,0,0,0,0,0,35000,0,0,0,11,1960,99999,2,2,3,4,3,5,1,1,2,1,4,3,5,3,1,1,1,2,1,2,2,1,2,1,5,1,2,2,3,4,1,1,2,1,1,1,2,2,3,1,2,1,2,1,2,2,3,3,1,1,3,2,1,1,1,2,1,1,3,1,2,2,3,5,5,3,3,3,4,3,5,5,5,5,5,1,5,1,1,2,0,0,0,0,0,0,0,0,2,0,0,0,0,0,0,0,0,2,0,0,0,0,0,0,0,0,34500
2,6296,6,33300,3,5,0,12,3,5,0,0,0,0,0,35000,0,0,0,11,1960,99999,2,2,3,4,3,5,1,1,2,1,4,3,5,3,1,1,1,2,1,2,2,1,2,1,5,1,2,2,3,4,1,1,2,1,1,1,2,2,3,1,2,1,2,1,2,2,3,3,1,1,3,2,1,1,1,2,1,1,3,1,2,2,3,5,5,3,3,3,4,3,5,5,5,5,5,1,5,1,1,2,0,0,0,0,0,0,0,0,2,0,0,0,0,0,0,0,0,2,0,0,0,0,0,0,0,0,34500
2,2412,3,68400,3,5,0,12,1,0,680,429,500,3,40,35000,0,0,0,7,1951,99999,2,4,4,3,4,5,1,1,2,2,1,1,1,1,5,1,5,6,2,2,1,2,2,2,2,5,5,2,2,2,2,2,1,3,3,2,2,4,3,2,2,2,2,2,2,1,2,3,2,2,4,3,1,2,1,4,2,1,2,2,3,2,1,5,5,5,5,5,5,2,5,5,1,5,5,0,5,5,5,1,1,1,1,5,5,5,5,8,2,0,0,0,0,0,0,0,0,2,0,0,0,0,0,0,0,0,69600
2,2412,4,68400,3,5,0,12,1,0,680,429,500,3,40,35000,0,0,0,7,1951,99999,2,4,4,3,4,5,1,1,2,2,1,1,1,1,5,1,5,6,2,2,1,2,2,2,2,5,5,2,2,2,2,2,1,3,3,2,2,4,3,2,2,2,2,2,2,1,2,3,2,2,4,3,1,2,1,4,2,1,2,2,3,2,1,5,5,5,5,5,5,2,5,5,1,5,5,0,5,5,5,1,1,1,1,5,5,5,5,8,2,0,0,0,0,0,0,0,0,2,0,0,0,0,0,0,0,0,69600
2,5218,2,75240,5,5,0,12,1,0,780,777,400,3,45,20000,0,0,0,12,1960,99999,2,4,1,3,5,1,4,2,1,1,3,1,1,1,1,1,1,4,2,2,2,2,3,2,2,3,2,3,3,3,4,2,4,2,2,3,3,3,3,3,3,3,2,3,3,2,2,3,1,3,3,2,1,1,1,4,2,2,3,1,3,2,4,4,5,5,4,5,4,4,4,5,1,5,5,0,5,5,5,1,1,1,1,1,1,5,5,9,2,0,0,0,0,0,0,0,0,2,0,0,0,0,0,0,0,0,76500
2,2481,4,68100,5,5,0,12,1,0,473,639,170,3,35,999998,8,9,99,2,1980,99999,2,3,4,1,4,3,5,1,1,2,3,1,2,4,5,1,1,2,1,1,0,0,0,0,0,0,0,0,0,0,0,0,0,3,2,3,3,3,3,2,3,3,3,2,3,2,3,3,3,2,3,3,2,2,2,3,2,2,3,2,3,2,3,4,5,5,5,3,3,2,5,5,1,1,5,0,5,5,5,1,1,1,1,1,1,5,5,7,1,1,1,1,1,5,5,5,4,2,0,0,0,0,0,0,0,0,69300
2,140,2,73020,2,1,5,11,1,0,610,219,600,3,40,35000,0,0,0,11,1941,99999,1,0,0,0,0,0,0,0,0,0,0,0,0,0,0,0,0,0,0,0,0,0,0,0,0,0,0,0,0,0,0,0,0,0,0,0,0,0,0,0,0,0,0,0,0,0,0,0,0,0,0,0,0,0,0,0,0,0,0,0,0,0,0,0,0,0,0,0,0,0,0,0,0,0,0,0,0,0,0,0,0,0,0,0,0,0,0,0,0,0,0,0,0,0,0,0,0,0,0,0,0,0,0,0,0,0,73380
2,4789,2,74340,2,5,0,13.5,1,0,152,208,11,1,50,22000,0,0,0,9,1967,99999,1,0,0,0,0,0,0,0,0,0,0,0,0,0,0,0,0,0,0,0,0,0,0,0,0,0,0,0,0,0,0,0,0,0,0,0,0,0,0,0,0,0,0,0,0,0,0,0,0,0,0,0,0,0,0,0,0,0,0,0,0,0,0,0,0,0,0,0,0,0,0,0,0,0,0,0,0,0,0,0,0,0,0,0,0,0,0,0,0,0,0,0,0,0,0,0,0,0,0,0,0,0,0,0,0,0,74640
2,3138,2,75960,2,1,1,14,1,0,394,717,16000,6,37.5,50000,0,0,0,6,1959,99999,2,4,3,4,3,1,5,1,1,1,3,1,1,1,5,5,1,2,1,2,2,5,2,2,2,1,2,1,9,5,2,2,3,2,2,3,3,3,3,2,2,3,1,3,1,1,3,4,1,3,2,2,1,2,2,3,1,1,2,2,3,2,5,5,5,5,5,5,5,5,5,5,1,5,5,0,5,5,5,1,1,1,1,1,1,1,5,7.5,2,0,0,0,0,0,0,0,0,2,0,0,0,0,0,0,0,0,78300
2,5919,2,51540,1,1,2,14,1,0,372,917,22000,6,40,40000,0,0,0,11,1960,99999,2,3,4,3,4,1,5,1,1,1,1,1,1,1,1,1,1,4,1,2,2,2,5,1,1,2,2,2,2,4,4,1,3,3,3,4,1,3,3,3,3,3,3,3,2,1,3,4,1,3,2,3,2,2,1,4,1,2,3,1,3,1,5,5,5,5,4,5,5,5,5,5,1,1,5,0,5,5,1,1,1,1,1,1,1,5,5,8,1,1,1,1,5,5,5,5,2,2,0,0,0,0,0,0,0,0,52680
2,4815,5,73260,5,5,0,10,7,5,0,0,0,0,0,26000,0,0,0,3,1975,73440,1,0,0,0,0,0,0,0,0,0,0,0,0,0,0,0,0,0,0,0,0,0,0,0,0,0,0,0,0,0,0,0,0,0,0,0,0,0,0,0,0,0,0,0,0,0,0,0,0,0,0,0,0,0,0,0,0,0,0,0,0,0,0,0,0,0,0,0,0,0,0,0,0,0,0,0,0,0,0,0,0,0,0,0,0,0,0,0,0,0,0,0,0,0,0,0,0,0,0,0,0,0,0,0,0,0,73440
2,5745,3,54600,4,5,0,12,3,5,0,0,0,0,0,22000,0,0,0,1,1965,99999,1,0,0,0,0,0,0,0,0,0,0,0,0,0,0,0,0,0,0,0,0,0,0,0,0,0,0,0,0,0,0,0,0,0,0,0,0,0,0,0,0,0,0,0,0,0,0,0,0,0,0,0,0,0,0,0,0,0,0,0,0,0,0,0,0,0,0,0,0,0,0,0,0,0,0,0,0,0,0,0,0,0,0,0,0,0,0,0,0,0,0,0,0,0,0,0,0,0,0,0,0,0,0,0,0,0,54900
2,2758,3,57000,5,5,0,12,1,0,334,477,226,3,40,999998,5,3,0,1,1975,99999,2,4,4,5,4,3,1,2,1,2,5,1,5,3,1,1,1,3,1,2,2,1,5,1,1,1,2,1,2,4,2,2,2,2,2,3,2,2,3,2,2,2,2,2,3,2,3,3,2,3,2,2,2,2,2,3,2,2,3,2,3,2,5,5,5,5,5,5,3,3,5,5,1,5,5,0,5,5,5,1,1,1,1,1,1,5,5,9,2,0,0,0,0,0,0,0,0,2,0,0,0,0,0,0,0,0,57900
2,2758,4,57000,5,5,0,12,1,0,334,477,226,3,40,999998,5,3,0,1,1975,99999,2,4,4,5,4,3,1,2,1,2,5,1,5,3,1,1,1,3,1,2,2,1,5,1,1,1,2,1,2,4,2,2,2,2,2,3,2,2,3,2,2,2,2,2,3,2,3,3,2,3,2,2,2,2,2,3,2,2,3,2,3,2,5,5,5,5,5,5,3,3,5,5,1,5,5,0,5,5,5,1,1,1,1,1,1,5,5,9,2,0,0,0,0,0,0,0,0,2,0,0,0,0,0,0,0,0,57900
2,6056,2,56460,1,1,2,15,1,0,152,177,15,1,40,70000,0,0,0,10,1962,99999,1,0,0,0,0,0,0,0,0,0,0,0,0,0,0,0,0,0,0,0,0,0,0,0,0,0,0,0,0,0,0,0,0,0,0,0,0,0,0,0,0,0,0,0,0,0,0,0,0,0,0,0,0,0,0,0,0,0,0,0,0,0,0,0,0,0,0,0,0,0,0,0,0,0,0,0,0,0,0,0,0,0,0,0,0,0,0,0,0,0,0,0,0,0,0,0,0,0,0,0,0,0,0,0,0,0,57000
2,2275,2,34860,1,1,2,11,5,5,0,0,0,0,0,13000,0,0,0,10,1948,99999,2,2,2,3,4,1,5,1,2,1,1,1,1,1,5,5,5,6,2,2,4,4,4,2,4,5,4,2,4,5,1,2,2,3,2,3,2,2,3,3,3,2,3,3,3,3,2,3,2,2,3,2,2,2,2,3,2,2,3,2,3,3,3,5,5,5,3,5,5,5,5,5,5,5,5,5,5,5,5,2,0,0,0,0,0,0,0,0,2,0,0,0,0,0,0,0,0,2,0,0,0,0,0,0,0,0,35880
2,1092,2,43800,3,1,3,12,1,0,761,107,400,3,70,999998,1,0,98,4,1958,99999,2,1,1,4,3,5,1,1,2,2,1,1,1,1,5,5,5,3,1,2,4,3,3,5,3,5,5,5,3,4,4,2,3,3,2,9,3,2,3,3,3,3,3,3,2,2,2,3,2,3,3,3,2,2,2,3,2,2,2,2,3,2,5,5,5,5,5,5,5,5,5,5,1,5,5,0,5,5,5,1,1,1,1,1,1,1,5,10,2,0,0,0,0,0,0,0,0,2,0,0,0,0,0,0,0,0,45000
2,555,2,43800,1,5,0,2,1,0,755,19,999999,7,10,999998,5,1,0,10,1932,99999,1,0,0,0,0,0,0,0,0,0,0,0,0,0,0,0,0,0,0,0,0,0,0,0,0,0,0,0,0,0,0,0,0,0,0,0,0,0,0,0,0,0,0,0,0,0,0,0,0,0,0,0,0,0,0,0,0,0,0,0,0,0,0,0,0,0,0,0,0,0,0,0,0,0,0,0,0,0,0,0,0,0,0,0,0,0,0,0,0,0,0,0,0,0,0,0,0,0,0,0,0,0,0,0,0,0,44400
2,1413,2,37260,5,5,0,14,1,0,191,807,700,3,35,999998,1,0,2,3,1972,99999,2,3,3,3,1,5,4,1,1,1,5,1,1,1,5,1,5,4,1,2,3,1,4,2,2,3,9,9,3,4,2,1,1,2,2,3,3,3,3,2,3,3,2,3,2,2,3,4,1,3,3,2,2,1,1,3,1,1,3,1,2,1,4,5,5,5,5,4,4,4,5,5,1,5,5,0,5,1,5,1,5,1,1,5,5,1,1,18,2,0,0,0,0,0,0,0,0,2,0,0,0,0,0,0,0,0,38700
2,5985,2,56880,3,5,0,15,1,0,706,287,9,1,40,999998,1,0,1,2,1961,99999,2,1,1,3,4,5,1,1,2,1,1,4,1,1,5,5,5,5,1,2,5,3,3,5,5,5,5,5,5,4,2,2,2,2,2,2,2,2,2,3,2,2,2,2,2,2,3,3,2,2,2,2,2,2,2,2,2,2,2,2,3,2,4,3,4,5,5,5,5,5,5,5,1,5,5,0,5,5,5,1,1,1,1,1,1,1,5,8,2,0,0,0,0,0,0,0,0,2,0,0,0,0,0,0,0,0,58320
2,5985,3,56880,3,5,0,15,1,0,706,287,9,1,40,999998,1,0,1,2,1961,99999,2,1,1,3,4,5,1,1,2,1,1,4,1,1,5,5,5,5,1,2,5,3,3,5,5,5,5,5,5,4,2,2,2,2,2,2,2,2,2,3,2,2,2,2,2,2,3,3,2,2,2,2,2,2,2,2,2,2,2,2,3,2,4,3,4,5,5,5,5,5,5,5,1,5,5,0,5,5,5,1,1,1,1,1,1,1,5,8,2,0,0,0,0,0,0,0,0,2,0,0,0,0,0,0,0,0,58320
2,650,2,77100,5,5,0,12,3,5,0,0,0,0,0,13000,0,0,0,12,1971,99999,2,2,3,5,2,1,3,1,1,2,4,5,5,4,5,5,5,6,2,2,4,3,4,1,1,5,3,1,2,5,1,1,1,1,2,2,2,3,2,1,2,2,2,2,2,3,2,3,2,3,3,3,1,1,1,2,2,2,1,1,3,2,4,4,5,5,3,3,4,3,5,5,5,5,5,1,5,1,5,2,0,0,0,0,0,0,0,0,2,0,0,0,0,0,0,0,0,2,0,0,0,0,0,0,0,0,77820
2,774,2,73200,5,5,0,12,1,0,473,417,999999,9,68,999998,1,0,1,1,1974,99999,2,1,1,4,5,9,9,1,2,1,5,3,3,3,1,1,5,3,1,2,5,2,3,1,1,4,2,2,2,1,4,1,2,1,1,2,1,1,3,1,1,1,1,1,4,2,1,4,1,1,4,1,2,1,1,3,1,2,3,1,3,2,5,5,5,5,5,5,3,5,5,5,1,5,5,0,1,5,9,1,1,1,1,1,1,1,5,12,2,0,0,0,0,0,0,0,0,2,0,0,0,0,0,0,0,0,74400
2,2377,5,59640,2,5,0,12,1,0,705,559,7,1,40,999998,8,8,99,3,1965,99999,2,1,1,4,5,3,1,1,1,1,5,1,1,1,5,1,5,3,1,2,5,2,5,2,2,2,2,2,3,4,2,2,4,3,3,3,3,3,3,2,2,2,2,3,2,2,3,3,1,3,3,3,2,2,2,3,2,2,3,2,3,2,5,5,5,5,5,5,4,5,4,5,1,5,5,0,5,1,5,1,1,1,1,1,1,5,5,8,2,0,0,0,0,0,0,0,0,2,0,0,0,0,0,0,0,0,60960
2,5992,3,65700,4,5,0,11,1,0,410,77,55,2,40,999998,5,8,0,1,1960,99999,2,1,1,3,4,5,1,1,1,2,1,1,1,1,5,5,5,4,1,2,2,2,4,2,2,4,4,4,4,4,4,2,4,3,2,3,3,2,3,3,3,3,3,3,2,1,3,4,2,3,3,2,2,2,2,3,2,1,2,2,3,3,5,5,5,5,5,5,5,5,5,5,1,5,5,0,5,5,5,1,1,1,1,1,1,5,5,8,2,0,0,0,0,0,0,0,0,2,0,0,0,0,0,0,0,0,66900
2,4500,3,61620,1,1,2,12,1,0,3,739,8,1,40,999999,9,9,99,9,1966,99999,1,0,0,0,0,0,0,0,0,0,0,0,0,0,0,0,0,0,0,0,0,0,0,0,0,0,0,0,0,0,0,0,0,0,0,0,0,0,0,0,0,0,0,0,0,0,0,0,0,0,0,0,0,0,0,0,0,0,0,0,0,0,0,0,0,0,0,0,0,0,0,0,0,0,0,0,0,0,0,0,0,0,0,0,0,0,0,0,0,0,0,0,0,0,0,0,0,0,0,0,0,0,0,0,0,0,61800
2,4581,7,33300,5,1,2,12,1,0,912,669,560,4,40,999998,5,4,0,7,1968,99999,2,1,2,4,3,1,5,2,2,1,5,1,5,3,5,5,5,6,2,1,0,0,0,0,0,0,0,0,0,0,0,0,0,3,2,3,3,3,3,3,4,2,4,4,3,2,3,3,2,4,1,2,9,9,2,3,2,2,3,2,2,3,3,5,5,5,5,5,5,3,5,5,1,5,5,0,5,5,9,1,1,1,1,5,5,5,5,12,2,0,0,0,0,0,0,0,0,2,0,0,0,0,0,0,0,0,34200
2,4809,2,61860,5,5,0,11,5,1,705,667,50,2,99,999998,1,0,1,4,1972,62760,1,0,0,0,0,0,0,0,0,0,0,0,0,0,0,0,0,0,0,0,0,0,0,0,0,0,0,0,0,0,0,0,0,0,0,0,0,0,0,0,0,0,0,0,0,0,0,0,0,0,0,0,0,0,0,0,0,0,0,0,0,0,0,0,0,0,0,0,0,0,0,0,0,0,0,0,0,0,0,0,0,0,0,0,0,0,0,0,0,0,0,0,0,0,0,0,0,0,0,0,0,0,0,0,0,0,62760
2,4230,2,74400,5,5,0,12,1,0,761,107,6000,6,20,999998,5,8,0,11,1955,99999,2,1,1,4,3,1,5,1,2,2,3,1,3,3,5,5,5,3,1,2,5,2,5,2,3,3,4,4,3,4,2,2,4,2,2,3,2,3,3,3,3,3,3,3,2,1,2,4,2,3,3,3,2,2,2,2,2,1,2,1,3,3,5,5,5,5,5,5,5,5,5,5,1,5,5,0,5,5,5,1,1,1,1,1,1,5,5,8,2,0,0,0,0,0,0,0,0,2,0,0,0,0,0,0,0,0,75600
2,3628,3,76800,3,1,1,18,1,0,245,408,39000,6,40,999998,1,0,5,8,1949,99999,2,3,4,4,3,5,1,2,1,2,1,1,2,3,1,5,1,4,1,2,4,1,5,1,3,1,5,5,2,4,2,2,4,3,2,9,2,2,3,2,3,2,2,2,2,2,1,4,1,2,2,2,2,3,2,3,2,2,2,1,4,2,3,3,5,3,3,5,3,5,5,4,1,5,5,0,5,5,5,1,1,1,1,1,1,5,5,9,2,0,0,0,0,0,0,0,0,2,0,0,0,0,0,0,0,0,77700
2,5711,2,68160,5,5,0,14,3,5,0,0,0,0,0,999998,5,8,0,7,1953,99999,1,0,0,0,0,0,0,0,0,0,0,0,0,0,0,0,0,0,0,0,0,0,0,0,0,0,0,0,0,0,0,0,0,0,0,0,0,0,0,0,0,0,0,0,0,0,0,0,0,0,0,0,0,0,0,0,0,0,0,0,0,0,0,0,0,0,0,0,0,0,0,0,0,0,0,0,0,0,0,0,0,0,0,0,0,0,0,0,0,0,0,0,0,0,0,0,0,0,0,0,0,0,0,0,0,0,68940
2,1445,4,35400,2,5,0,12,1,0,510,77,300,3,40,999998,5,5,0,1,1965,99999,2,2,1,4,1,2,3,1,2,1,4,2,4,2,5,1,1,2,1,2,2,1,3,1,1,1,1,1,1,2,1,1,4,1,1,1,1,1,2,1,2,2,2,2,2,2,3,3,2,2,3,3,2,2,2,3,2,2,3,2,3,2,3,3,3,5,5,5,5,3,3,5,1,5,5,0,5,5,5,1,1,1,1,1,1,1,5,8,2,0,0,0,0,0,0,0,0,2,0,0,0,0,0,0,0,0,36360
2,1445,5,35400,2,5,0,12,1,0,510,77,300,3,40,999998,5,5,0,1,1965,99999,2,2,1,4,1,2,3,1,2,1,4,2,4,2,5,1,1,2,1,2,2,1,3,1,1,1,1,1,1,2,1,1,4,1,1,1,1,1,2,1,2,2,2,2,2,2,3,3,2,2,3,3,2,2,2,3,2,2,3,2,3,2,3,3,3,5,5,5,5,3,3,5,1,5,5,0,5,5,5,1,1,1,1,1,1,1,5,8,2,0,0,0,0,0,0,0,0,2,0,0,0,0,0,0,0,0,36360
2,1990,5,51360,2,1,3,9,1,0,715,607,7,1,37,999998,1,0,1,3,1959,99999,2,1,1,9,9,9,9,1,1,1,5,1,3,2,5,1,5,2,1,2,9,3,5,2,2,5,3,3,3,2,2,2,2,2,2,3,2,2,3,3,3,2,1,3,2,2,4,4,2,2,2,2,2,1,2,3,2,2,3,2,3,2,5,5,5,5,5,5,5,5,5,5,5,5,5,1,5,5,1,2,0,0,0,0,0,0,0,0,2,0,0,0,0,0,0,0,0,2,0,0,0,0,0,0,0,0,52680
2,4312,6,51900,5,5,0,10,3,5,0,0,0,0,0,2000,0,0,0,6,1966,99999,2,3,1,3,4,5,1,1,1,2,5,1,5,3,1,1,5,4,1,2,2,3,5,2,5,4,2,1,1,4,1,2,5,3,1,4,4,4,4,2,4,2,3,2,3,1,3,3,4,3,3,3,4,1,1,3,1,1,2,1,3,2,5,3,5,5,5,5,4,5,5,5,5,5,5,1,9,9,9,2,0,0,0,0,0,0,0,0,2,0,0,0,0,0,0,0,0,2,0,0,0,0,0,0,0,0,52800
2,4312,7,51900,5,5,0,10,3,5,0,0,0,0,0,2000,0,0,0,6,1966,99999,2,3,1,3,4,5,1,1,1,2,5,1,5,3,1,1,5,4,1,2,2,3,5,2,5,4,2,1,1,4,1,2,5,3,1,4,4,4,4,2,4,2,3,2,3,1,3,3,4,3,3,3,4,1,1,3,1,1,2,1,3,2,5,3,5,5,5,5,4,5,5,5,5,5,5,1,9,9,9,2,0,0,0,0,0,0,0,0,2,0,0,0,0,0,0,0,0,2,0,0,0,0,0,0,0,0,52800
2,1794,3,65820,3,1,2,12,1,0,412,77,500,3,47,26000,0,0,0,8,1956,99999,2,1,2,3,5,2,4,1,2,1,1,1,1,1,5,5,5,3,1,1,0,0,0,0,0,0,0,0,0,0,0,0,0,3,2,3,3,3,3,2,2,2,1,3,2,2,3,9,1,3,2,3,8,2,2,4,1,2,3,2,2,2,5,5,5,5,5,5,5,5,5,5,1,5,5,0,5,5,5,1,1,1,1,1,1,5,5,9.5,2,0,0,0,0,0,0,0,0,2,0,0,0,0,0,0,0,0,66480
2,2694,3,38880,5,1,2,9,1,0,912,669,300,4,99,999998,5,1,0,3,1973,99999,1,0,0,0,0,0,0,0,0,0,0,0,0,0,0,0,0,0,0,0,0,0,0,0,0,0,0,0,0,0,0,0,0,0,0,0,0,0,0,0,0,0,0,0,0,0,0,0,0,0,0,0,0,0,0,0,0,0,0,0,0,0,0,0,0,0,0,0,0,0,0,0,0,0,0,0,0,0,0,0,0,0,0,0,0,0,0,0,0,0,0,0,0,0,0,0,0,0,0,0,0,0,0,0,0,0,39300
2,2909,4,35700,1,1,2,13,7,1,473,757,999999,9,6,999999,5,9,0,12,1961,99999,2,1,4,3,4,5,1,1,1,1,1,1,1,1,1,5,1,1,1,2,1,1,1,1,1,1,1,1,1,4,1,2,1,3,1,3,3,3,3,4,1,3,1,3,2,1,3,4,1,2,3,2,2,2,2,3,2,2,2,2,3,2,5,5,5,5,5,5,5,5,5,5,5,1,1,5,5,5,1,2,0,0,0,0,0,0,0,0,1,5,1,1,1,1,5,5,8,1,1,1,1,1,1,5,5,8,36900
2,2909,3,35700,1,1,2,13,7,1,473,757,999999,9,6,999999,5,9,0,12,1961,99999,2,1,4,3,4,5,1,1,1,1,1,1,1,1,1,5,1,1,1,2,1,1,1,1,1,1,1,1,1,4,1,2,1,3,1,3,3,3,3,4,1,3,1,3,2,1,3,4,1,2,3,2,2,2,2,3,2,2,2,2,3,2,5,5,5,5,5,5,5,5,5,5,5,1,1,5,5,5,1,2,0,0,0,0,0,0,0,0,1,5,1,1,1,1,5,5,8,1,1,1,1,1,1,5,5,8,36900
2,480,4,72900,5,1,1,12,1,0,643,317,6,1,99,13000,0,0,0,12,1959,99999,2,1,1,4,1,2,3,1,2,2,1,1,5,5,5,1,1,6,1,2,3,1,3,1,1,5,1,1,3,2,1,2,2,2,2,2,2,2,3,2,3,2,2,2,1,3,2,3,2,3,2,2,2,2,2,3,2,2,3,2,2,2,4,5,5,5,5,5,5,5,5,5,1,5,5,0,5,5,5,1,5,5,1,1,1,1,1,99,2,0,0,0,0,0,0,0,0,2,0,0,0,0,0,0,0,0,74100
2,2846,2,73200,3,1,1,13,1,0,942,879,1583,5,50,999998,1,0,1,11,1963,99999,2,3,1,3,1,4,5,1,1,1,5,1,1,3,5,1,5,2,1,2,5,4,2,2,2,2,5,5,4,2,2,1,1,4,1,4,4,4,4,4,3,2,2,3,3,1,4,4,1,3,2,3,1,1,1,1,1,2,3,1,4,2,3,5,5,5,3,5,5,3,5,5,1,5,1,0,5,1,1,1,1,1,1,1,1,1,5,11,2,0,0,0,0,0,0,0,0,1,5,5,5,5,5,1,5,5,74400
2,1245,2,61500,3,1,1,8,1,0,753,138,226,3,40,999999,9,9,99,3,1969,99999,1,0,0,0,0,0,0,0,0,0,0,0,0,0,0,0,0,0,0,0,0,0,0,0,0,0,0,0,0,0,0,0,0,0,0,0,0,0,0,0,0,0,0,0,0,0,0,0,0,0,0,0,0,0,0,0,0,0,0,0,0,0,0,0,0,0,0,0,0,0,0,0,0,0,0,0,0,0,0,0,0,0,0,0,0,0,0,0,0,0,0,0,0,0,0,0,0,0,0,0,0,0,0,0,0,0,61740
2,5451,2,69600,1,1,1,12,1,0,925,838,290,3,40,18000,0,0,0,3,1958,99999,2,1,1,5,4,1,3,2,1,1,1,1,1,1,1,5,5,1,1,2,4,3,4,1,2,3,4,1,1,2,2,1,4,1,1,3,3,3,3,2,2,3,2,2,2,2,2,3,1,3,2,2,1,2,2,2,2,2,3,2,3,2,5,5,5,5,5,5,5,5,5,5,1,5,5,0,5,1,5,1,1,1,1,1,1,5,5,8,2,0,0,0,0,0,0,0,0,2,0,0,0,0,0,0,0,0,70800
2,5451,8,70500,5,5,0,10,3,5,0,0,0,0,0,999999,1,0,3,8,1978,99999,1,0,0,0,0,0,0,0,0,0,0,0,0,0,0,0,0,0,0,0,0,0,0,0,0,0,0,0,0,0,0,0,0,0,0,0,0,0,0,0,0,0,0,0,0,0,0,0,0,0,0,0,0,0,0,0,0,0,0,0,0,0,0,0,0,0,0,0,0,0,0,0,0,0,0,0,0,0,0,0,0,0,0,0,0,0,0,0,0,0,0,0,0,0,0,0,0,0,0,0,0,0,0,0,0,0,71220
2,6235,5,56580,5,5,0,16,1,0,481,288,58000,6,48,80000,0,0,0,8,1965,99999,2,2,1,3,4,1,5,1,2,1,1,1,1,1,5,1,1,5,2,1,0,0,0,0,0,0,0,0,0,0,0,0,0,3,1,9,4,4,4,4,4,2,4,3,2,1,4,4,1,4,4,2,9,2,1,4,1,1,4,1,4,1,5,5,5,5,5,5,5,5,5,5,1,5,5,0,5,5,5,1,1,1,1,1,1,5,5,8,2,0,0,0,0,0,0,0,0,2,0,0,0,0,0,0,0,0,57300
2,3723,5,34800,5,1,1,10,1,0,952,857,300,4,40,50000,0,0,0,12,1973,99999,2,4,4,3,1,4,5,1,2,1,1,1,1,1,1,1,5,5,1,1,0,0,0,0,0,0,0,0,0,0,0,0,0,3,1,2,3,3,1,3,3,3,4,3,2,1,3,3,1,2,3,3,2,2,1,3,1,1,3,1,3,2,4,3,5,5,5,5,5,5,5,5,1,5,5,0,1,5,5,1,1,1,1,1,1,5,5,8,2,0,0,0,0,0,0,0,0,2,0,0,0,0,0,0,0,0,35700
2,2411,2,71760,1,5,0,11,1,0,666,219,8,1,40,20000,0,0,0,7,1970,99999,1,0,0,0,0,0,0,0,0,0,0,0,0,0,0,0,0,0,0,0,0,0,0,0,0,0,0,0,0,0,0,0,0,0,0,0,0,0,0,0,0,0,0,0,0,0,0,0,0,0,0,0,0,0,0,0,0,0,0,0,0,0,0,0,0,0,0,0,0,0,0,0,0,0,0,0,0,0,0,0,0,0,0,0,0,0,0,0,0,0,0,0,0,0,0,0,0,0,0,0,0,0,0,0,0,0,99999
2,4599,2,50400,3,5,0,12,1,0,762,339,25000,6,50,25000,0,0,0,12,1963,99999,2,2,2,1,4,5,3,1,1,1,1,1,3,1,1,1,5,1,1,2,3,2,5,1,1,3,5,2,2,4,2,2,4,1,1,1,3,1,1,4,1,4,1,4,3,1,1,4,1,1,3,1,1,1,1,3,1,1,3,1,4,2,5,3,5,5,5,5,5,5,5,5,1,5,5,0,5,5,1,1,1,1,1,1,1,1,5,10,2,0,0,0,0,0,0,0,0,2,0,0,0,0,0,0,0,0,51600
2,1454,2,76080,5,1,2,14,1,0,962,927,1100,4,40,32000,0,0,0,12,1969,99999,2,3,3,1,3,4,5,1,1,2,5,2,2,3,5,1,1,3,1,2,4,1,3,1,4,3,3,2,2,5,1,2,2,2,1,4,4,3,3,2,3,2,3,3,2,2,3,3,1,3,2,2,1,1,1,3,1,2,2,1,3,2,4,5,5,4,5,5,4,4,5,5,1,5,5,0,1,1,5,1,1,5,5,5,5,5,5,10,2,0,0,0,0,0,0,0,0,2,0,0,0,0,0,0,0,0,77520
2,4317,4,66960,5,1,6,12,3,1,764,749,50,2,20,999998,5,8,0,1,1967,99999,2,1,1,1,3,4,5,1,2,2,5,2,5,4,5,5,5,6,1,1,0,0,0,0,0,0,0,0,0,0,0,0,0,2,2,3,2,2,3,2,2,2,3,3,2,2,3,3,1,3,2,2,1,1,1,1,1,1,3,2,3,1,5,5,5,2,2,4,2,3,4,3,1,5,5,0,5,5,5,1,5,1,1,1,1,5,5,5,2,0,0,0,0,0,0,0,0,2,0,0,0,0,0,0,0,0,68400
2,3015,3,78480,3,1,4,12,1,0,141,419,35000,6,50,35000,0,0,0,6,1950,99999,2,3,3,3,5,1,4,1,2,2,1,1,1,1,1,1,1,2,1,2,2,2,5,2,3,4,5,5,3,4,4,1,4,4,1,4,2,3,3,4,2,4,3,3,2,1,3,4,1,3,2,2,2,2,1,2,2,1,3,2,3,3,4,4,5,5,4,5,5,5,5,5,1,5,5,0,1,5,9,1,1,1,1,1,1,1,5,10,2,0,0,0,0,0,0,0,0,2,0,0,0,0,0,0,0,0,80100
2,3168,5,48180,1,1,1,12,1,0,361,907,37000,6,40,51000,0,0,0,3,1953,99999,2,1,2,4,1,3,5,1,2,2,5,1,5,3,5,1,1,5,1,2,4,4,2,2,4,4,4,4,4,2,2,2,4,3,2,3,3,3,3,3,2,2,2,3,3,2,3,3,2,2,2,2,2,2,2,2,2,2,3,2,2,2,5,5,5,5,5,5,5,2,5,5,1,5,5,0,5,5,5,1,1,1,1,1,1,5,5,8,2,0,0,0,0,0,0,0,0,2,0,0,0,0,0,0,0,0,49500
2,3538,5,44580,5,5,0,10,1,0,715,527,500,3,50,999998,1,0,2,2,1962,99999,2,1,1,1,4,5,3,1,2,1,5,1,1,1,5,5,5,4,1,2,5,5,5,5,5,5,5,1,1,3,4,2,2,2,2,2,2,2,2,2,2,2,2,2,2,2,2,2,2,2,2,2,2,2,2,2,2,2,2,2,3,2,5,5,5,5,5,5,5,5,5,5,1,5,5,0,5,5,5,1,1,1,1,1,1,1,5,8,2,0,0,0,0,0,0,0,0,2,0,0,0,0,0,0,0,0,45720
2,3538,6,44580,5,5,0,10,1,0,715,527,500,3,50,999998,1,0,2,2,1962,99999,2,1,1,1,4,5,3,1,2,1,5,1,1,1,5,5,5,4,1,2,5,5,5,5,5,5,5,1,1,3,4,2,2,2,2,2,2,2,2,2,2,2,2,2,2,2,2,2,2,2,2,2,2,2,2,2,2,2,2,2,3,2,5,5,5,5,5,5,5,5,5,5,1,5,5,0,5,5,5,1,1,1,1,1,1,1,5,8,2,0,0,0,0,0,0,0,0,2,0,0,0,0,0,0,0,0,45720
2,5476,2,62460,5,5,0,10,1,0,764,639,999999,9,50,30000,0,0,0,5,1974,99999,2,3,3,3,4,5,1,1,2,1,5,2,1,1,5,1,5,5,2,2,4,3,5,2,2,5,3,5,3,4,1,2,3,3,2,3,3,3,3,2,2,2,3,3,2,2,3,3,1,3,2,3,2,2,2,3,2,2,3,2,3,2,3,5,5,5,5,5,3,3,5,5,1,1,5,0,5,1,5,1,1,1,1,1,5,5,5,10,1,5,1,5,1,5,5,5,4,2,0,0,0,0,0,0,0,0,63840
2,6074,2,73320,1,1,2,12,1,0,410,69,8,1,36,999998,9,9,99,10,1955,99999,2,1,1,3,4,5,1,1,2,2,1,1,1,1,5,5,5,6,1,1,0,0,0,0,0,0,0,0,0,0,0,0,0,3,2,3,2,3,3,2,3,2,2,3,2,2,3,3,3,3,2,2,2,2,2,2,2,2,3,2,9,2,5,5,5,5,5,5,5,5,5,5,5,5,5,5,5,5,5,2,0,0,0,0,0,0,0,0,2,0,0,0,0,0,0,0,0,2,0,0,0,0,0,0,0,0,74100
2,6153,4,48960,5,1,1,11,3,1,510,69,80,2,20,999998,5,3,0,1,1977,99999,2,2,2,5,3,1,4,2,1,2,5,1,5,2,5,1,5,4,1,2,4,5,1,5,2,5,5,5,2,3,2,2,2,3,2,3,3,3,3,2,3,2,2,2,2,2,3,3,2,3,2,3,2,2,2,3,2,2,3,2,3,2,5,5,5,5,5,5,5,5,5,5,1,1,5,0,1,5,5,1,5,1,1,1,5,5,5,6,1,5,1,5,1,5,5,5,2,2,0,0,0,0,0,0,0,0,50220
2,3099,5,73560,5,5,0,11,1,0,510,999,6,1,40,999998,1,0,2,4,1970,99999,2,2,3,3,4,1,5,1,1,1,1,1,1,1,5,1,1,3,1,2,5,3,5,3,2,5,5,5,3,5,1,1,2,3,1,4,3,4,3,3,2,3,2,3,1,1,3,3,1,3,3,3,1,3,2,4,1,2,4,2,3,2,3,5,5,5,5,5,4,4,5,5,1,5,5,0,1,1,5,1,1,1,5,5,5,5,5,6,2,0,0,0,0,0,0,0,0,2,0,0,0,0,0,0,0,0,74880
2,1638,3,40380,5,1,1,13,1,0,780,559,6,1,40,999998,1,0,2,12,1976,99999,2,3,4,3,4,1,5,1,2,1,3,1,5,1,5,1,5,5,2,1,0,0,0,0,0,0,0,0,0,0,0,0,0,2,2,4,4,4,4,1,3,2,4,2,2,2,3,4,1,3,3,3,2,1,1,4,1,1,2,2,3,1,5,5,5,5,5,5,5,1,5,5,1,5,5,0,5,1,5,1,1,1,1,1,1,5,5,4,2,0,0,0,0,0,0,0,0,2,0,0,0,0,0,0,0,0,41460
2,5934,4,64500,5,1,4,12,1,0,915,809,350,3,60,999998,1,0,3,4,1953,99999,2,4,4,1,3,2,5,1,2,1,1,1,1,1,1,1,5,5,1,2,2,2,3,2,2,2,3,2,2,4,2,2,3,2,3,3,2,2,4,2,2,2,2,3,2,3,3,3,2,2,2,2,2,2,2,2,2,2,2,2,2,2,1,3,3,5,2,3,3,2,3,1,1,5,5,0,5,5,5,1,1,1,1,1,1,1,1,7,2,0,0,0,0,0,0,0,0,2,0,0,0,0,0,0,0,0,65400
2,5590,3,40380,1,1,2,13,1,0,600,917,2300,5,40,35000,0,0,0,12,1964,99999,2,1,1,3,4,5,1,1,2,1,3,5,5,3,1,1,5,3,1,2,2,2,5,2,2,2,2,2,2,4,1,2,2,3,1,3,3,3,4,2,3,2,2,3,1,1,2,4,1,2,2,3,2,2,1,4,1,1,4,2,4,2,3,3,5,5,3,5,5,5,5,5,1,5,5,0,5,5,5,1,1,1,1,1,1,1,1,18,2,0,0,0,0,0,0,0,0,2,0,0,0,0,0,0,0,0,41460
2,4915,2,66900,2,1,7,4,1,0,705,417,75,2,40,30000,0,0,0,9,1930,99999,2,1,1,2,3,1,4,1,1,1,5,5,5,5,5,1,1,1,1,2,4,5,5,2,5,5,5,2,2,5,1,1,1,1,2,1,1,1,1,4,4,1,4,4,4,3,1,4,1,1,1,1,1,1,1,4,1,1,4,1,4,1,4,3,5,5,5,3,3,4,5,3,1,5,5,0,5,5,5,1,1,1,1,1,1,5,5,8,2,0,0,0,0,0,0,0,0,2,0,0,0,0,0,0,0,0,68400
2,3560,5,81780,5,5,0,14,1,0,522,69,15,1,40,11500,0,0,0,6,1959,99999,2,1,1,3,1,4,5,1,1,1,2,2,2,1,1,5,1,3,1,2,4,5,5,2,5,5,1,1,2,4,2,2,4,3,3,3,3,3,3,3,2,3,2,3,3,2,3,3,2,2,3,2,2,2,1,3,2,2,3,2,3,2,3,5,5,5,3,5,5,5,5,5,1,5,5,0,5,1,5,1,1,1,1,1,1,5,5,8,2,0,0,0,0,0,0,0,0,2,0,0,0,0,0,0,0,0,83160
2,3560,6,81780,5,5,0,14,1,0,522,69,15,1,40,11500,0,0,0,6,1959,99999,2,1,1,3,1,4,5,1,1,1,2,2,2,1,1,5,1,3,1,2,4,5,5,2,5,5,1,1,2,4,2,2,4,3,3,3,3,3,3,3,2,3,2,3,3,2,3,3,2,2,3,2,2,2,1,3,2,2,3,2,3,2,3,5,5,5,3,5,5,5,5,5,1,5,5,0,5,1,5,1,1,1,1,1,1,5,5,8,2,0,0,0,0,0,0,0,0,2,0,0,0,0,0,0,0,0,83160
2,15,4,65280,4,1,1,14,3,5,0,0,0,0,0,999998,5,1,0,11,1958,99999,1,0,0,0,0,0,0,0,0,0,0,0,0,0,0,0,0,0,0,0,0,0,0,0,0,0,0,0,0,0,0,0,0,0,0,0,0,0,0,0,0,0,0,0,0,0,0,0,0,0,0,0,0,0,0,0,0,0,0,0,0,0,0,0,0,0,0,0,0,0,0,0,0,0,0,0,0,0,0,0,0,0,0,0,0,0,0,0,0,0,0,0,0,0,0,0,0,0,0,0,0,0,0,0,0,0,65760
2,293,2,70500,1,5,0,12,1,0,703,408,15,1,40,999998,9,9,99,11,1950,99999,2,3,4,1,3,4,5,1,1,1,5,5,5,5,5,5,5,5,3,2,2,2,3,2,2,3,2,2,1,3,3,2,2,2,2,2,2,2,3,2,3,2,2,8,2,2,2,2,3,2,3,2,2,3,3,2,3,2,2,2,3,2,3,3,5,4,4,5,5,4,5,5,1,5,5,0,5,5,5,1,1,1,1,1,1,5,5,8,2,0,0,0,0,0,0,0,0,2,0,0,0,0,0,0,0,0,71700
2,1902,4,62160,1,1,2,12,1,0,715,417,600,5,52,8000,0,0,0,6,1965,99999,2,1,1,3,1,5,4,1,2,2,5,2,4,4,5,1,5,4,1,2,2,1,1,1,2,5,5,2,2,4,2,2,4,2,2,3,3,3,3,3,2,3,2,3,2,2,3,3,2,3,3,2,2,2,2,3,2,2,2,2,3,2,5,5,5,5,5,5,5,3,5,5,1,5,5,0,5,5,5,1,1,1,1,1,1,5,5,10,2,0,0,0,0,0,0,0,0,2,0,0,0,0,0,0,0,0,63600
2,1902,5,62160,1,1,2,12,1,0,715,417,600,5,52,8000,0,0,0,6,1965,99999,2,1,1,3,1,5,4,1,2,2,5,2,4,4,5,1,5,4,1,2,2,1,1,1,2,5,5,2,2,4,2,2,4,2,2,3,3,3,3,3,2,3,2,3,2,2,3,3,2,3,3,2,2,2,2,3,2,2,2,2,3,2,5,5,5,5,5,5,5,3,5,5,1,5,5,0,5,5,5,1,1,1,1,1,1,5,5,10,2,0,0,0,0,0,0,0,0,2,0,0,0,0,0,0,0,0,63600
2,3415,4,60300,1,5,0,12,1,0,374,418,1600,5,40,19200,0,0,0,2,1961,99999,2,3,4,5,4,3,2,1,1,1,1,1,1,1,1,5,5,4,1,2,4,1,5,1,1,2,2,2,3,4,2,1,4,3,2,3,3,3,3,3,3,3,3,3,2,1,3,4,2,3,2,3,3,3,1,3,2,1,3,1,3,2,5,5,5,5,5,5,5,5,5,5,1,5,5,0,5,1,5,1,1,1,1,1,1,5,5,8,2,0,0,0,0,0,0,0,0,2,0,0,0,0,0,0,0,0,61200
2,3558,2,36300,5,5,0,14,3,1,954,878,25000,6,40,999998,1,0,98,3,1965,99999,2,4,4,1,3,4,2,2,1,2,1,1,1,1,1,1,5,1,1,2,4,3,3,3,4,4,4,3,3,4,4,2,4,3,2,3,3,3,3,3,3,3,3,3,2,1,2,3,2,3,3,3,2,2,2,3,2,1,3,1,3,2,4,5,5,5,5,5,5,5,5,5,5,5,5,1,5,5,1,2,0,0,0,0,0,0,0,0,2,0,0,0,0,0,0,0,0,2,0,0,0,0,0,0,0,0,37800
2,6169,2,67500,5,1,1,12,1,0,761,107,400,3,40,10000,0,0,0,12,1973,99999,2,2,4,4,5,3,1,1,2,1,1,5,5,5,5,5,5,2,1,2,3,3,5,3,2,5,5,5,1,3,2,2,4,3,2,3,2,2,3,2,2,2,2,3,2,2,3,3,2,2,2,2,2,2,2,2,2,2,2,2,3,2,3,5,5,5,3,5,5,5,5,5,1,5,5,0,5,5,5,1,1,1,1,1,1,1,5,9,2,0,0,0,0,0,0,0,0,2,0,0,0,0,0,0,0,0,68400
2,3557,2,65400,5,1,1,12,1,0,216,718,400,4,40,27000,0,0,0,5,1974,99999,1,0,0,0,0,0,0,0,0,0,0,0,0,0,0,0,0,0,0,0,0,0,0,0,0,0,0,0,0,0,0,0,0,0,0,0,0,0,0,0,0,0,0,0,0,0,0,0,0,0,0,0,0,0,0,0,0,0,0,0,0,0,0,0,0,0,0,0,0,0,0,0,0,0,0,0,0,0,0,0,0,0,0,0,0,0,0,0,0,0,0,0,0,0,0,0,0,0,0,0,0,0,0,0,0,0,65700
2,4572,3,42600,2,5,0,12,3,5,0,0,0,0,0,999998,9,9,99,8,1962,99999,2,4,4,1,5,3,4,1,2,2,5,1,5,1,1,5,5,1,1,2,3,3,2,2,2,4,4,2,2,2,2,2,2,2,2,2,2,3,2,2,2,2,2,3,2,3,2,3,2,2,2,3,2,2,2,3,2,2,2,2,3,2,5,1,5,5,5,5,5,5,3,5,5,5,5,1,5,5,5,2,0,0,0,0,0,0,0,0,2,0,0,0,0,0,0,0,0,2,0,0,0,0,0,0,0,0,45300
2,4572,4,42600,2,5,0,12,3,5,0,0,0,0,0,999998,9,9,99,8,1962,99999,2,4,4,1,5,3,4,1,2,2,5,1,5,1,1,5,5,1,1,2,3,3,2,2,2,4,4,2,2,2,2,2,2,2,2,2,2,3,2,2,2,2,2,3,2,3,2,3,2,2,2,3,2,2,2,3,2,2,2,2,3,2,5,1,5,5,5,5,5,5,3,5,5,5,5,1,5,5,5,2,0,0,0,0,0,0,0,0,2,0,0,0,0,0,0,0,0,2,0,0,0,0,0,0,0,0,45300
2,2140,4,57900,5,5,0,13,1,0,14,419,65,2,45,999998,5,5,0,4,1972,99999,2,1,1,4,1,3,5,1,2,1,5,1,2,5,5,1,1,3,1,2,3,1,1,3,1,3,5,5,3,4,1,1,4,3,3,4,1,2,4,1,4,1,3,2,2,2,4,3,2,3,3,1,2,1,1,3,2,1,3,2,3,2,3,3,5,3,3,5,3,1,3,3,1,5,5,0,1,5,1,1,1,1,1,1,1,1,1,12,2,0,0,0,0,0,0,0,0,2,0,0,0,0,0,0,0,0,59880
2,5266,3,73800,1,5,0,14,1,0,245,748,28000,6,70,42000,0,0,0,2,1954,99999,2,2,2,5,1,3,4,1,1,1,2,1,1,2,1,1,5,3,2,2,3,1,5,1,1,1,1,1,4,4,2,2,4,2,2,3,3,3,3,3,3,3,3,3,2,2,3,3,2,2,2,3,2,2,2,3,2,2,3,1,3,2,4,5,5,5,5,5,5,5,5,5,1,5,5,0,5,5,9,1,5,1,5,1,1,1,1,12,2,0,0,0,0,0,0,0,0,2,0,0,0,0,0,0,0,0,78600
2,3283,2,51300,5,1,1,16,1,0,954,878,999999,9,60,999999,1,0,2,12,1947,99999,1,0,0,0,0,0,0,0,0,0,0,0,0,0,0,0,0,0,0,0,0,0,0,0,0,0,0,0,0,0,0,0,0,0,0,0,0,0,0,0,0,0,0,0,0,0,0,0,0,0,0,0,0,0,0,0,0,0,0,0,0,0,0,0,0,0,0,0,0,0,0,0,0,0,0,0,0,0,0,0,0,0,0,0,0,0,0,0,0,0,0,0,0,0,0,0,0,0,0,0,0,0,0,0,0,0,51720
2,147,3,59400,2,1,6,12,1,0,310,648,5,1,40,999998,1,0,1,2,1949,99999,2,1,1,1,3,4,5,1,2,2,4,4,1,2,5,5,5,5,1,2,4,4,2,1,1,5,2,1,2,4,4,1,2,4,1,2,3,2,3,1,1,3,2,2,1,1,9,4,1,2,2,4,2,1,1,2,1,1,2,1,3,1,3,3,5,4,3,5,3,3,2,3,1,5,5,0,5,5,5,1,5,5,5,5,5,1,1,8,2,0,0,0,0,0,0,0,0,2,0,0,0,0,0,0,0,0,60960
2,147,5,59400,2,1,6,12,1,0,310,648,5,1,40,999998,1,0,1,2,1949,99999,2,1,1,1,3,4,5,1,2,2,4,4,1,2,5,5,5,5,1,2,4,4,2,1,1,5,2,1,2,4,4,1,2,4,1,2,3,2,3,1,1,3,2,2,1,1,9,4,1,2,2,4,2,1,1,2,1,1,2,1,3,1,3,3,5,4,3,5,3,3,2,3,1,5,5,0,5,5,5,1,5,5,5,5,5,1,1,8,2,0,0,0,0,0,0,0,0,2,0,0,0,0,0,0,0,0,60960
2,849,3,36540,3,5,0,15,3,1,245,67,25000,6,38,30000,0,0,0,12,1961,99999,1,0,0,0,0,0,0,0,0,0,0,0,0,0,0,0,0,0,0,0,0,0,0,0,0,0,0,0,0,0,0,0,0,0,0,0,0,0,0,0,0,0,0,0,0,0,0,0,0,0,0,0,0,0,0,0,0,0,0,0,0,0,0,0,0,0,0,0,0,0,0,0,0,0,0,0,0,0,0,0,0,0,0,0,0,0,0,0,0,0,0,0,0,0,0,0,0,0,0,0,0,0,0,0,0,0,36960
2,1237,3,74520,1,1,1,13,1,0,284,639,999999,9,60,60000,0,0,0,11,1953,99999,2,2,2,3,1,4,5,1,2,2,1,1,1,2,1,5,5,2,1,2,2,1,2,1,1,2,4,4,4,4,2,2,4,2,2,3,2,3,3,3,3,3,3,4,2,1,3,4,1,4,2,1,2,1,1,4,2,2,4,1,3,2,3,5,5,5,4,5,5,4,5,5,1,5,5,0,5,1,5,1,1,1,1,1,1,1,5,10,2,0,0,0,0,0,0,0,0,2,0,0,0,0,0,0,0,0,76620
2,3351,2,31200,2,1,7,11,1,0,705,689,5,1,36,10000,0,0,0,12,1941,99999,2,3,1,5,1,3,4,2,2,2,1,1,1,1,5,5,5,1,1,2,5,5,5,1,1,3,3,3,4,4,4,2,4,3,2,3,2,3,3,9,9,2,3,2,3,2,9,3,2,9,2,2,1,9,2,3,2,2,2,2,3,3,5,4,4,5,3,4,5,5,5,5,1,5,5,0,5,1,1,1,1,1,1,1,1,1,5,10,2,0,0,0,0,0,0,0,0,2,0,0,0,0,0,0,0,0,32700
2,3203,3,34800,3,1,1,12,1,0,695,168,10,1,40,32000,0,0,0,8,1966,99999,2,4,4,1,3,4,5,1,2,1,2,1,1,1,5,1,5,3,1,2,5,5,1,5,5,5,5,5,4,1,2,1,3,3,2,3,2,3,3,2,3,2,3,2,3,1,4,4,1,4,4,1,1,1,1,4,1,1,1,1,4,1,3,5,5,5,3,5,5,5,5,5,1,5,5,0,5,1,5,1,1,1,1,1,1,5,5,8,2,0,0,0,0,0,0,0,0,2,0,0,0,0,0,0,0,0,36000
2,4529,3,66060,2,5,0,10,3,5,0,0,0,0,0,5000,0,0,0,11,1976,99999,2,1,1,3,1,4,5,1,2,2,5,2,3,3,5,5,5,6,1,2,1,4,4,1,1,5,5,2,2,3,2,3,4,2,2,3,3,3,3,2,2,3,2,3,2,2,3,3,2,3,2,2,2,2,2,3,2,2,2,1,3,2,5,3,5,3,3,5,5,5,5,5,1,5,5,0,5,5,5,1,9,9,9,9,9,9,9,99,2,0,0,0,0,0,0,0,0,2,0,0,0,0,0,0,0,0,67800
2,335,3,45900,5,1,1,11,1,0,762,628,6,1,37,999998,5,5,0,8,1970,99999,2,2,2,4,3,5,1,1,2,1,4,1,1,1,5,1,5,4,1,2,2,2,5,1,1,1,1,4,1,5,1,1,1,3,2,3,3,3,3,2,3,2,2,2,3,3,3,3,2,2,2,3,2,2,1,3,1,2,3,2,3,2,5,5,5,5,3,5,3,5,5,5,1,5,5,0,5,5,5,1,1,1,5,1,5,1,1,10,2,0,0,0,0,0,0,0,0,2,0,0,0,0,0,0,0,0,47100
2,2854,4,37500,3,1,7,14,1,0,935,788,9,9,54,999998,9,9,99,4,1949,99999,2,1,1,3,1,4,5,2,1,1,3,1,3,3,5,1,5,3,2,2,4,1,5,1,1,3,3,2,2,4,2,2,4,2,2,2,3,2,3,2,2,2,3,3,2,2,3,3,2,3,2,2,2,2,2,3,2,2,2,2,2,2,5,5,5,5,5,5,5,5,5,5,1,5,5,0,9,1,5,1,1,1,1,1,1,1,5,9,2,0,0,0,0,0,0,0,0,2,0,0,0,0,0,0,0,0,38760
2,714,2,52740,5,5,0,12,1,0,692,219,450,3,55,23000,0,0,0,3,1973,99999,2,1,1,1,5,4,3,1,2,1,5,1,5,1,1,5,5,4,1,2,3,5,3,1,1,3,5,1,2,4,1,1,2,1,1,2,2,3,2,1,4,2,1,2,2,1,3,3,1,3,2,2,2,1,2,2,1,2,2,1,3,1,5,4,4,5,4,4,4,4,5,5,1,5,5,0,1,1,5,1,1,1,1,1,1,1,5,9,2,0,0,0,0,0,0,0,0,2,0,0,0,0,0,0,0,0,53940
2,714,3,52740,5,5,0,12,1,0,692,219,450,3,55,23000,0,0,0,3,1973,99999,2,1,1,1,5,4,3,1,2,1,5,1,5,1,1,5,5,4,1,2,3,5,3,1,1,3,5,1,2,4,1,1,2,1,1,2,2,3,2,1,4,2,1,2,2,1,3,3,1,3,2,2,2,1,2,2,1,2,2,1,3,1,5,4,4,5,4,4,4,4,5,5,1,5,5,0,1,1,5,1,1,1,1,1,1,1,5,9,2,0,0,0,0,0,0,0,0,2,0,0,0,0,0,0,0,0,53940
2,1217,6,58920,2,1,1,12,1,0,764,749,4,1,36,9000,0,0,0,9,1957,99999,1,0,0,0,0,0,0,0,0,0,0,0,0,0,0,0,0,0,0,0,0,0,0,0,0,0,0,0,0,0,0,0,0,0,0,0,0,0,0,0,0,0,0,0,0,0,0,0,0,0,0,0,0,0,0,0,0,0,0,0,0,0,0,0,0,0,0,0,0,0,0,0,0,0,0,0,0,0,0,0,0,0,0,0,0,0,0,0,0,0,0,0,0,0,0,0,0,0,0,0,0,0,0,0,0,0,59340
2,6182,2,40860,5,5,0,11,1,0,510,69,150,3,20,999998,5,2,0,10,1967,99999,2,1,1,1,3,2,4,1,1,1,1,1,1,1,5,5,5,5,1,2,1,2,5,2,1,1,1,1,2,4,2,2,2,2,2,3,3,3,3,2,2,2,2,3,2,2,3,3,2,3,3,3,2,2,2,3,2,2,3,2,3,2,3,3,5,5,5,5,5,3,5,5,1,5,5,0,5,1,5,1,5,5,1,1,1,5,5,4,2,0,0,0,0,0,0,0,0,2,0,0,0,0,0,0,0,0,41940
2,5624,2,72120,5,5,0,99,1,0,705,748,6500,6,24,999998,5,2,0,9,1977,99999,2,1,1,3,5,1,4,1,2,1,5,3,3,1,5,1,5,3,1,1,0,0,0,0,0,0,0,0,0,0,0,0,0,3,1,4,3,3,3,3,2,2,1,3,3,2,3,3,2,3,3,3,2,2,2,2,2,2,2,2,2,2,2,3,4,3,3,5,2,2,2,5,1,1,5,0,5,5,5,1,1,1,1,1,1,1,5,6,1,1,1,1,1,1,5,5,3,2,0,0,0,0,0,0,0,0,73260
2,4153,4,38100,1,5,0,12,3,5,0,0,0,0,0,19000,0,0,0,4,1972,99999,2,1,2,1,5,4,3,1,1,1,5,3,5,3,5,1,5,2,1,2,5,2,1,1,2,1,1,2,1,4,4,1,2,2,2,3,3,2,3,3,2,2,2,3,2,2,3,3,2,2,3,3,2,2,2,3,2,2,3,2,3,2,3,5,5,9,3,3,3,2,5,5,5,5,5,1,1,1,5,2,0,0,0,0,0,0,0,0,2,0,0,0,0,0,0,0,0,2,0,0,0,0,0,0,0,0,39000
2,4153,2,38100,1,5,0,12,3,5,0,0,0,0,0,19000,0,0,0,4,1972,99999,2,1,2,1,5,4,3,1,1,1,5,3,5,3,5,1,5,2,1,2,5,2,1,1,2,1,1,2,1,4,4,1,2,2,2,3,3,2,3,3,2,2,2,3,2,2,3,3,2,2,3,3,2,2,2,3,2,2,3,2,3,2,3,5,5,9,3,3,3,2,5,5,5,5,5,1,1,1,5,2,0,0,0,0,0,0,0,0,2,0,0,0,0,0,0,0,0,2,0,0,0,0,0,0,0,0,39000
2,5605,4,62340,1,5,0,16,1,0,441,208,1500,4,40,50000,0,0,0,1,1966,99999,2,2,3,3,4,1,5,1,2,1,1,1,1,1,1,1,1,5,1,2,2,2,2,2,2,2,2,2,2,4,2,2,2,2,2,3,3,3,3,2,3,2,2,3,2,2,3,3,2,3,2,2,2,2,2,3,2,2,3,2,3,2,5,5,5,5,5,5,5,5,5,5,1,5,5,0,5,5,5,1,1,1,1,1,1,5,5,8,2,0,0,0,0,0,0,0,0,2,0,0,0,0,0,0,0,0,63240
2,6127,4,67260,3,5,0,12,1,0,715,417,500,3,40,30000,0,0,0,9,1960,99999,2,2,2,1,3,4,5,1,1,1,3,1,1,1,1,5,5,2,1,2,5,5,5,3,5,3,5,5,1,4,3,2,3,3,2,9,2,2,2,2,3,2,1,2,3,2,2,3,2,2,2,2,2,2,2,3,2,2,2,2,3,3,5,5,5,5,5,5,5,2,5,5,1,5,5,0,5,5,5,1,1,1,1,1,1,5,5,10,2,0,0,0,0,0,0,0,0,2,0,0,0,0,0,0,0,0,68760
2,4111,5,37860,5,5,0,12,3,1,935,788,4,7,10,999998,5,1,0,1,1994,99999,2,2,3,1,3,4,5,1,2,1,5,1,5,5,5,5,5,5,2,2,3,1,3,1,1,3,3,5,1,2,2,1,1,2,2,3,2,2,3,3,3,2,2,2,2,2,2,3,2,2,2,2,2,1,2,2,2,2,3,2,2,2,5,5,5,5,3,5,5,5,5,5,5,5,5,1,1,5,5,2,0,0,0,0,0,0,0,0,2,0,0,0,0,0,0,0,0,2,0,0,0,0,0,0,0,0,38940
2,3792,5,57720,3,1,2,12,1,0,706,527,999999,9,30,999999,9,9,99,12,1956,99999,1,0,0,0,0,0,0,0,0,0,0,0,0,0,0,0,0,0,0,0,0,0,0,0,0,0,0,0,0,0,0,0,0,0,0,0,0,0,0,0,0,0,0,0,0,0,0,0,0,0,0,0,0,0,0,0,0,0,0,0,0,0,0,0,0,0,0,0,0,0,0,0,0,0,0,0,0,0,0,0,0,0,0,0,0,0,0,0,0,0,0,0,0,0,0,0,0,0,0,0,0,0,0,0,0,0,57840
2,5271,4,32820,5,5,0,14,3,5,0,0,0,0,0,999998,5,8,0,10,1973,33000,1,0,0,0,0,0,0,0,0,0,0,0,0,0,0,0,0,0,0,0,0,0,0,0,0,0,0,0,0,0,0,0,0,0,0,0,0,0,0,0,0,0,0,0,0,0,0,0,0,0,0,0,0,0,0,0,0,0,0,0,0,0,0,0,0,0,0,0,0,0,0,0,0,0,0,0,0,0,0,0,0,0,0,0,0,0,0,0,0,0,0,0,0,0,0,0,0,0,0,0,0,0,0,0,0,0,33000
2,4252,5,58740,3,5,0,12,8,5,0,0,0,0,0,999998,5,3,0,10,1961,58980,1,0,0,0,0,0,0,0,0,0,0,0,0,0,0,0,0,0,0,0,0,0,0,0,0,0,0,0,0,0,0,0,0,0,0,0,0,0,0,0,0,0,0,0,0,0,0,0,0,0,0,0,0,0,0,0,0,0,0,0,0,0,0,0,0,0,0,0,0,0,0,0,0,0,0,0,0,0,0,0,0,0,0,0,0,0,0,0,0,0,0,0,0,0,0,0,0,0,0,0,0,0,0,0,0,0,58980
2,3002,3,77040,1,1,1,14,1,0,374,118,999999,9,40,12000,0,0,0,2,1960,99999,2,1,2,1,4,5,2,1,2,2,1,1,3,1,5,5,5,5,1,2,5,3,2,5,2,5,5,2,3,4,4,4,4,3,3,3,3,3,3,2,1,2,3,3,3,2,3,3,2,2,2,2,2,2,2,3,2,2,3,2,3,2,3,5,5,5,3,3,3,3,5,5,1,5,5,0,5,5,1,1,1,1,1,1,1,1,5,8.5,2,0,0,0,0,0,0,0,0,2,0,0,0,0,0,0,0,0,78180
2,1444,3,32940,1,5,0,14,1,0,481,307,12,1,50,30000,0,0,0,12,1966,99999,1,0,0,0,0,0,0,0,0,0,0,0,0,0,0,0,0,0,0,0,0,0,0,0,0,0,0,0,0,0,0,0,0,0,0,0,0,0,0,0,0,0,0,0,0,0,0,0,0,0,0,0,0,0,0,0,0,0,0,0,0,0,0,0,0,0,0,0,0,0,0,0,0,0,0,0,0,0,0,0,0,0,0,0,0,0,0,0,0,0,0,0,0,0,0,0,0,0,0,0,0,0,0,0,0,0,33840
2,1609,5,64140,5,5,0,11,3,5,0,0,0,0,0,999998,1,0,4,6,1976,64380,1,0,0,0,0,0,0,0,0,0,0,0,0,0,0,0,0,0,0,0,0,0,0,0,0,0,0,0,0,0,0,0,0,0,0,0,0,0,0,0,0,0,0,0,0,0,0,0,0,0,0,0,0,0,0,0,0,0,0,0,0,0,0,0,0,0,0,0,0,0,0,0,0,0,0,0,0,0,0,0,0,0,0,0,0,0,0,0,0,0,0,0,0,0,0,0,0,0,0,0,0,0,0,0,0,0,64380
2,5212,2,63360,5,5,0,13,1,0,485,758,300,3,40,17000,0,0,0,6,1969,99999,2,2,4,4,5,3,1,1,2,2,1,1,1,1,5,1,5,5,1,1,0,0,0,0,0,0,0,0,0,0,0,0,0,3,2,2,3,2,3,2,2,3,3,2,2,3,3,3,2,2,2,2,2,2,2,2,2,2,2,2,3,2,5,5,5,5,5,5,5,5,5,5,1,5,5,0,5,1,5,1,1,1,1,1,5,5,1,8,2,0,0,0,0,0,0,0,0,2,0,0,0,0,0,0,0,0,64440
2,313,2,33600,3,5,0,16,1,0,5,838,50000,6,48,50000,0,0,0,4,1959,99999,2,4,4,3,4,5,1,1,2,2,2,1,2,2,1,5,1,5,2,2,3,2,5,1,2,5,3,2,3,5,4,2,4,3,2,2,3,2,3,2,3,3,2,3,2,2,3,4,2,3,2,3,2,3,2,3,2,2,3,2,3,2,3,5,5,5,5,5,5,5,5,5,1,5,5,0,5,1,5,1,1,1,1,1,1,5,5,8,2,0,0,0,0,0,0,0,0,2,0,0,0,0,0,0,0,0,34500
2,314,5,45900,2,5,0,12,1,0,753,917,999999,9,40,999999,1,0,2,4,1948,99999,2,1,1,1,4,3,5,1,1,1,5,1,1,1,5,5,5,4,2,2,1,3,1,1,1,1,1,1,1,1,4,1,1,1,1,3,1,3,1,1,1,1,1,3,1,1,2,3,1,1,3,1,1,3,1,1,1,1,1,1,2,2,3,3,3,3,3,3,5,3,5,5,1,5,5,0,5,1,5,1,1,1,1,1,1,5,5,8,2,0,0,0,0,0,0,0,0,2,0,0,0,0,0,0,0,0,47100
2,313,3,33600,3,5,0,16,1,0,5,838,50000,6,48,50000,0,0,0,4,1959,99999,2,4,4,3,4,5,1,1,2,2,2,1,2,2,1,5,1,5,2,2,3,2,5,1,2,5,3,2,3,5,4,2,4,3,2,2,3,2,3,2,3,3,2,3,2,2,3,4,2,3,2,3,2,3,2,3,2,2,3,2,3,2,3,5,5,5,5,5,5,5,5,5,1,5,5,0,5,1,5,1,1,1,1,1,1,5,5,8,2,0,0,0,0,0,0,0,0,2,0,0,0,0,0,0,0,0,34500
2,4112,2,61560,3,1,1,12,1,0,374,838,10,1,40,22000,0,0,0,2,1960,99999,2,1,1,1,4,3,5,1,1,1,1,1,1,3,1,1,1,3,2,2,1,1,3,1,2,2,3,5,2,4,2,1,2,2,2,2,3,2,3,2,3,3,2,2,3,2,2,3,2,2,2,3,2,2,2,2,2,2,3,2,3,2,3,5,5,5,5,5,5,5,5,5,1,5,5,0,5,5,5,1,1,1,1,1,1,5,5,9.5,2,0,0,0,0,0,0,0,0,2,0,0,0,0,0,0,0,0,62700
2,2165,2,45960,3,1,2,11,1,0,680,157,310,3,47,28000,0,0,0,12,1956,99999,2,1,2,4,3,5,1,1,1,1,5,1,5,1,5,1,1,3,1,2,5,1,5,5,2,5,2,3,2,4,2,2,4,3,2,3,1,1,2,2,2,2,1,4,4,2,2,3,1,2,2,1,2,2,2,3,3,1,3,1,2,2,5,5,5,5,5,5,5,1,5,5,1,5,5,0,5,1,5,1,1,1,5,5,5,5,5,8,2,0,0,0,0,0,0,0,0,2,0,0,0,0,0,0,0,0,47220
2,2165,3,45960,3,1,2,11,1,0,680,157,310,3,47,28000,0,0,0,12,1956,99999,2,1,2,4,3,5,1,1,1,1,5,1,5,1,5,1,1,3,1,2,5,1,5,5,2,5,2,3,2,4,2,2,4,3,2,3,1,1,2,2,2,2,1,4,4,2,2,3,1,2,2,1,2,2,2,3,3,1,3,1,2,2,5,5,5,5,5,5,5,1,5,5,1,5,5,0,5,1,5,1,1,1,5,5,5,5,5,8,2,0,0,0,0,0,0,0,0,2,0,0,0,0,0,0,0,0,47220
2,1415,5,64500,1,5,0,13,1,0,706,139,700,3,60,40000,0,0,0,3,1958,99999,2,1,2,3,5,4,1,1,2,1,2,1,1,2,1,1,1,3,1,2,3,3,5,2,2,2,2,3,2,4,2,1,1,2,1,8,3,4,3,3,3,4,4,3,1,1,3,4,1,3,3,1,2,2,1,4,1,1,1,1,3,2,4,4,5,5,5,4,4,3,5,5,1,5,5,0,5,1,1,1,1,1,1,1,1,1,5,8,2,0,0,0,0,0,0,0,0,2,0,0,0,0,0,0,0,0,66300
2,3979,5,60000,5,5,0,12,1,0,762,628,5,1,20,999998,8,8,99,8,1976,99999,2,1,1,1,3,4,5,1,1,2,1,1,1,1,1,1,5,6,1,1,0,0,0,0,0,0,0,0,0,0,0,0,0,8,2,3,2,3,3,2,3,2,2,3,2,2,3,3,2,3,2,2,2,2,2,2,2,2,3,2,3,2,5,5,5,5,5,5,3,4,5,5,1,5,5,0,5,5,1,1,1,1,1,1,1,5,5,4,2,0,0,0,0,0,0,0,0,2,0,0,0,0,0,0,0,0,61500
2,4565,4,40800,3,5,0,12,1,0,643,269,7,1,40,999998,1,0,3,7,1962,99999,1,0,0,0,0,0,0,0,0,0,0,0,0,0,0,0,0,0,0,0,0,0,0,0,0,0,0,0,0,0,0,0,0,0,0,0,0,0,0,0,0,0,0,0,0,0,0,0,0,0,0,0,0,0,0,0,0,0,0,0,0,0,0,0,0,0,0,0,0,0,0,0,0,0,0,0,0,0,0,0,0,0,0,0,0,0,0,0,0,0,0,0,0,0,0,0,0,0,0,0,0,0,0,0,0,0,41100
2,4565,5,40800,3,5,0,12,1,0,643,269,7,1,40,999998,1,0,3,7,1962,99999,1,0,0,0,0,0,0,0,0,0,0,0,0,0,0,0,0,0,0,0,0,0,0,0,0,0,0,0,0,0,0,0,0,0,0,0,0,0,0,0,0,0,0,0,0,0,0,0,0,0,0,0,0,0,0,0,0,0,0,0,0,0,0,0,0,0,0,0,0,0,0,0,0,0,0,0,0,0,0,0,0,0,0,0,0,0,0,0,0,0,0,0,0,0,0,0,0,0,0,0,0,0,0,0,0,0,41100
2,5663,2,36900,1,5,0,14,1,0,560,69,27000,6,40,999998,1,0,4,9,1955,99999,2,1,1,3,4,5,2,1,2,1,4,2,2,1,1,1,1,5,2,2,3,1,3,1,2,2,3,2,3,4,2,2,2,2,2,2,3,2,3,2,2,3,3,3,2,2,3,3,2,3,3,3,2,2,2,3,2,2,3,2,3,2,3,3,5,5,5,5,4,5,5,5,1,5,5,0,5,1,5,1,1,1,1,1,1,1,1,8,2,0,0,0,0,0,0,0,0,2,0,0,0,0,0,0,0,0,38100
2,5663,3,36900,1,5,0,14,1,0,560,69,27000,6,40,999998,1,0,4,9,1955,99999,2,1,1,3,4,5,2,1,2,1,4,2,2,1,1,1,1,5,2,2,3,1,3,1,2,2,3,2,3,4,2,2,2,2,2,2,3,2,3,2,2,3,3,3,2,2,3,3,2,3,3,3,2,2,2,3,2,2,3,2,3,2,3,3,5,5,5,5,4,5,5,5,1,5,5,0,5,1,5,1,1,1,1,1,1,1,1,8,2,0,0,0,0,0,0,0,0,2,0,0,0,0,0,0,0,0,38100
2,6060,2,60300,5,5,0,12,1,0,321,838,999999,9,40,999999,9,9,99,10,1966,99999,2,4,4,3,5,4,1,1,1,2,5,3,5,1,5,5,5,1,1,2,1,1,4,1,1,1,2,1,1,4,2,2,2,9,2,3,3,3,3,4,3,3,2,2,2,2,2,3,1,2,3,1,2,1,1,2,1,1,3,1,3,2,3,5,5,5,5,5,5,5,5,5,1,5,1,0,1,5,5,1,1,1,1,1,1,5,5,8,2,0,0,0,0,0,0,0,0,1,5,5,1,5,5,5,5,1.5,61500
2,5754,3,31860,1,1,2,16,1,0,600,838,29000,6,60,29000,0,0,0,5,1967,99999,2,2,2,3,4,5,1,1,1,1,5,2,2,2,1,1,1,1,1,2,2,1,3,1,1,1,1,1,1,5,4,1,4,1,1,1,2,1,3,4,3,2,1,2,2,1,3,3,2,1,4,2,1,1,1,2,1,1,3,1,3,2,3,5,5,5,3,5,5,1,5,5,1,1,5,0,5,5,5,1,1,1,1,1,1,5,5,10,1,5,5,1,5,5,5,5,2,2,0,0,0,0,0,0,0,0,33180
2,4616,2,60600,1,1,1,13,1,9,372,707,28000,6,45,55000,0,0,0,5,1964,99999,1,0,0,0,0,0,0,0,0,0,0,0,0,0,0,0,0,0,0,0,0,0,0,0,0,0,0,0,0,0,0,0,0,0,0,0,0,0,0,0,0,0,0,0,0,0,0,0,0,0,0,0,0,0,0,0,0,0,0,0,0,0,0,0,0,0,0,0,0,0,0,0,0,0,0,0,0,0,0,0,0,0,0,0,0,0,0,0,0,0,0,0,0,0,0,0,0,0,0,0,0,0,0,0,0,0,99999
2,4616,3,67800,3,1,2,13,3,5,0,0,0,0,0,25000,0,0,0,10,1962,99999,1,0,0,0,0,0,0,0,0,0,0,0,0,0,0,0,0,0,0,0,0,0,0,0,0,0,0,0,0,0,0,0,0,0,0,0,0,0,0,0,0,0,0,0,0,0,0,0,0,0,0,0,0,0,0,0,0,0,0,0,0,0,0,0,0,0,0,0,0,0,0,0,0,0,0,0,0,0,0,0,0,0,0,0,0,0,0,0,0,0,0,0,0,0,0,0,0,0,0,0,0,0,0,0,0,0,68100
2,3762,4,34500,1,1,1,12,1,0,715,669,8,1,40,22000,0,0,0,8,1960,99999,2,1,4,3,1,5,4,1,2,1,1,1,1,1,1,1,5,3,1,2,5,2,5,2,2,2,2,2,2,4,4,2,2,3,1,2,2,3,3,3,2,3,2,3,3,3,2,3,2,3,3,2,2,2,2,3,2,2,2,2,3,2,4,5,5,5,5,5,5,5,5,5,1,5,5,0,5,1,5,1,1,1,1,1,1,1,1,12,2,0,0,0,0,0,0,0,0,2,0,0,0,0,0,0,0,0,35400
2,3762,5,34500,1,1,1,12,1,0,715,669,8,1,40,22000,0,0,0,8,1960,99999,2,1,4,3,1,5,4,1,2,1,1,1,1,1,1,1,5,3,1,2,5,2,5,2,2,2,2,2,2,4,4,2,2,3,1,2,2,3,3,3,2,3,2,3,3,3,2,3,2,3,3,2,2,2,2,3,2,2,2,2,3,2,4,5,5,5,5,5,5,5,5,5,1,5,5,0,5,1,5,1,1,1,1,1,1,1,1,12,2,0,0,0,0,0,0,0,0,2,0,0,0,0,0,0,0,0,35400
2,4140,7,48300,5,5,0,11,1,0,436,69,5,1,40,9000,0,0,0,6,1960,99999,2,1,2,1,5,3,2,1,1,2,5,4,4,1,5,5,1,2,1,2,1,1,3,1,1,5,5,5,3,2,1,1,2,1,1,2,3,2,2,2,2,2,2,2,3,2,2,3,1,2,3,2,2,2,2,3,2,2,2,2,2,3,5,5,5,5,5,5,5,5,5,5,1,5,5,0,5,5,5,1,1,1,1,1,1,5,5,8,2,0,0,0,0,0,0,0,0,2,0,0,0,0,0,0,0,0,49200
2,4140,8,48300,5,5,0,11,1,0,436,69,5,1,40,9000,0,0,0,6,1960,99999,2,1,2,1,5,3,2,1,1,2,5,4,4,1,5,5,1,2,1,2,1,1,3,1,1,5,5,5,3,2,1,1,2,1,1,2,3,2,2,2,2,2,2,2,3,2,2,3,1,2,3,2,2,2,2,3,2,2,2,2,2,3,5,5,5,5,5,5,5,5,5,5,1,5,5,0,5,5,5,1,1,1,1,1,1,5,5,8,2,0,0,0,0,0,0,0,0,2,0,0,0,0,0,0,0,0,49200
2,800,2,71280,5,5,0,15,1,0,953,809,800,5,38,30000,0,0,0,6,1948,99999,2,4,4,3,5,4,1,4,2,1,5,1,1,1,1,1,5,4,1,2,1,2,4,2,2,2,1,1,2,2,2,2,2,2,2,2,2,3,3,2,3,1,2,2,2,2,2,2,1,2,2,3,2,1,1,3,2,2,3,2,3,2,2,3,5,5,5,5,4,3,5,5,1,5,5,0,5,1,5,1,1,1,1,1,1,1,5,6,2,0,0,0,0,0,0,0,0,2,0,0,0,0,0,0,0,0,72420
2,1508,3,49140,2,1,4,12,1,0,706,698,230,3,40,30000,0,0,0,10,1955,99999,2,2,2,4,3,5,1,1,1,1,3,1,3,3,1,1,5,2,1,2,1,2,2,2,1,2,2,2,2,4,2,2,2,2,2,3,3,3,3,3,2,3,2,3,2,2,3,3,2,3,2,2,2,2,2,2,2,2,3,2,3,2,3,3,5,5,3,3,3,3,5,5,1,5,5,0,5,5,5,1,1,1,1,1,1,5,5,8,2,0,0,0,0,0,0,0,0,2,0,0,0,0,0,0,0,0,50100
2,1508,2,49140,2,1,4,12,1,0,706,698,230,3,40,30000,0,0,0,10,1955,99999,2,2,2,4,3,5,1,1,1,1,3,1,3,3,1,1,5,2,1,2,1,2,2,2,1,2,2,2,2,4,2,2,2,2,2,3,3,3,3,3,2,3,2,3,2,2,3,3,2,3,2,2,2,2,2,2,2,2,3,2,3,2,3,3,5,5,3,3,3,3,5,5,1,5,5,0,5,5,5,1,1,1,1,1,1,5,5,8,2,0,0,0,0,0,0,0,0,2,0,0,0,0,0,0,0,0,50100
2,801,2,32400,5,1,1,12,1,0,680,69,1500,3,65,27000,0,0,0,7,1970,99999,2,4,4,3,4,5,1,1,2,1,3,1,1,1,5,1,5,5,2,1,0,0,0,0,0,0,0,0,0,0,0,0,0,3,2,3,3,3,3,1,3,3,3,3,2,1,3,4,1,3,3,3,2,1,1,3,1,1,3,1,3,2,5,5,5,5,5,5,5,5,5,5,1,5,5,0,5,1,1,1,1,1,5,1,1,5,5,9,2,0,0,0,0,0,0,0,0,2,0,0,0,0,0,0,0,0,33600
2,1281,3,37080,2,5,0,11,2,0,753,427,8,1,4,999998,9,9,99,12,1957,99999,2,4,4,4,1,3,5,1,1,2,5,1,1,1,5,5,5,3,1,2,5,5,5,2,2,2,2,2,2,4,1,1,2,4,1,3,3,3,3,2,3,2,2,4,4,4,3,3,1,4,2,4,1,1,1,4,1,1,4,1,3,1,5,5,5,3,3,5,1,1,3,3,5,5,5,5,5,5,1,2,0,0,0,0,0,0,0,0,2,0,0,0,0,0,0,0,0,2,0,0,0,0,0,0,0,0,39000
2,3728,2,37260,1,5,0,14,1,0,45,359,38000,6,40,38000,0,0,0,6,1966,99999,2,3,4,3,4,5,1,1,1,1,4,1,1,2,1,5,1,1,1,2,1,1,3,1,1,1,1,1,1,4,1,1,2,1,1,4,4,4,4,4,3,3,2,2,2,1,3,4,1,3,2,3,1,2,1,3,1,1,2,1,4,1,3,5,5,5,5,5,4,4,5,5,1,5,5,0,5,5,5,1,1,1,1,1,1,5,5,8.5,2,0,0,0,0,0,0,0,0,2,0,0,0,0,0,0,0,0,38400
2,6267,3,34680,2,1,1,10,1,0,245,67,8000,6,70,8000,0,0,0,10,1967,99999,2,2,2,4,3,5,1,1,1,1,5,1,3,1,1,1,5,5,3,2,5,1,3,3,2,5,5,4,2,4,2,1,5,3,2,3,3,3,3,1,3,2,2,3,2,2,3,3,1,3,2,3,1,2,1,2,1,2,3,1,3,3,5,4,5,5,3,3,4,5,3,5,1,5,5,0,5,5,5,1,1,1,1,1,1,1,1,10,2,0,0,0,0,0,0,0,0,2,0,0,0,0,0,0,0,0,36000
2,6267,2,34680,2,1,1,10,1,0,245,67,8000,6,70,8000,0,0,0,10,1967,99999,2,2,2,4,3,5,1,1,1,1,5,1,3,1,1,1,5,5,3,2,5,1,3,3,2,5,5,4,2,4,2,1,5,3,2,3,3,3,3,1,3,2,2,3,2,2,3,3,1,3,2,3,1,2,1,2,1,2,3,1,3,3,5,4,5,5,3,3,4,5,3,5,1,5,5,0,5,5,5,1,1,1,1,1,1,1,1,10,2,0,0,0,0,0,0,0,0,2,0,0,0,0,0,0,0,0,36000
2,3396,4,62460,5,5,0,12,1,0,455,407,850,3,40,90000,0,0,0,3,1961,99999,2,1,1,4,1,3,2,1,2,1,1,1,1,1,1,1,5,3,1,2,1,2,2,2,2,2,2,2,2,4,1,1,2,2,2,3,3,3,3,2,3,3,2,3,3,2,3,3,2,3,2,3,2,2,2,3,2,2,3,2,3,2,5,5,5,5,5,5,5,5,5,5,1,5,5,0,5,1,1,1,1,1,1,1,5,5,5,10,2,0,0,0,0,0,0,0,0,2,0,0,0,0,0,0,0,0,63240
