HBCREL97,HBCID97,HBCSN97,RELSHIP,Q11A1M,Q11A1D,Q11A1Y,Q11A2M,Q11A3,Q11A4,Q11A5M,Q11A6,Q11A7,Q11A8,Q11A9,Q11A10,Q11A11A,Q11A11B,Q11A11C,Q11A11D,Q11A11E,Q11A11F,Q11A11G,Q11A11H,Q11A11I,Q11A11J,Q11A11K,Q11A11L,Q11A11M,Q11A11N,Q11A11O,Q11A11P,Q11A11Q,Q11A11R,Q11A11S,Q11A11T,Q11A11U,Q11A11V,Q11A11W,Q11A11X,Q11A11Y,Q11A11Z,Q11A11AA,Q11A11BB,Q11A11CC,Q11A12,Q11A13,Q11A14,Q11A14A,Q11A15A,Q11A15B,Q11A15C,Q11A15D,Q11A15E,Q11A15F,Q11A15G,Q11A16A,Q11A16B,Q11A16C,Q11A16D,Q11A16E,Q11A16F,Q11A17,Q11A18,Q11A19,Q11A20,Q11A21,Q11A21A,Q11A21B,Q11A21C,Q11A21D,Q11A21E,Q11A22,Q11A23N,Q11A24,Q11A24A,Q11A24B,Q11A25,Q11A25A,Q11A25B,Q11A25C,Q11A26,Q11A27,Q11A28,Q11A29,Q11A30,Q11A31,Q11A32,Q11A32AA,Q11A32AB,Q11A32AC,Q11A32AD,Q11A32AE,Q11A32AF,Q11A32AG,Q11A33,Q11A34,Q11A35,Q11A37,Q11A38,Q11A39A,Q11A39B,Q11A39C,Q11A39D,Q11A39E,Q11A39F,Q11A39G,Q11A39H,Q11A39I,Q11A40A,Q11A40B,Q11A40C,Q11A40D,Q11A40E,Q11A40F,Q11A40G,Q11A41A,Q11A41B,Q11A41C,Q11A41D,Q11A41E,Q11A42,Q11B1M,Q11B1D,Q11B1Y,Q11B2
3,1114,6,4,4,14,1997,8,1.5,3.8,999,3,5,2,3,1,3,3,2,3,3,3,2,3,2,3,2,2,3,3,3,2,3,3,3,2,2,2,3,3,2,3,3,2,2,11,7,9,9,0,0,0,2,7,2,0,11,0,0,0,0,0,99999,99999,99,9,9,9,9,9,9,9,9,99,999,9,9,9,9,9,9,9,9,9,9,2,9,9,9,9,9,9,9,9,99,1,1960,5,4,1,1,9,9,9,9,9,9,9,9,5,5,5,5,5,5,5,5,1,1,1,5,14000,4,15,1997,2
3,1910,5,4,8,19,1997,8,1,1.5,999,0,5,2,2,2,1,3,2,3,3,1,2,3,3,3,3,3,3,3,3,2,1,1,3,3,3,3,3,2,3,3,3,3,3,9,2,9,9,0,0,0,1,6,2,0,7,99,9,9,9,1,25200,59400,32,9,1,1,1,1,5,5,1,9,0,9,9,1,20,1,0,9,9,9,9,2,9,9,9,9,9,9,9,9,99,1,1946,5,4,1,1,9,9,9,9,9,9,9,9,5,1,5,5,5,5,5,5,1,1,1,5,18000,4,30,1997,3
3,681,3,4,7,3,1997,48,3,24,60,0,5,1,2,2,2,3,3,2,3,2,3,3,3,3,2,2,3,3,3,3,2,3,3,3,3,3,3,3,3,3,3,3,3,7,1,1,3,1,0,3,1,0,3,0,6,0,1,0,1,0,27000,64800,50,1,1,1,1,1,5,5,1,7,1.75,1,1,1,2,1,0,1,1,1,5,2,1,1,0,0,0,0,0,1,2,1,1954,5,3,5,5,1,1,1,5,5,5,5,9,5,5,5,5,5,5,5,1,1,5,5,9,18000,6,30,1997,1
3,681,4,4,7,3,1997,24,3,24,60,0,1,0,0,0,0,0,0,0,0,0,0,0,0,0,0,0,0,0,0,0,0,0,0,0,0,0,0,0,0,0,0,0,0,7,1,1,3,1,0,3,1,0,3,0,6,0,1,0,1,0,27000,64800,50,1,1,1,1,1,5,5,1,7,1.75,1,1,1,2,1,0,1,1,1,5,2,1,1,0,0,0,0,0,1,2,1,1954,5,3,5,5,1,1,1,5,5,5,5,9,5,5,5,5,5,5,5,1,1,5,5,9,18000,5,23,1997,1
3,3530,5,1,7,1,1997,20,7,40,18,0,5,1,2,2,3,3,2,2,3,2,3,3,3,3,3,3,3,3,3,3,2,3,3,3,3,3,3,3,3,3,3,3,3,1,1,1,40,0,0,0,0,0,1,0,1,0,0,0,0,0,99999,99999,52,9,1,1,1,1,1,5,5,99,0,9,9,5,0,0,0,9,5,5,5,2,1,0,0,0,0,0,0,0,0,1,1940,5,6,1,9,1,9,9,1,9,9,9,9,9,9,9,9,9,9,9,5,5,5,5,5,0,7,1,1997,3
3,2642,3,4,4,14,1997,4,5,50,360,0,5,9,9,9,3,3,3,3,3,3,2,3,3,3,3,3,3,3,3,3,3,3,3,3,3,3,3,3,3,3,3,3,3,4,1,1,10,0,1,0,3,0,2,0,6,0,0,0,0,0,19800,64800,38,9,1,1,1,1,5,5,5,99,10,2,1,5,0,0,0,4,5,5,5,2,1,0,0,0,0,0,0,0,0,1,1934,1,3,1,5,1,5,1,1,5,1,5,5,5,5,5,5,5,5,5,5,5,5,5,5,6000,99,99,9999,4
3,2642,4,4,4,14,1997,4,5,50,360,0,1,0,0,0,0,0,0,0,0,0,0,0,0,0,0,0,0,0,0,0,0,0,0,0,0,0,0,0,0,0,0,0,0,4,1,1,10,0,1,0,3,0,2,0,6,0,0,0,0,0,19800,64800,38,9,1,1,1,1,5,5,5,99,10,2,1,5,0,0,0,4,5,5,5,2,1,0,0,0,0,0,0,0,0,1,1934,1,3,1,5,1,5,1,5,5,1,5,5,5,5,5,5,5,5,5,5,5,5,5,5,6000,99,99,9999,9
3,4499,2,4,5,17,1997,1,7,39,144,0,5,1,1,1,3,3,3,3,3,3,2,3,2,2,3,3,3,3,1,1,3,2,3,3,3,3,3,3,3,3,3,3,3,2,7,3,4,0,0,0,1,1,0,0,2,0,0,0,0,0,25200,79200,48,1,1,1,1,1,1,5,5,99,2,1,1,1,2,1,0,4,5,5,5,2,9,3,0,0,0,0,0,0,3,1,1959,5,3,1,1,1,5,1,5,5,5,1,5,5,5,5,5,5,5,5,5,5,5,5,5,7200,5,16,1997,5
3,4499,3,4,5,17,1997,1,7,39,144,0,5,2,1,2,3,3,3,3,2,2,2,3,3,2,3,3,3,3,3,2,2,2,3,3,3,2,3,1,2,3,3,3,1,2,7,3,4,0,0,0,1,1,0,0,2,0,0,0,0,0,25200,79200,48,1,1,1,1,1,1,5,5,99,2,1,1,1,2,1,0,4,5,5,5,2,1,3,0,0,0,0,0,0,3,1,1959,5,3,1,1,1,5,1,5,5,5,1,5,5,5,5,5,5,5,5,5,5,5,5,5,7200,5,16,1997,5
3,1597,3,1,4,13,1997,48,3,8,240,0,5,2,2,2,3,3,3,3,3,2,3,3,9,3,3,9,3,3,9,3,3,9,3,3,3,9,3,2,3,3,3,3,3,1,1,9,9,0,0,0,0,1,0,0,99,99,9,9,9,9,99999,99999,99,9,1,9,9,9,9,9,9,99,999,9,9,9,99,9,9,9,9,9,9,2,1,0,0,0,0,0,0,0,0,1,1946,5,2,5,9,9,9,9,9,9,9,9,9,9,9,9,9,9,9,9,9,9,9,9,9,99999,4,13,1997,9
3,2317,4,4,7,2,1997,6,5,48,999,0,1,0,0,0,0,0,0,0,0,0,0,0,0,0,0,0,0,0,0,0,0,0,0,0,0,0,0,0,0,0,0,0,0,6,1,9,9,1,1,3,0,1,0,0,4,2,0,0,0,0,23400,64800,50,9,1,1,1,1,5,5,1,0,90,3,9,5,0,0,0,1,9,9,9,2,1,9,9,9,9,9,9,9,99,1,1933,5,2,9,9,9,9,9,9,9,9,9,9,5,5,5,5,5,5,5,5,5,5,5,5,30000,6,27,1997,5
3,3773,3,4,5,29,1997,24,5,40,156,2,1,0,0,0,0,0,0,0,0,0,0,0,0,0,0,0,0,0,0,0,0,0,0,0,0,0,0,0,0,0,0,0,0,6,1,2,6,1,2,2,0,1,0,0,6,0,0,0,0,0,19800,64800,52,1,1,1,1,1,5,5,5,99,1.5,1,1,5,0,0,0,3,5,5,5,2,2,0,0,0,0,0,0,0,0,1,1952,5,3,5,5,5,5,5,5,5,5,5,5,5,5,5,5,5,5,5,5,5,5,5,9,99999,5,29,1997,4
3,2038,4,1,4,14,1997,60,5,50,180,0,5,2,2,2,2,3,3,3,3,2,3,3,2,2,3,3,3,3,3,3,2,3,3,3,3,3,3,2,3,3,3,3,3,2,1,9,9,1,0,0,0,0,1,0,2,0,0,0,0,0,27000,64800,52,1,1,1,1,1,5,5,5,99,0,9,9,5,0,0,0,4,5,5,5,2,1,0,0,0,0,0,0,0,0,1,1947,5,2,5,5,5,5,5,5,5,5,5,9,5,5,5,5,5,5,5,5,5,5,5,5,3380,4,14,1997,1
3,2252,2,4,7,1,1997,1,3.5,12,10,0,5,2,2,2,3,3,3,3,3,3,3,3,3,2,3,3,3,3,3,3,3,3,2,3,3,3,3,3,3,3,3,3,3,4,1,1,8,0,0,2,3,0,0,1,6,0,0,0,0,0,19800,79200,52,1,1,1,5,1,5,5,5,99,65,3,1,1,2,8,9,2,1,5,5,2,1,2,0,0,0,1,0,0,1,1,1962,1,4,1,9,9,9,1,1,1,9,9,9,5,5,5,5,5,5,5,9,9,9,9,9,5000,99,99,9999,9
3,6180,4,4,11,12,1997,3,5,9,300,5,1,0,0,0,0,0,0,0,0,0,0,0,0,0,0,0,0,0,0,0,0,0,0,0,0,0,0,0,0,0,0,0,0,10,1,1,3,2,0,4,0,4,0,0,5,0,5,0,0,0,21600,64800,50,3,1,1,1,1,5,5,5,99,12,2,1,1,2,2,2,3,1,5,5,2,1,1,9,9,9,9,9,9,99,1,1953,5,3,5,5,5,5,5,5,5,5,5,9,5,5,5,5,5,5,5,5,5,5,5,5,15000,11,10,1997,1
3,1614,5,4,12,19,1997,4,4,32,36,0,1,0,0,0,0,0,0,0,0,0,0,0,0,0,0,0,0,0,0,0,0,0,0,0,0,0,0,0,0,0,0,0,0,3,2,0,0,0,0,1,1,0,1,0,3,0,0,0,0,0,28800,64800,99,1,1,1,1,1,1,5,5,99,150,3,3,5,0,0,0,7,5,5,5,2,5,0,0,0,0,0,0,0,0,1,1971,1,4,1,5,5,5,1,5,5,5,5,5,5,5,5,5,5,5,5,5,5,5,5,5,99998,12,17,1997,3
3,1892,3,4,3,25,1997,3,5,40,240,2,1,0,0,0,0,0,0,0,0,0,0,0,0,0,0,0,0,0,0,0,0,0,0,0,0,0,0,0,0,0,0,0,0,1,1,0,0,1,0,0,0,0,0,0,1,0,0,0,0,0,25200,82800,52,1,1,5,5,5,5,1,5,99,20,2,1,5,0,0,0,4,5,5,5,2,1,1,0,0,0,0,0,0,1,1,1958,5,4,1,5,1,5,1,1,5,5,1,5,5,5,5,5,5,5,5,5,5,5,5,5,3600,3,25,1997,2
3,432,3,2,5,99,1997,18,5,48,999,1,1,0,0,0,0,0,0,0,0,0,0,0,0,0,0,0,0,0,0,0,0,0,0,0,0,0,0,0,0,0,0,0,0,2,1,0,0,0,0,0,1,0,0,0,1,1,0,0,0,0,25200,62100,51,1,1,1,1,1,5,5,5,99,50,3,1,5,0,0,0,4,5,5,5,2,1,1,0,0,0,0,0,0,1,1,1966,5,3,5,5,5,5,5,5,5,5,5,5,5,5,5,5,5,5,5,5,5,5,5,5,99999,5,1,1997,4
3,1938,3,2,3,28,1997,24,4,35,96,0,1,0,0,0,0,0,0,0,0,0,0,0,0,0,0,0,0,0,0,0,0,0,0,0,0,0,0,0,0,0,0,0,0,2,1,0,0,0,0,2,0,0,0,0,2,0,0,0,0,0,25200,64800,40,1,1,1,1,1,5,5,5,99,0,9,9,5,0,0,0,4,5,5,5,2,1,0,0,0,0,0,0,0,0,1,1925,5,2,5,9,9,9,9,9,9,9,9,9,9,9,9,9,9,9,9,9,9,9,9,9,0,3,19,1997,3
3,2204,3,4,6,11,1997,12,5,45,18,0,1,0,0,0,0,0,0,0,0,0,0,0,0,0,0,0,0,0,0,0,0,0,0,0,0,0,0,0,0,0,0,0,0,5,1,0,0,0,2,1,0,1,1,0,5,0,0,0,0,0,23400,63000,52,1,1,1,1,1,1,5,5,99,1.5,1,1,5,0,0,0,3,1,5,5,2,1,1,0,0,1,0,0,0,0,1,1971,5,3,5,5,5,5,5,1,5,5,5,9,5,5,5,5,5,5,9,5,5,5,5,9,7500,6,26,1997,4
3,2375,4,4,5,28,1997,24,5,30,120,0,5,1,2,2,2,3,3,3,3,2,2,3,2,2,2,2,3,2,2,1,2,2,3,3,2,2,2,1,2,3,2,3,3,8,1,1,5,1,0,2,0,2,2,0,5,0,2,0,0,0,25200,68400,52,3,1,1,1,1,5,5,1,99,1.5,1,1,1,1,4,0,1,1,1,5,2,2,3,0,0,0,0,0,0,3,1,1965,5,2,1,5,1,5,1,1,5,5,5,5,5,5,5,5,5,5,5,1,1,1,1,9,22000,5,28,1997,3
3,2375,3,4,5,28,1997,48,5,30,120,0,5,1,2,2,2,2,2,3,2,2,3,3,3,2,2,2,3,3,3,2,2,2,2,2,3,2,2,2,2,2,3,2,2,8,1,1,5,1,0,2,0,2,2,0,5,0,2,0,0,0,25200,68400,52,3,1,1,1,1,5,5,1,99,1.5,1,1,1,1,4,0,1,1,1,5,2,2,3,0,0,0,0,0,0,3,1,1965,5,2,1,5,1,5,1,1,5,5,5,5,5,5,5,5,5,5,5,1,1,1,1,9,22000,5,28,1997,3
3,573,4,4,3,27,1997,99,3,27,84,0,1,0,0,0,0,0,0,0,0,0,0,0,0,0,0,0,0,0,0,0,0,0,0,0,0,0,0,0,0,0,0,0,0,6,1,1,5,0,0,2,0,2,2,0,6,0,0,0,0,0,27000,63000,51,1,1,1,1,1,5,5,1,6,295,5,1,5,0,0,0,2,1,5,5,2,1,2,0,0,0,1,0,0,1,1,1961,5,7,1,1,5,5,5,5,5,5,5,1,1,5,5,5,5,5,5,5,5,1,5,5,99999,3,28,1997,9
3,1476,3,4,10,7,1997,2,4,9,7,1,1,0,0,0,0,0,0,0,0,0,0,0,0,0,0,0,0,0,0,0,0,0,0,0,0,0,0,0,0,0,0,0,0,9,1,1,30,9,9,9,9,99,9,9,9,0,0,0,0,0,23400,64800,51,1,1,1,1,1,5,5,1,99,1.85,1,1,5,0,0,0,7,5,5,5,2,1,2,0,0,1,0,1,0,0,1,1971,5,2,5,5,1,5,1,5,5,5,5,5,5,5,5,5,5,5,5,5,5,5,5,5,10800,10,8,1997,3
3,1636,5,4,99,99,9999,36,5,35,999,11,5,1,2,2,2,3,3,3,3,2,1,3,2,3,2,2,3,3,3,3,2,2,3,3,3,3,3,3,3,3,3,3,3,7,1,9,9,0,2,0,1,3,1,0,7,0,0,0,0,0,21600,64800,52,9,1,1,1,1,5,5,1,0,5,5,9,5,0,0,0,9,9,9,9,2,9,9,9,9,9,9,9,9,99,1,1944,5,3,9,9,9,9,9,9,9,9,9,9,5,5,5,5,5,5,5,5,5,5,5,5,99999,5,5,1997,1
3,5534,3,4,11,12,1997,21,3,8.5,204,4,1,0,0,0,0,0,0,0,0,0,0,0,0,0,0,0,0,0,0,0,0,0,0,0,0,0,0,0,0,0,0,0,0,4,1,1,2,0,1,2,0,1,0,0,4,0,0,0,0,0,23700,63000,51,1,5,0,0,0,0,0,0,0,14,2,1,5,0,0,0,1,5,5,5,2,1,0,0,0,0,0,0,0,0,1,1950,5,2,5,5,5,5,5,5,5,5,5,5,5,5,5,5,5,5,5,5,5,5,5,5,99999,11,12,1997,3
3,4777,3,4,6,5,1997,3,4,40,36,0,1,0,0,0,0,0,0,0,0,0,0,0,0,0,0,0,0,0,0,0,0,0,0,0,0,0,0,0,0,0,0,0,0,3,1,0,0,1,1,0,0,0,1,0,3,0,0,0,0,0,27000,64800,52,1,1,1,1,1,5,5,5,99,150,3,1,5,0,0,0,1,1,1,1,2,1,2,0,1,0,0,0,1,0,1,1967,5,3,1,5,1,5,1,1,5,5,5,5,5,5,5,5,5,5,5,5,5,1,5,5,99999,6,6,1997,5
3,442,2,4,5,29,1997,60,5,55,120,0,5,1,1,2,3,3,3,3,2,2,3,3,2,3,2,3,3,3,3,3,3,3,3,3,3,3,2,3,3,3,3,3,3,5,1,1,7,0,0,0,1,0,4,0,5,0,0,0,0,0,21600,64800,51,1,1,1,1,1,5,5,5,99,65,3,9,5,0,0,0,3,5,5,5,2,1,0,0,0,0,0,0,0,0,1,1948,5,2,5,5,1,5,1,5,1,1,5,9,5,5,5,5,5,5,5,5,5,5,5,5,14000,5,99,1997,3
3,2618,5,4,4,29,1997,8,3.5,14,24,2,5,1,1,1,2,3,3,2,3,2,3,3,2,3,3,2,3,3,3,3,3,3,3,3,3,3,3,3,3,3,3,3,3,2,1,0,0,0,0,0,0,0,1,1,1,0,0,1,0,0,23400,81000,52,1,1,1,1,1,1,5,5,99,2.5,1,1,5,0,0,0,3,5,5,9,2,1,2,0,0,0,1,0,0,1,1,1960,5,5,1,5,5,1,1,1,1,1,5,9,5,1,5,5,5,5,5,5,5,5,5,9,897,4,29,1997,2
3,2024,4,4,4,11,1997,31,2,19,108,0,1,0,0,0,0,0,0,0,0,0,0,0,0,0,0,0,0,0,0,0,0,0,0,0,0,0,0,0,0,0,0,0,0,99,9,9,9,9,9,9,9,99,9,9,99,99,9,9,9,9,99999,99999,99,9,9,9,9,9,9,9,9,99,999,9,9,9,99,9,9,9,9,9,9,9,9,9,9,9,9,9,9,9,99,9,9999,9,9,9,9,9,9,9,9,9,9,9,9,9,9,9,9,9,9,9,9,9,9,9,9,99999,4,11,1997,5
3,2024,5,4,4,11,1997,7,2,19,108,0,1,0,0,0,0,0,0,0,0,0,0,0,0,0,0,0,0,0,0,0,0,0,0,0,0,0,0,0,0,0,0,0,0,99,9,9,9,9,9,9,9,99,9,9,99,99,9,9,9,9,99999,99999,99,9,9,9,9,9,9,9,9,99,999,9,9,9,99,9,9,9,9,9,9,9,9,9,9,9,9,9,9,9,99,9,9999,9,9,9,9,9,9,9,9,9,9,9,9,9,9,9,9,9,9,9,9,9,9,9,9,99999,4,11,1997,5
3,3542,4,4,5,21,1997,3,5,50,999,1,1,0,0,0,0,0,0,0,0,0,0,0,0,0,0,0,0,0,0,0,0,0,0,0,0,0,0,0,0,0,0,0,0,7,1,1,99,2,2,1,1,0,0,1,7,0,0,0,0,0,21600,64800,50,9,1,1,1,1,5,5,1,6,60,3,9,1,1,9,0,9,9,9,9,2,9,9,9,9,9,9,9,9,99,1,1964,5,3,9,9,9,9,9,9,9,9,9,1,5,5,5,5,5,5,5,5,5,1,5,9,15000,5,21,1997,3
3,4633,4,1,11,1,1997,36,2.5,7,999,0,5,9,9,9,9,9,9,9,9,9,9,9,9,9,9,9,9,9,9,9,9,9,9,9,9,9,9,9,9,9,9,9,9,1,1,0,0,0,0,0,1,0,0,0,1,0,0,0,0,0,25200,82800,52,3,1,1,1,1,1,5,9,99,0,9,9,5,0,0,0,4,5,5,5,2,2,0,0,0,0,0,0,0,0,1,1947,5,7,5,5,1,5,5,5,5,5,5,5,5,5,5,5,5,5,5,5,5,5,5,5,0,11,4,1997,2
3,128,3,4,4,11,1997,8,1,1.5,999,0,5,2,1,2,3,3,3,3,3,3,2,3,3,3,3,3,3,3,3,2,3,3,3,3,3,3,3,3,3,3,3,3,3,21,2,9,9,0,0,0,8,7,0,6,20,0,0,1,0,0,99999,99999,30,9,5,0,0,0,0,0,0,0,0,9,9,9,99,9,9,9,9,9,9,2,9,9,9,9,9,9,9,9,99,1,1959,5,3,9,9,9,9,9,9,9,9,9,9,5,5,5,5,5,5,5,1,1,5,1,5,7000,4,8,1997,2
3,2160,3,3,11,24,1997,32,3.5,32,240,0,1,0,0,0,0,0,0,0,0,0,0,0,0,0,0,0,0,0,0,0,0,0,0,0,0,0,0,0,0,0,0,0,0,2,1,0,0,0,1,2,0,1,0,0,4,0,0,0,0,0,19800,61200,52,1,1,1,1,1,5,5,5,99,10,2,1,5,0,0,0,4,5,5,5,2,4,0,0,0,0,0,0,0,0,1,1927,5,1,1,5,5,5,5,5,5,5,5,5,9,9,9,9,9,9,9,9,9,9,9,9,1000,11,24,1997,1
3,6170,3,4,12,5,1997,3.5,5,47.5,264,3,1,0,0,0,0,0,0,0,0,0,0,0,0,0,0,0,0,0,0,0,0,0,0,0,0,0,0,0,0,0,0,0,0,6,1,0,0,1,2,1,1,1,0,0,5,0,0,0,0,1,21600,63000,50,1,1,1,1,1,5,5,1,5,17,2,1,5,0,0,0,1,1,1,1,2,1,1,0,0,0,0,0,0,1,1,1956,5,3,1,5,1,1,1,5,5,5,5,5,5,5,5,5,5,5,5,5,1,5,5,1,22000,12,2,1997,2
3,4967,3,4,99,99,9999,14,5.5,25,999,99,1,0,0,0,0,0,0,0,0,0,0,0,0,0,0,0,0,0,0,0,0,0,0,0,0,0,0,0,0,0,0,0,0,1,1,9,9,0,0,0,0,0,0,0,1,0,0,0,0,0,99999,61200,99,1,1,1,5,1,5,5,5,99,80,5,1,5,0,0,0,4,5,5,5,2,4,0,0,0,0,0,0,0,0,1,9999,5,2,5,5,5,5,5,5,5,5,5,5,5,5,5,5,5,5,5,5,5,5,5,5,800,99,99,9999,9
3,2479,4,3,10,22,1997,4,5,40,4,0,5,1,1,1,2,3,2,3,3,2,3,3,3,3,3,3,3,3,3,2,2,3,3,3,3,2,3,3,2,3,3,3,3,1,1,3,10,0,0,0,0,1,0,0,1,0,0,0,0,0,28800,57600,40,1,1,1,1,1,5,5,9,99,25,3,1,5,0,0,0,4,5,5,5,2,4,3,0,0,0,0,0,0,3,1,1961,5,3,5,5,5,5,5,5,5,5,5,5,5,5,5,5,5,5,5,5,5,5,5,5,99999,10,23,1997,4
3,4339,5,4,5,9,1997,3,5,55,6,0,5,1,1,1,2,3,3,3,3,3,3,3,3,3,3,3,3,3,3,2,3,3,3,3,3,2,3,3,3,3,3,2,2,12,1,1,37.5,3,3,1,3,2,1,1,12,0,0,0,2,0,23400,66600,52,1,1,1,1,1,5,5,5,99,11,2,1,5,0,0,0,1,1,5,5,2,1,2,0,0,0,0,1,0,1,1,1965,5,3,1,5,1,5,1,5,5,5,5,5,5,5,5,5,5,5,5,5,5,5,5,1,20000,5,13,1997,2
3,859,3,4,4,23,1997,9,4,30,120,0,1,0,0,0,0,0,0,0,0,0,0,0,0,0,0,0,0,0,0,0,0,0,0,0,0,0,0,0,0,0,0,0,0,1,1,0,0,0,1,0,0,0,0,0,1,0,0,0,0,0,32400,72000,52,1,1,1,5,1,1,5,5,99,0,9,9,5,0,0,0,4,5,5,5,2,1,0,0,0,0,0,0,0,0,1,1953,5,3,1,5,1,5,1,1,5,1,5,5,5,5,5,5,5,5,5,5,5,1,5,5,0,4,23,1997,3
3,2849,7,4,5,20,1997,9,1,2.5,999,0,5,2,2,2,2,3,2,3,2,1,2,2,2,3,2,2,3,2,2,2,2,2,2,3,3,3,2,3,3,3,3,2,2,6,1,9,9,0,0,0,3,3,0,0,6,0,0,0,0,0,31500,41400,36,9,1,1,5,5,5,5,5,99,999,9,9,5,0,0,0,9,9,9,9,2,9,9,9,9,9,9,9,9,99,1,1955,5,4,9,9,9,9,9,9,9,9,9,9,5,1,5,5,5,5,5,1,5,5,5,5,5000,5,31,1997,3
3,3858,3,4,10,8,1997,1,3,27,12,0,1,0,0,0,0,0,0,0,0,0,0,0,0,0,0,0,0,0,0,0,0,0,0,0,0,0,0,0,0,0,0,0,0,2,1,0,0,0,1,3,0,1,0,0,4,0,0,1,0,0,25200,63000,52,1,1,1,1,1,1,5,1,5,80,3,1,5,0,0,0,1,1,5,1,2,1,2,0,0,1,0,1,0,0,1,1971,5,3,1,9,5,1,1,1,5,5,1,5,5,5,5,5,5,5,5,5,1,1,5,9,6000,10,8,1997,3
3,2186,5,4,5,14,1997,24,4.5,35,120,7,1,0,0,0,0,0,0,0,0,0,0,0,0,0,0,0,0,0,0,0,0,0,0,0,0,0,0,0,0,0,0,0,0,2,1,3,5,1,0,1,0,0,0,0,2,0,0,0,0,0,21600,72000,50,1,1,1,1,1,1,5,5,99,25,2,1,5,0,0,0,3,5,5,5,2,1,3,0,0,0,0,0,0,3,3,1962,5,3,1,1,1,5,1,1,5,5,5,9,5,5,5,5,5,5,9,5,5,5,5,9,10000,5,15,1997,4
3,3996,5,4,5,6,1997,24,5,50,66,0,1,0,0,0,0,0,0,0,0,0,0,0,0,0,0,0,0,0,0,0,0,0,0,0,0,0,0,0,0,0,0,0,0,12,1,3,72,2,0,3,2,3,2,0,11,1,0,0,0,0,23400,64800,52,1,1,1,1,1,5,5,1,10,100,3,1,5,0,0,0,1,1,5,5,2,1,0,0,0,0,0,0,0,0,1,1970,5,4,1,5,1,5,1,1,5,1,5,5,5,5,5,5,5,5,5,5,1,5,5,5,12000,5,8,1997,4
3,2066,3,1,5,15,1997,42,4,36,42,99,1,0,0,0,0,0,0,0,0,0,0,0,0,0,0,0,0,0,0,0,0,0,0,0,0,0,0,0,0,0,0,0,0,2,1,0,0,0,0,0,2,0,0,0,2,0,0,0,0,0,25200,99999,99,5,9,9,9,9,9,9,9,99,0,9,9,5,0,0,0,4,5,5,5,2,1,0,0,0,0,0,0,0,0,1,1931,5,3,5,5,5,5,5,5,5,5,5,5,5,5,5,5,5,5,5,5,5,5,5,5,0,5,15,1997,4
3,4090,3,4,6,4,1997,3,5,50,999,0,5,2,2,2,2,3,3,2,3,2,3,3,2,2,3,2,3,3,3,3,2,2,3,3,3,3,3,1,3,3,3,3,3,99,7,2,3.5,0,0,1,0,1,0,0,2,0,0,0,0,0,19800,77400,50,1,1,1,1,1,1,5,5,99,150,3,2,5,0,0,0,7,1,5,5,2,5,0,0,0,0,0,0,0,0,1,1976,1,2,5,5,5,5,1,1,5,5,5,5,9,9,9,9,9,9,9,5,5,5,5,1,7800,6,2,1997,1
3,4090,4,4,6,4,1997,3,5,50,999,0,1,0,0,0,0,0,0,0,0,0,0,0,0,0,0,0,0,0,0,0,0,0,0,0,0,0,0,0,0,0,0,0,0,99,7,2,3.5,0,0,1,0,1,0,0,2,0,0,0,0,0,19800,77400,50,1,1,1,1,1,1,5,5,99,150,3,2,5,0,0,0,7,1,5,5,2,5,0,0,0,0,0,0,0,0,1,1976,1,2,5,5,5,5,1,1,5,5,5,5,9,9,9,9,9,9,9,5,5,5,5,1,7800,6,2,1997,1
3,1224,3,4,4,15,1997,3,5,25,48,1,1,0,0,0,0,0,0,0,0,0,0,0,0,0,0,0,0,0,0,0,0,0,0,0,0,0,0,0,0,0,0,0,0,4,1,1,99,1,2,1,0,0,0,0,5,0,0,0,0,0,27000,61200,40,1,5,0,0,0,0,0,0,0,150,3,1,5,0,0,0,1,5,1,5,2,1,0,0,0,0,0,0,0,0,1,1947,5,2,5,5,5,5,5,5,5,5,5,9,5,5,5,5,5,5,5,5,5,5,5,5,6000,4,15,1997,2
3,722,3,1,11,23,1997,24,5,47,300,7,5,9,9,9,3,3,3,3,3,3,3,3,3,3,3,3,3,3,3,3,3,3,3,3,3,2,3,3,3,3,3,3,3,2,1,2,15,0,0,0,0,1,0,1,2,0,0,0,0,0,18000,64800,52,1,1,9,9,9,9,9,9,99,999,9,9,9,99,9,9,9,9,9,9,2,2,1,0,0,0,0,0,0,1,1,1953,5,3,1,5,1,1,1,1,5,5,1,9,5,5,5,5,5,5,5,5,5,5,5,9,2080,11,27,1997,4
3,280,3,1,5,2,1997,4,2,17.5,999,99,1,0,0,0,0,0,0,0,0,0,0,0,0,0,0,0,0,0,0,0,0,0,0,0,0,0,0,0,0,0,0,0,0,0,2,9,9,1,0,0,0,0,0,0,1,0,0,0,0,0,37800,57600,99,9,1,5,1,5,5,5,9,99,0,9,9,5,0,0,0,4,5,5,5,2,4,0,0,0,0,0,0,0,0,1,1924,9,2,1,5,5,5,5,5,5,5,5,5,5,5,5,5,5,5,9,5,5,5,5,5,0,5,2,1997,5
3,2192,3,4,6,26,1997,1,5,40,180,0,5,2,2,2,2,3,3,2,2,2,3,3,3,3,3,2,3,3,3,3,2,3,3,2,3,2,3,2,2,3,2,2,2,4,1,0,0,1,0,2,0,0,1,2,6,0,0,0,0,0,19800,57600,52,1,1,1,1,1,5,5,5,99,50,3,2,5,0,0,0,3,5,5,5,2,1,2,0,0,0,0,0,1,1,1,1966,5,1,5,5,5,5,5,5,5,5,5,5,5,5,5,5,5,5,5,5,5,5,5,5,99998,5,26,1997,3
3,3823,3,1,5,22,1997,18,4,40,999,0,1,0,0,0,0,0,0,0,0,0,0,0,0,0,0,0,0,0,0,0,0,0,0,0,0,0,0,0,0,0,0,0,0,2,1,0,0,1,0,1,0,0,0,0,99,99,9,9,9,9,25200,99999,52,1,1,1,1,1,5,5,5,99,75,3,2,5,0,0,0,4,5,5,5,2,3,0,0,0,0,0,0,0,0,1,1943,5,4,1,5,1,5,1,1,5,5,5,9,5,5,5,5,5,5,5,5,5,5,5,5,3000,5,22,1997,4
3,3823,4,1,5,22,1997,2.5,4,40,999,0,1,0,0,0,0,0,0,0,0,0,0,0,0,0,0,0,0,0,0,0,0,0,0,0,0,0,0,0,0,0,0,0,0,2,1,0,0,1,0,1,0,0,0,0,99,99,9,9,9,9,25200,99999,52,1,1,5,5,5,5,1,5,99,75,3,2,5,0,0,0,4,5,5,5,2,3,9,9,9,9,9,9,9,99,1,1943,5,4,1,5,1,5,1,1,5,5,5,9,5,5,5,5,5,5,5,5,5,5,5,5,3000,5,22,1997,4
3,5898,3,4,11,7,1997,8,3,15,8,0,1,0,0,0,0,0,0,0,0,0,0,0,0,0,0,0,0,0,0,0,0,0,0,0,0,0,0,0,0,0,0,0,0,1,1,0,0,1,0,0,0,0,0,0,1,0,0,0,0,0,48600,64800,50,1,1,1,5,5,1,5,5,99,6,2,1,5,0,0,0,4,5,5,5,2,1,2,0,0,0,0,0,0,2,1,1964,5,2,5,5,5,5,5,5,5,5,5,5,5,5,5,5,5,5,5,5,5,5,5,5,1000,11,7,1997,5
3,4527,4,4,11,12,1997,18,5,9,120,2,5,2,2,2,2,3,3,3,3,2,2,3,3,3,3,2,3,3,3,3,3,3,3,3,3,2,3,2,3,3,3,3,3,5,1,1,40,1,1,0,2,1,0,0,0,5,0,0,0,0,21600,64800,52,1,1,5,1,1,5,5,5,99,25,3,1,5,0,0,0,4,5,5,5,2,2,2,0,0,0,0,0,0,2,2,1943,5,2,5,5,5,5,5,5,5,5,5,9,5,5,5,5,5,5,9,5,5,5,5,9,99999,11,12,1997,2
3,781,4,4,4,23,1997,24,5,40,999,1,1,0,0,0,0,0,0,0,0,0,0,0,0,0,0,0,0,0,0,0,0,0,0,0,0,0,0,0,0,0,0,0,0,6,1,9,9,0,0,2,0,3,1,0,6,0,0,0,0,0,99999,99999,99,9,9,9,9,9,9,9,9,99,999,9,9,9,99,9,9,9,9,9,9,2,9,9,9,9,9,9,9,9,99,1,1956,5,4,9,9,9,9,9,9,9,9,9,9,1,5,5,5,5,5,5,1,5,5,5,5,25000,4,22,1997,3
3,1379,3,4,6,19,1997,24,3.5,9,288,7,5,2,2,2,2,3,3,3,2,3,3,3,2,3,3,3,3,3,3,3,3,3,3,3,3,3,3,3,3,3,3,3,3,5,1,0,0,0,1,1,0,2,0,1,5,0,0,0,0,0,25200,61200,51,1,1,1,1,1,5,5,5,99,9,2,1,5,0,0,0,1,5,5,5,2,1,0,0,0,0,0,0,0,0,1,1939,5,2,1,9,9,9,1,9,9,9,9,9,9,9,9,9,9,9,9,9,9,1,9,1,99999,6,19,1997,3
3,1656,3,1,99,99,9999,9,3,18,9,3,1,0,0,0,0,0,0,0,0,0,0,0,0,0,0,0,0,0,0,0,0,0,0,0,0,0,0,0,0,0,0,0,0,0,9,0,0,0,0,1,0,0,0,0,1,0,0,0,0,0,32400,57600,99,1,1,5,1,1,5,5,5,99,0,9,9,9,99,9,9,3,5,5,5,2,1,0,0,0,0,0,0,0,0,1,1931,5,2,5,5,1,5,5,5,5,5,5,9,9,9,9,9,9,9,9,5,5,5,5,9,99999,99,99,9999,2
3,5002,2,4,10,8,1997,6,4.5,23.5,108,98,5,1,2,1,2,3,2,3,3,3,3,3,3,3,3,3,3,3,2,2,2,3,2,2,3,2,2,2,2,3,3,3,2,1,1,0,0,0,0,0,1,0,0,0,1,0,0,0,0,0,25200,79200,99,1,1,1,1,1,1,5,5,99,2.5,1,1,5,0,0,0,4,5,5,5,2,1,1,0,1,0,0,0,0,0,1,1971,5,7,1,1,1,9,1,1,1,9,9,9,1,9,9,9,9,9,9,5,5,5,5,5,99999,10,9,1997,4
3,5446,3,3,99,99,1997,11,5,40,216,4,1,0,0,0,0,0,0,0,0,0,0,0,0,0,0,0,0,0,0,0,0,0,0,0,0,0,0,0,0,0,0,0,0,1,1,9,9,1,0,0,0,0,0,0,0,1,0,0,0,0,21600,59400,99,1,1,5,1,1,5,5,5,99,45,3,9,5,0,0,0,4,5,5,5,2,3,9,9,9,9,9,9,9,99,2,1944,5,2,5,5,5,5,5,5,5,5,5,5,9,9,9,9,9,9,9,5,5,5,5,5,2160,10,14,1997,2
3,3164,3,3,7,7,1997,15,3,99,300,1,1,0,0,0,0,0,0,0,0,0,0,0,0,0,0,0,0,0,0,0,0,0,0,0,0,0,0,0,0,0,0,0,0,99,1,0,0,0,1,1,0,1,1,7,10,0,0,0,0,8,99999,99999,52,1,1,1,1,1,1,1,5,99,50,3,1,5,0,0,0,3,5,5,5,2,5,0,0,0,0,0,0,0,0,1,1955,5,3,5,5,5,5,5,5,5,5,5,9,5,5,5,5,5,5,9,5,5,5,5,9,99999,7,1,1997,2
3,5306,4,3,7,7,1997,30,5,8,120,0,5,2,2,2,2,3,3,3,3,3,3,3,2,3,3,3,3,3,3,2,2,3,3,3,3,2,2,2,3,3,3,3,3,5,1,0,0,0,1,1,2,0,0,2,0,3,2,0,0,0,25200,66600,42,1,1,1,5,1,1,5,1,99,50,3,1,1,3,1,0,1,1,5,5,2,2,0,0,0,0,0,0,0,0,2,1942,5,2,1,1,1,9,1,9,9,9,9,9,1,9,9,9,9,9,9,9,1,1,9,9,16000,7,5,1997,5
3,1464,3,4,99,99,9999,8,5,10,156,2,1,0,0,0,0,0,0,0,0,0,0,0,0,0,0,0,0,0,0,0,0,0,0,0,0,0,0,0,0,0,0,0,0,6,1,0,0,1,1,2,0,2,0,0,6,0,0,0,0,0,23400,63000,51,1,1,1,5,1,5,5,5,99,70,3,1,5,0,0,0,2,1,5,5,2,1,0,0,0,0,0,0,0,0,1,1946,5,2,5,5,5,5,5,5,5,5,5,5,5,5,5,5,5,5,5,5,5,5,5,5,30000,5,16,1997,5
3,1655,4,4,4,8,1997,9,1.5,6,42,99,1,0,0,0,0,0,0,0,0,0,0,0,0,0,0,0,0,0,0,0,0,0,0,0,0,0,0,0,0,0,0,0,0,15,1,1.5,5,1,2,4,1,3,2,3,16,0,0,0,0,0,27000,63000,48,1,1,1,5,1,5,5,5,99,3.5,1,1,5,0,0,0,3,5,5,5,2,1,1,0,0,0,0,1,0,0,1,1960,5,3,1,5,1,5,5,1,5,5,5,1,5,5,5,5,5,5,5,5,5,5,5,5,27500,4,8,1997,2
3,1137,3,4,5,21,1997,12,5,20,72,1,5,1,2,1,3,3,3,3,3,3,2,3,3,3,3,2,3,3,3,3,3,3,3,3,3,3,3,3,3,3,3,3,3,2,1,1,4,0,0,0,0,0,0,2,2,0,0,0,0,0,43200,61200,52,1,1,1,5,1,5,5,5,99,75,3,2,5,0,0,0,3,5,5,5,2,1,2,0,0,0,0,1,0,1,1,1962,5,1,5,5,5,5,5,5,5,5,5,5,5,5,5,5,5,5,5,5,5,5,5,5,99999,5,21,1997,3
3,4672,3,4,5,2,1997,36,4.5,20,36,99,5,2,2,2,3,3,3,2,3,3,3,3,2,3,2,3,3,3,3,3,3,3,3,3,3,3,3,3,3,3,3,3,3,2,1,1,.5,0,0,0,1,1,0,0,2,0,0,0,0,0,25200,79200,52,1,1,1,1,1,1,5,5,99,100,3,2,5,0,0,0,3,5,5,5,2,3,3,0,0,0,1,0,1,1,1,1957,5,3,5,5,1,5,1,1,5,5,5,5,5,5,5,5,5,5,5,5,5,5,5,5,4800,5,9,1997,9
3,4672,4,4,5,2,1997,36,4.5,20,36,99,5,2,2,2,3,3,3,3,3,3,3,3,3,3,3,3,3,3,3,3,3,3,3,3,3,3,2,2,3,3,3,3,3,2,1,1,.5,0,0,0,1,1,0,0,2,0,0,0,0,0,25200,79200,52,1,1,1,1,1,1,5,5,99,100,3,2,5,0,0,0,3,5,5,5,2,3,3,0,0,0,1,0,1,1,1,1957,5,3,5,5,1,5,5,1,5,5,5,5,5,5,5,5,5,5,5,5,5,5,5,5,4800,5,9,1997,9
3,4939,4,4,1,7,1998,30,3,24,120,2,1,0,0,0,0,0,0,0,0,0,0,0,0,0,0,0,0,0,0,0,0,0,0,0,0,0,0,0,0,0,0,0,0,4,1,2,3,0,1,2,0,1,0,0,3,0,0,1,0,0,99999,70200,50,1,1,1,5,1,5,5,9,99,30,2,1,5,0,0,0,4,5,5,5,2,1,2,0,0,0,0,0,1,1,1,1955,5,4,1,5,5,5,5,1,1,1,1,9,1,1,1,9,9,9,9,5,5,5,5,5,16000,1,7,1998,3
3,2153,4,3,4,3,1997,19,5,50,36,0,1,0,0,0,0,0,0,0,0,0,0,0,0,0,0,0,0,0,0,0,0,0,0,0,0,0,0,0,0,0,0,0,0,5,1,9,9,2,1,1,0,1,0,0,5,0,0,0,0,0,25200,63000,52,1,1,1,1,1,5,5,1,99,1.5,1,1,5,0,0,0,2,1,1,5,2,1,2,0,1,0,0,0,0,1,1,1970,5,2,1,5,5,5,1,5,5,5,5,5,5,5,5,5,5,5,5,5,5,5,5,5,1200,4,3,1997,4
3,2922,8,4,4,7,1997,12,5,47.5,96,1,5,1,1,2,2,3,2,2,3,2,3,3,2,2,3,3,3,3,2,3,2,2,3,3,3,3,3,2,3,3,3,2,3,3,2,0,0,0,1,0,1,1,0,0,3,0,0,0,0,0,27000,61200,52,1,1,1,1,1,5,5,9,99,162,3,2,5,0,0,0,1,5,5,5,2,5,1,0,0,0,0,0,0,0,1,1972,5,3,1,1,1,1,1,1,5,1,5,5,1,5,5,5,5,5,5,5,5,5,5,5,7920,4,1,1997,5
3,2922,9,4,4,7,1997,12,5,47.5,96,1,1,0,0,0,0,0,0,0,0,0,0,0,0,0,0,0,0,0,0,0,0,0,0,0,0,0,0,0,0,0,0,0,0,3,2,0,0,0,1,0,1,1,0,0,3,0,0,0,0,0,27000,61200,52,1,1,1,1,1,5,5,9,99,162,3,2,5,0,0,0,1,5,5,5,2,5,1,0,0,0,0,0,0,0,1,1972,5,3,1,1,1,1,1,1,5,1,5,5,1,5,5,5,5,5,5,5,5,5,5,5,7920,4,1,1997,5
3,5156,3,4,1,26,1998,5,4.5,22,5,4,1,0,0,0,0,0,0,0,0,0,0,0,0,0,0,0,0,0,0,0,0,0,0,0,0,0,0,0,0,0,0,0,0,1,1,0,0,0,0,1,0,0,0,0,1,0,0,0,0,0,27000,57600,44,3,1,1,1,1,5,5,5,99,25,2,1,5,0,0,0,3,5,5,5,2,3,1,0,0,1,0,0,0,0,1,1960,5,2,5,5,5,5,5,5,5,5,5,9,5,5,5,5,5,5,5,5,5,5,5,5,5000,1,26,1998,1
3,5311,3,4,6,5,1997,18,5,35,84,1,1,0,0,0,0,0,0,0,0,0,0,0,0,0,0,0,0,0,0,0,0,0,0,0,0,0,0,0,0,0,0,0,0,5,7,0,0,0,1,2,1,1,0,0,5,0,0,0,0,0,27000,63000,50,1,1,1,1,1,5,5,1,5,5,1,1,5,0,0,0,2,1,1,5,2,1,0,0,0,0,0,0,0,0,1,1969,5,4,1,5,5,5,1,1,1,1,5,5,1,5,5,5,5,5,5,1,5,5,5,5,18000,6,5,1997,4
3,6272,3,4,11,12,1997,18,5,7,18,2,5,3,2,3,2,3,3,3,3,2,3,3,3,3,3,3,3,3,3,2,2,3,3,3,3,2,3,3,3,3,3,3,3,2,7,9,9,0,0,1,0,1,0,0,2,0,0,0,0,0,23400,70200,5,1,1,1,1,1,5,5,5,99,150,4,2,5,0,0,0,3,5,5,5,2,1,4,0,0,0,0,0,0,4,1,1962,5,1,5,5,5,5,5,5,5,5,5,5,5,5,5,5,5,5,5,5,5,5,5,1,3000,11,12,1997,9
3,6272,4,4,11,12,1997,99,5,99,18,2,1,0,0,0,0,0,0,0,0,0,0,0,0,0,0,0,0,0,0,0,0,0,0,0,0,0,0,0,0,0,0,0,0,2,7,0,0,0,0,1,0,1,0,0,2,0,0,0,0,0,23400,70200,5,1,1,1,1,1,5,5,5,99,150,4,2,5,0,0,0,3,5,5,5,2,1,4,0,0,0,0,0,0,4,1,1962,5,1,5,5,5,5,5,5,5,5,5,5,5,5,5,5,5,5,5,5,5,5,5,1,3000,11,12,1997,9
3,3592,3,4,9,30,1997,6,5,20,168,2,1,0,0,0,0,0,0,0,0,0,0,0,0,0,0,0,0,0,0,0,0,0,0,0,0,0,0,0,0,0,0,0,0,6,1,0,0,0,1,2,0,2,0,1,6,0,0,0,0,0,27000,63000,48,1,1,1,1,1,5,5,1,1,90,3,1,5,0,0,0,2,1,5,1,2,1,0,0,0,0,0,0,0,0,1,1952,5,3,1,9,9,1,1,1,9,1,9,9,9,9,9,9,9,9,9,5,5,5,5,5,99999,9,29,1997,1
3,4553,5,4,7,16,1997,12,4,32,12,99,1,0,0,0,0,0,0,0,0,0,0,0,0,0,0,0,0,0,0,0,0,0,0,0,0,0,0,0,0,0,0,0,0,1,1,0,0,0,1,0,0,0,0,0,1,0,0,0,0,0,30300,56100,33,1,1,1,1,1,5,5,5,99,15,2,1,5,0,0,0,4,5,5,5,2,1,1,0,0,0,1,0,0,0,1,1960,1,1,5,5,5,5,5,5,5,5,5,5,5,5,5,5,5,5,5,5,5,5,5,5,1600,7,16,1997,1
3,4245,3,3,5,16,1997,9,3,10,9,0,1,0,0,0,0,0,0,0,0,0,0,0,0,0,0,0,0,0,0,0,0,0,0,0,0,0,0,0,0,0,0,0,0,1,1,2,2,0,0,1,0,0,0,0,1,0,0,0,0,0,27000,64800,52,1,1,1,1,1,1,5,5,99,2,1,1,5,0,0,0,4,5,5,5,2,1,2,0,0,0,0,0,0,2,1,1963,5,7,5,5,1,5,5,5,5,5,5,5,5,5,5,5,5,5,5,5,5,5,5,5,2500,99,99,9999,1
3,2657,4,4,99,99,9999,2.5,5,3.5,240,99,5,2,2,2,2,3,3,2,2,2,3,3,3,3,3,3,3,3,2,3,2,2,3,3,3,3,3,3,2,3,3,3,2,4,1,2,2.5,0,0,0,1,0,0,3,4,0,0,0,0,0,27000,64800,50,1,1,1,5,1,1,5,5,99,10,2,3,5,0,0,0,4,5,5,5,2,1,2,0,0,0,0,0,0,2,1,1953,5,3,9,5,1,5,1,1,5,5,5,5,5,5,5,5,5,5,9,5,5,5,5,5,99999,99,99,9999,9
3,4198,3,4,5,1,1997,48,2,14,108,6,5,2,2,2,2,3,3,2,3,2,2,3,2,2,2,2,3,3,3,2,2,3,3,3,2,2,2,3,3,3,3,3,3,16,1,9,9,1,0,1,6,1,2,5,14,0,2,0,0,0,25200,66600,50,1,1,1,1,1,5,5,1,99,1.75,1,2,5,0,0,0,1,1,5,5,2,2,1,0,0,0,0,0,0,1,1,1960,5,9,1,5,1,1,5,5,5,5,5,5,5,5,5,5,5,5,5,5,5,5,5,5,31000,5,1,1997,4
3,1088,3,4,7,14,1997,24,5,50,156,0,1,0,0,0,0,0,0,0,0,0,0,0,0,0,0,0,0,0,0,0,0,0,0,0,0,0,0,0,0,0,0,0,0,5,1,1,50,1,0,2,1,1,0,0,99,99,9,9,9,9,25200,64800,48,1,5,0,0,0,0,0,0,0,130,3,1,5,0,0,0,1,1,1,5,2,2,1,0,0,0,0,0,0,1,3,1944,1,2,1,1,1,9,1,9,9,9,9,9,9,9,9,9,9,1,9,9,1,9,9,9,40000,99,99,9999,9
3,5969,4,1,11,22,1997,24,5,9,24,0,5,1,1,1,2,3,3,3,3,1,3,3,3,2,3,2,3,1,3,2,2,2,3,3,3,3,3,3,3,3,3,3,3,2,1,0,0,0,0,0,1,0,1,0,2,0,0,0,0,0,21600,99999,52,3,1,1,1,1,1,5,5,99,60,3,2,5,0,0,0,3,5,5,5,2,1,0,0,0,0,0,0,0,0,1,1947,5,3,5,5,1,5,5,5,5,5,5,5,5,5,5,5,5,5,5,5,5,5,5,5,99998,11,22,1997,9
3,2421,3,1,4,21,1997,7,5,9,7,99,1,0,0,0,0,0,0,0,0,0,0,0,0,0,0,0,0,0,0,0,0,0,0,0,0,0,0,0,0,0,0,0,0,0,2,9,9,1,0,0,0,0,0,0,99,99,9,9,9,9,99999,99999,99,9,1,1,1,1,1,5,9,99,999,9,9,9,99,9,9,9,9,9,9,2,1,9,9,9,9,9,9,9,99,1,1949,5,2,5,9,9,9,9,9,9,9,9,9,9,9,9,9,9,9,9,9,9,9,9,9,99999,4,21,1997,1
3,5983,3,4,11,9,1997,12,4,23,24,0,1,0,0,0,0,0,0,0,0,0,0,0,0,0,0,0,0,0,0,0,0,0,0,0,0,0,0,0,0,0,0,0,0,1,1,0,0,0,1,0,0,0,0,0,1,0,0,0,0,0,23400,39600,99,1,1,1,1,5,5,5,5,99,7,2,1,5,0,0,0,4,5,5,5,2,1,1,0,1,0,0,0,0,0,1,1977,5,2,1,1,1,5,1,5,5,5,5,5,1,5,5,5,5,5,5,9,9,9,9,9,1232,11,7,1997,5
3,2068,4,3,5,15,1997,12,3.5,24,240,0,1,0,0,0,0,0,0,0,0,0,0,0,0,0,0,0,0,0,0,0,0,0,0,0,0,0,0,0,0,0,0,0,0,3,1,0,0,0,1,0,0,0,2,0,3,0,0,0,0,0,25200,99999,52,9,1,1,5,1,1,5,5,99,3,1,2,5,0,0,0,4,5,5,5,2,3,2,0,0,0,0,0,0,2,1,1950,5,4,1,9,1,9,1,1,9,9,1,9,5,5,5,5,5,5,5,5,5,5,5,9,99998,5,16,1997,4
3,4937,3,4,6,2,1997,99,2,8,999,2,5,1,1,2,3,3,3,3,3,3,3,3,3,3,3,3,3,3,3,3,3,3,3,3,3,2,3,3,3,3,3,3,3,2,1,0,0,0,0,0,2,0,0,0,2,0,0,0,0,0,21600,64800,52,1,1,1,1,1,1,5,5,99,65,3,9,5,0,0,0,1,1,1,5,2,1,0,0,0,0,0,0,0,0,1,1947,5,2,1,1,5,1,5,5,5,5,5,5,5,5,5,5,5,5,5,5,5,5,1,5,99999,99,99,9999,2
3,5154,5,4,99,99,9999,99,5,9.5,204,4,1,0,0,0,0,0,0,0,0,0,0,0,0,0,0,0,0,0,0,0,0,0,0,0,0,0,0,0,0,0,0,0,0,4,1,9,9,0,0,2,0,0,1,1,4,0,0,0,0,0,23400,64800,52,1,9,9,9,9,9,9,9,99,60,3,2,5,0,0,0,9,9,9,9,2,1,2,0,0,0,0,0,0,2,1,1961,5,2,5,5,1,5,5,5,5,5,5,5,5,5,5,5,5,5,5,5,5,5,5,5,99999,99,99,9999,5
3,5968,3,4,99,99,9999,4,5,8,999,99,5,1,2,3,3,3,3,3,3,3,3,3,3,3,3,3,3,3,2,2,3,3,3,3,3,3,3,2,2,3,3,3,3,4,2,0,0,0,0,2,1,0,1,0,4,0,0,0,0,0,25200,61200,99,1,1,1,1,1,5,5,5,99,60,3,1,5,0,0,0,4,5,5,5,2,1,0,0,0,0,0,0,0,0,1,1940,5,2,5,5,1,5,5,5,5,5,5,5,9,9,9,9,9,9,9,5,5,5,5,5,99999,99,99,9999,3
3,4665,3,1,6,15,1997,24,1,9,72,0,1,0,0,0,0,0,0,0,0,0,0,0,0,0,0,0,0,0,0,0,0,0,0,0,0,0,0,0,0,0,0,0,0,2,1,0,0,1,0,1,0,0,0,0,2,0,0,0,0,0,26100,63000,50,3,1,1,5,1,5,5,5,99,0,9,9,5,0,0,0,4,5,5,5,2,1,0,0,0,0,0,0,0,0,1,1944,5,3,5,5,5,5,5,5,5,5,5,5,5,5,5,5,5,5,5,5,5,5,5,5,0,6,16,1997,1
3,4791,3,1,6,12,1997,46,3.5,28,46,1,5,2,1,1,3,3,3,3,3,3,3,3,3,3,3,3,3,3,3,3,3,3,3,3,3,3,3,3,3,3,3,3,3,0,1,1,8,0,0,0,0,1,0,0,1,0,0,0,0,0,28800,99999,50,1,1,1,1,1,5,5,5,99,0,9,9,5,0,0,0,4,5,5,5,9,1,0,0,0,0,0,0,0,0,1,1941,5,2,5,5,1,5,5,5,5,5,5,5,9,9,9,9,9,9,9,9,9,9,9,9,0,6,10,1997,2
3,2745,3,1,4,21,1997,16,4,25,999,0,5,1,1,2,2,3,3,3,3,3,3,3,3,3,3,3,3,3,3,3,3,3,3,3,3,3,3,3,3,3,3,3,3,1,1,0,0,0,0,0,1,0,0,0,1,0,0,0,0,0,27000,79200,50,1,1,1,1,1,1,5,5,99,0,9,9,5,0,0,0,4,5,5,5,2,1,0,0,0,0,0,0,0,0,1,1939,5,2,5,9,9,9,9,9,9,9,9,9,9,9,9,9,9,9,9,9,9,9,9,9,0,4,21,1997,1
3,4396,4,4,5,5,1998,16,5,50,192,5,1,0,0,0,0,0,0,0,0,0,0,0,0,0,0,0,0,0,0,0,0,0,0,0,0,0,0,0,0,0,0,0,0,3,1,0,0,0,3,0,0,0,0,0,3,0,0,0,0,0,23400,64800,99,1,1,1,1,1,5,5,5,99,80,3,1,5,0,0,0,3,5,5,5,2,1,0,0,0,0,0,0,0,0,1,1941,5,1,1,5,5,5,5,5,5,5,5,9,5,5,5,5,5,5,5,5,5,5,5,5,14000,5,5,1998,2
3,2882,3,4,6,5,1997,48,2.5,30,999,0,1,0,0,0,0,0,0,0,0,0,0,0,0,0,0,0,0,0,0,0,0,0,0,0,0,0,0,0,0,0,0,0,0,1,1,0,0,0,0,0,0,1,0,0,1,0,0,0,0,0,23400,61200,52,3,1,9,9,9,9,9,9,99,10,2,1,5,0,0,0,4,5,5,5,2,1,0,0,0,0,0,0,0,0,1,1955,5,2,5,5,5,5,1,9,5,5,5,5,5,5,5,5,5,5,5,5,5,5,5,5,99999,6,5,1997,4
3,6302,4,3,10,8,1997,48,4,40,300,0,5,2,2,2,2,2,1,2,2,1,3,3,2,2,2,2,3,2,3,2,3,3,2,2,3,2,3,2,2,3,3,3,3,3,1,3,99,0,0,1,1,0,0,2,4,0,0,0,0,0,21600,75600,52,1,1,1,1,1,1,5,5,99,0,9,9,5,0,0,0,3,5,5,5,2,4,0,0,0,0,0,0,0,0,1,1937,5,3,5,9,9,9,9,9,9,9,9,9,9,9,9,9,9,9,9,9,9,9,9,9,0,10,8,1997,3
3,6302,5,3,10,8,1997,33,4,40,300,0,1,0,0,0,0,0,0,0,0,0,0,0,0,0,0,0,0,0,0,0,0,0,0,0,0,0,0,0,0,0,0,0,0,3,1,3,18,0,0,1,0,1,0,1,3,0,0,0,0,0,21600,75600,52,1,1,1,1,1,5,5,5,99,0,9,9,5,0,0,0,3,5,5,5,2,4,0,0,0,0,0,0,0,0,1,1937,5,3,5,5,5,5,5,5,5,5,5,5,5,5,5,5,5,5,5,5,5,5,5,5,0,10,8,1997,3
3,3586,4,1,5,14,1997,17,5,52.5,36,0,1,0,0,0,0,0,0,0,0,0,0,0,0,0,0,0,0,0,0,0,0,0,0,0,0,0,0,0,0,0,0,0,0,2,1,0,0,0,1,0,0,0,0,1,2,0,0,0,0,0,26100,64800,52,3,1,1,1,1,5,5,5,99,0,9,9,5,0,0,0,4,5,5,5,2,1,0,0,0,0,0,0,0,0,1,1937,5,2,5,5,5,5,5,5,5,5,5,9,5,5,5,5,5,5,5,5,5,5,5,5,0,5,14,1997,3
3,2929,4,4,10,16,1997,42,5,32,300,1,5,2,1,1,2,3,3,3,3,3,2,3,3,3,3,3,3,3,3,3,3,3,3,3,3,3,3,3,3,3,3,3,3,6,1,0,0,0,0,3,3,2,0,2,8,0,0,0,0,0,18000,64800,52,1,1,1,1,1,5,5,5,99,1.5,1,1,5,0,0,0,2,1,5,5,2,1,0,0,0,0,0,0,0,0,1,1949,5,2,5,5,5,5,5,5,5,5,1,5,5,5,5,5,5,5,5,5,5,5,5,5,13000,10,17,1997,5
3,10051,2,4,5,8,1997,36,5,47.5,36,2,5,1,1,2,2,1,3,2,2,3,2,3,3,3,3,2,3,3,2,2,3,1,3,3,2,2,3,2,3,3,2,3,3,1,1,0,0,0,0,0,0,1,0,0,0,0,0,1,0,0,22200,55800,52,1,1,5,1,1,5,5,5,99,250,5,1,5,0,0,0,4,5,5,5,2,5,1,0,0,0,0,0,0,1,4,1971,1,3,5,9,1,9,1,9,9,9,9,9,5,5,5,5,5,5,5,5,5,5,5,5,3000,5,8,1997,4
3,4705,3,4,5,29,1997,29,5,40,999,0,1,0,0,0,0,0,0,0,0,0,0,0,0,0,0,0,0,0,0,0,0,0,0,0,0,0,0,0,0,0,0,0,0,1,1,0,0,0,0,1,0,0,0,0,0,1,0,0,0,0,25200,64800,48,5,1,1,1,1,1,5,5,99,999,9,9,5,0,0,0,4,5,5,5,2,2,0,0,0,0,0,0,0,0,2,1921,5,3,5,5,5,5,5,5,5,5,5,5,5,5,5,5,5,5,5,5,5,5,5,5,99999,5,30,1997,5
3,2316,2,4,12,14,1997,48,7,8,999,0,5,2,1,2,2,9,9,9,9,9,3,9,3,1,3,2,3,3,2,1,2,2,3,3,3,2,1,2,2,3,3,3,3,99,9,2,99,9,9,9,9,99,9,9,99,1,9,9,9,9,99999,99999,99,5,1,1,1,1,1,5,5,99,0,9,9,5,0,0,0,9,5,5,5,2,1,0,0,0,0,0,0,0,0,2,1958,5,1,5,5,5,5,5,5,5,5,5,5,5,5,5,5,5,5,5,5,5,5,5,5,0,12,14,1997,2
3,4679,5,2,5,19,1997,3,5,40,9,0,1,0,0,0,0,0,0,0,0,0,0,0,0,0,0,0,0,0,0,0,0,0,0,0,0,0,0,0,0,0,0,0,0,5,1,0,0,0,0,2,0,1,0,2,0,5,0,0,0,0,27000,68400,52,1,1,1,1,1,1,5,9,99,2,1,1,1,1,9,9,4,5,5,5,2,5,1,0,0,0,1,0,0,0,2,1970,5,2,5,5,5,5,5,5,5,5,5,5,5,5,5,5,5,5,5,5,5,5,5,5,99999,5,19,1997,1
3,5760,3,4,12,12,1997,16,5.5,50,96,2,1,0,0,0,0,0,0,0,0,0,0,0,0,0,0,0,0,0,0,0,0,0,0,0,0,0,0,0,0,0,0,0,0,10,1,2,4,4,2,2,1,1,0,0,0,8,0,0,0,2,21600,64800,52,1,1,1,1,1,5,5,1,10,60,3,3,1,4,2,4,1,1,1,1,2,1,2,0,0,0,0,0,0,2,2,1957,5,3,1,5,1,1,1,1,1,1,5,5,1,5,5,5,5,5,5,1,1,1,5,5,2200,1,27,1998,2
3,5760,4,4,12,12,1997,10,5.5,50,96,2,1,0,0,0,0,0,0,0,0,0,0,0,0,0,0,0,0,0,0,0,0,0,0,0,0,0,0,0,0,0,0,0,0,10,1,2,4,4,2,2,1,1,0,0,0,8,0,0,0,2,21600,64800,52,1,1,1,1,1,5,5,1,10,60,3,3,1,4,2,4,1,1,1,1,2,1,2,0,0,0,0,0,0,2,2,1957,5,3,1,5,1,1,1,1,1,1,5,5,1,5,5,5,5,5,5,1,1,1,5,5,2200,3,10,1998,2
3,2439,3,1,10,13,1997,4,4,50,999,99,1,0,0,0,0,0,0,0,0,0,0,0,0,0,0,0,0,0,0,0,0,0,0,0,0,0,0,0,0,0,0,0,0,1,1,9,9,0,0,1,0,0,0,0,0,1,0,0,0,0,99999,99999,99,9,1,1,1,1,1,5,9,99,0,9,9,9,99,9,9,4,5,5,5,2,4,9,9,9,9,9,9,9,99,2,1939,5,2,5,5,5,5,5,5,5,1,5,5,5,5,5,5,5,5,5,5,5,5,5,5,0,10,13,1997,1
3,4506,3,4,5,5,1997,5,4,27.5,24,2,1,0,0,0,0,0,0,0,0,0,0,0,0,0,0,0,0,0,0,0,0,0,0,0,0,0,0,0,0,0,0,0,0,99,9,9,9,9,9,9,9,99,9,9,99,99,9,9,9,9,99999,99999,99,9,9,9,9,9,9,9,9,99,999,9,9,9,99,9,9,9,9,9,9,9,9,9,9,9,9,9,9,9,99,9,9999,9,9,9,9,9,9,9,9,9,9,9,9,9,9,9,9,9,9,9,9,9,9,9,9,99999,5,8,1997,4
3,4506,4,4,5,5,1997,5,4,27.5,24,99,1,0,0,0,0,0,0,0,0,0,0,0,0,0,0,0,0,0,0,0,0,0,0,0,0,0,0,0,0,0,0,0,0,99,9,9,9,9,9,9,9,99,9,9,99,99,9,9,9,9,99999,99999,99,9,9,9,9,9,9,9,9,99,999,9,9,9,99,9,9,9,9,9,9,9,9,9,9,9,9,9,9,9,99,9,9999,9,9,9,9,9,9,9,9,9,9,9,9,9,9,9,9,9,9,9,9,9,9,9,9,99999,5,8,1997,4
3,3763,4,4,99,99,9999,1,5,9,1,0,1,0,0,0,0,0,0,0,0,0,0,0,0,0,0,0,0,0,0,0,0,0,0,0,0,0,0,0,0,0,0,0,0,0,1,2,2,1,0,0,0,0,0,0,0,1,0,0,0,0,25200,59400,5,1,1,1,1,1,5,5,5,99,90,3,2,5,0,0,0,4,5,5,5,2,1,2,9,9,9,9,9,9,99,2,1943,5,2,5,5,5,5,5,5,5,5,5,5,5,5,5,5,5,5,5,5,5,5,5,5,4680,5,1,1997,4
3,5010,3,4,7,21,1997,36,5,40,48,3,5,2,2,2,2,3,2,3,2,2,2,2,3,2,3,2,3,3,3,2,2,3,3,3,3,3,3,3,3,3,3,3,3,4,1,1,40,0,0,0,0,2,0,2,0,4,0,0,0,0,21600,68400,48,1,1,1,5,1,1,5,5,99,30,3,1,5,0,0,0,1,1,5,5,2,5,1,0,0,0,0,0,0,1,2,1963,5,4,1,1,1,5,1,1,1,1,1,5,1,9,9,9,9,9,9,9,9,9,9,9,99999,7,21,1997,1
3,1605,3,2,7,16,1997,9,4.5,35,108,99,1,0,0,0,0,0,0,0,0,0,0,0,0,0,0,0,0,0,0,0,0,0,0,0,0,0,0,0,0,0,0,0,0,20,7,4,40,0,1,0,0,20,1,0,10,8,0,2,0,0,21600,68400,52,9,1,1,1,1,5,5,1,99,999,9,9,1,20,1,9,7,1,5,1,2,9,1,9,9,9,9,9,9,99,1,1967,1,4,1,9,9,1,1,1,1,9,1,5,1,9,9,9,9,9,9,9,9,1,1,9,19000,7,16,1997,1
3,5810,3,4,99,99,9999,12,4,36,4,1,5,3,2,3,2,2,1,3,2,1,1,2,2,3,3,2,3,3,3,3,3,3,2,3,3,2,3,2,3,2,3,3,3,1,1,9,8,9,9,9,9,99,9,9,0,99,0,9,0,0,32400,75600,99,5,5,0,0,0,0,0,0,0,0,9,9,5,0,0,0,4,5,5,5,2,4,9,9,9,9,9,9,9,99,1,1925,5,3,1,9,9,9,9,9,9,9,9,9,1,9,1,9,9,9,9,9,9,9,9,9,99999,99,99,9999,9
3,5441,4,4,6,23,1997,1,6,8.5,36,0,1,0,0,0,0,0,0,0,0,0,0,0,0,0,0,0,0,0,0,0,0,0,0,0,0,0,0,0,0,0,0,0,0,0,1,0,0,1,0,0,0,0,0,1,2,0,0,0,0,0,39600,77400,8,1,1,1,1,1,1,5,5,99,1.5,1,2,5,0,0,0,4,5,5,5,2,5,0,0,0,0,0,0,0,0,1,1983,1,1,5,5,5,5,5,5,5,5,5,5,5,5,5,5,5,5,5,5,5,5,5,5,894,6,23,1997,4
3,880,6,4,6,3,1997,99,9,99,999,99,1,0,0,0,0,0,0,0,0,0,0,0,0,0,0,0,0,0,0,0,0,0,0,0,0,0,0,0,0,0,0,0,0,2,1,3,99,0,0,0,0,0,0,2,0,2,0,0,0,0,99999,99999,99,1,1,5,5,5,5,1,5,99,0,9,9,5,0,0,0,7,5,5,5,2,5,0,0,0,0,0,0,0,0,2,1974,5,2,1,1,9,9,1,1,9,9,9,1,9,9,9,9,9,9,9,9,9,9,9,9,99999,99,99,9999,9
3,5764,4,4,10,21,1997,16,5,8,108,0,1,0,0,0,0,0,0,0,0,0,0,0,0,0,0,0,0,0,0,0,0,0,0,0,0,0,0,0,0,0,0,0,0,4,1,0,0,0,2,1,1,1,0,0,0,5,0,0,0,0,23400,66600,50,1,1,1,1,1,1,5,1,4,70,3,1,1,4,2,4,2,1,1,1,2,1,2,9,9,9,9,9,9,99,2,1967,5,2,1,1,1,1,1,1,5,5,5,5,5,5,5,5,5,5,5,1,1,5,5,5,15000,10,21,1997,2
3,5299,6,4,5,16,1997,8.5,5,45,36,3,1,0,0,0,0,0,0,0,0,0,0,0,0,0,0,0,0,0,0,0,0,0,0,0,0,0,0,0,0,0,0,0,0,2,1,9,9,1,0,0,1,0,0,0,0,2,0,0,0,0,21600,63000,52,1,1,1,1,1,5,5,5,99,50,3,1,5,0,0,0,3,5,5,5,1,4,0,0,0,0,0,0,0,0,2,1946,5,3,5,9,9,9,9,9,9,9,9,9,9,9,9,9,9,9,9,9,9,9,9,9,800,99,99,9999,9
3,5125,4,4,5,19,1997,2,5,40,360,2,5,2,2,2,3,3,3,3,3,3,3,3,3,3,3,3,3,3,3,3,3,3,3,3,3,3,3,3,3,3,3,3,3,5,1,9,9,0,1,1,1,0,1,1,0,5,0,0,0,0,19800,57600,48,5,1,1,5,1,5,5,5,99,30,3,2,5,0,0,0,4,5,5,5,2,2,1,0,0,0,0,0,0,1,9,1935,5,2,5,9,1,9,9,9,9,9,9,9,5,5,5,5,5,5,5,5,5,5,5,5,1800,5,19,1997,1
3,5783,2,4,11,8,1997,5,5,40,999,10,5,2,2,2,3,3,3,3,3,3,3,3,3,3,2,1,3,3,3,3,3,3,3,3,3,3,3,3,3,3,3,3,3,3,1,9,9,1,1,0,2,1,0,1,3,1,0,0,0,2,18000,79200,50,9,1,1,1,1,1,5,1,6,78.330002,3,9,1,3,1,0,9,9,9,9,2,9,9,9,9,9,9,9,9,99,2,1964,5,3,9,9,9,9,9,9,9,9,9,9,5,5,5,5,5,5,5,1,1,1,5,5,99999,11,12,1997,3
3,5840,3,1,99,99,9999,1,3,2,12,0,1,0,0,0,0,0,0,0,0,0,0,0,0,0,0,0,0,0,0,0,0,0,0,0,0,0,0,0,0,0,0,0,0,1,2,9,9,0,1,0,0,0,0,0,0,1,0,0,0,0,50400,57600,99,2,9,9,9,9,9,9,9,99,0,9,9,5,0,0,0,3,5,5,5,2,1,0,0,0,0,0,0,0,0,2,1934,5,1,9,9,9,9,9,9,9,9,9,9,5,5,5,5,5,5,5,5,5,5,5,5,99999,99,99,9999,9
3,3983,5,4,5,19,1997,12,3,12,42,1,1,0,0,0,0,0,0,0,0,0,0,0,0,0,0,0,0,0,0,0,0,0,0,0,0,0,0,0,0,0,0,0,0,6,1,1,10,0,2,3,0,1,0,0,0,6,0,0,0,0,25200,63000,50,1,1,1,1,1,5,5,1,6,85,3,1,1,2,2,2,1,1,5,5,2,1,0,0,0,0,0,0,0,0,2,1952,5,3,1,5,5,1,1,1,1,5,5,5,5,5,5,5,5,5,5,5,1,5,5,5,20000,5,19,1997,1
3,1900,5,1,6,18,1997,6,4,32,6,0,1,0,0,0,0,0,0,0,0,0,0,0,0,0,0,0,0,0,0,0,0,0,0,0,0,0,0,0,0,0,0,0,0,1,1,0,0,1,0,0,0,0,0,0,0,1,0,0,0,0,25200,61200,99,1,9,9,9,9,9,9,9,99,999,9,9,5,0,0,0,4,5,5,5,2,1,0,0,0,0,0,0,0,0,2,1936,5,2,5,5,5,5,5,5,5,5,5,5,5,5,5,5,5,5,5,5,5,5,5,5,99999,6,18,1997,3
3,5531,3,3,6,21,1997,34,5,9,180,3,1,0,0,0,0,0,0,0,0,0,0,0,0,0,0,0,0,0,0,0,0,0,0,0,0,0,0,0,0,0,0,0,0,0,1,0,0,0,0,1,0,0,0,3,0,4,0,0,0,0,18000,75600,52,3,1,1,1,1,1,5,5,99,50,5,1,5,0,0,0,4,5,5,5,2,1,5,0,0,0,0,0,0,5,2,1955,5,2,5,5,1,5,5,5,5,5,5,5,5,5,5,5,5,5,5,5,5,5,5,5,600,6,19,1997,9
3,812,2,4,6,30,1997,12,5,25,144,2,5,2,2,2,2,3,3,2,3,3,3,3,3,3,3,3,3,3,3,3,3,3,3,2,3,3,3,3,3,3,3,2,3,4,1,4,30,0,0,0,0,0,4,0,0,4,0,0,0,0,23400,66600,50,1,1,1,1,1,1,5,9,99,35,3,1,5,0,0,0,4,5,5,1,2,1,4,0,0,0,1,0,1,2,2,1965,5,4,1,5,1,5,1,1,9,5,1,9,1,5,5,5,5,5,9,5,1,5,5,9,8000,6,25,1997,3
3,1386,3,3,4,18,1997,12,5,40,12,2,1,0,0,0,0,0,0,0,0,0,0,0,0,0,0,0,0,0,0,0,0,0,0,0,0,0,0,0,0,0,0,0,0,1,1,0,0,0,1,0,0,0,0,0,0,1,0,0,0,0,25200,61200,36,5,1,1,1,1,5,5,5,99,0,9,9,5,0,0,0,3,5,5,5,2,5,0,0,0,0,0,0,0,0,2,1974,5,3,1,5,5,5,1,1,5,1,5,5,5,5,5,5,5,5,5,5,5,5,5,5,0,4,18,1997,5
3,3128,3,1,9,23,1997,36,3,15,84,0,5,2,1,1,2,3,3,3,3,3,3,3,3,3,3,2,3,3,3,1,3,3,3,3,3,2,1,2,3,3,3,3,3,3,1,0,0,0,0,0,1,1,0,1,0,3,0,0,0,0,25200,57600,52,5,1,1,1,1,5,5,5,99,20,3,1,5,0,0,0,4,5,5,5,2,1,0,0,0,0,0,0,0,0,2,1934,5,1,5,5,5,5,5,5,5,5,5,5,5,5,5,5,5,5,5,5,5,5,5,9,900,9,23,1997,2
3,2994,2,4,5,31,1997,24,5,8,24,0,1,0,0,0,0,0,0,0,0,0,0,0,0,0,0,0,0,0,0,0,0,0,0,0,0,0,0,0,0,0,0,0,0,4,1,0,0,2,0,2,1,0,0,0,0,5,0,0,0,0,50400,84600,99,5,1,1,1,1,1,5,5,99,5,2,1,5,0,0,0,3,5,5,5,2,5,2,1,0,1,0,0,0,0,2,1976,5,2,5,5,5,5,5,1,5,5,5,5,5,5,1,5,5,5,5,5,5,5,5,5,99999,5,31,1997,1
3,5786,3,1,11,18,1997,15,5,45,15,0,1,0,0,0,0,0,0,0,0,0,0,0,0,0,0,0,0,0,0,0,0,0,0,0,0,0,0,0,0,0,0,0,0,1,1,0,0,1,0,0,0,0,0,0,0,1,0,0,0,0,30600,64800,48,1,1,1,1,1,1,5,5,99,0,9,9,5,0,0,0,4,5,5,5,2,1,0,0,0,0,0,0,0,0,2,1930,5,2,5,5,5,5,5,5,5,5,5,5,5,5,5,5,5,5,5,5,5,5,5,5,0,11,18,1997,2
3,3047,3,4,12,19,1997,24,4.5,45,24,8,5,2,2,2,2,3,2,3,2,2,2,2,3,3,2,2,3,2,3,2,2,2,3,2,3,2,2,2,2,2,3,2,2,9,1,0,0,0,0,3,0,3,0,3,0,9,0,0,0,0,21600,64800,50,1,1,1,1,1,5,5,1,9,55,3,3,5,0,0,0,1,1,1,5,2,1,0,0,0,0,0,0,0,0,2,1954,5,2,1,9,1,1,1,9,9,9,9,9,9,9,9,9,9,9,9,9,1,9,9,9,12000,12,11,1997,9
3,5169,4,4,5,27,1997,8,5,40,36,8,1,0,0,0,0,0,0,0,0,0,0,0,0,0,0,0,0,0,0,0,0,0,0,0,0,0,0,0,0,0,0,0,0,3,1,9,40,0,9,9,9,0,0,0,0,3,0,0,0,0,21600,61200,99,1,5,0,0,0,0,0,0,0,56,3,1,5,0,0,0,4,5,5,5,2,5,0,0,0,0,0,0,0,0,2,1935,5,2,5,5,5,5,5,5,5,5,9,9,5,5,5,5,5,5,5,5,5,5,5,5,99999,5,27,1997,9
3,5374,3,4,5,27,1997,8,5,40,36,14,1,0,0,0,0,0,0,0,0,0,0,0,0,0,0,0,0,0,0,0,0,0,0,0,0,0,0,0,0,0,0,0,0,2,1,0,0,1,0,1,1,0,0,0,0,3,0,0,0,0,21600,61200,99,1,5,0,0,0,0,0,0,0,50,3,3,5,0,0,0,4,5,5,5,2,5,1,0,0,0,0,1,0,0,2,1935,5,2,5,5,5,5,5,5,5,5,5,5,5,5,5,5,5,5,5,5,5,5,5,9,99999,5,27,1997,9
3,5662,5,3,6,23,1997,9,5,10,168,0,1,0,0,0,0,0,0,0,0,0,0,0,0,0,0,0,0,0,0,0,0,0,0,0,0,0,0,0,0,0,0,0,0,9,1,0,0,1,1,1,0,0,0,6,0,9,0,0,0,0,21600,82800,52,1,1,1,1,1,1,5,5,99,999,9,9,5,0,0,0,3,5,5,5,2,1,1,0,0,0,0,0,0,27,2,1942,5,2,5,5,5,5,5,5,5,5,5,5,9,9,9,9,9,9,9,5,5,5,5,5,99999,6,23,1997,1
3,4566,3,3,10,25,1997,24,5,8,300,1,1,0,0,0,0,0,0,0,0,0,0,0,0,0,0,0,0,0,0,0,0,0,0,0,0,0,0,0,0,0,0,0,0,6,1,0,0,0,1,1,1,0,0,0,0,9,0,0,0,0,61200,82800,52,1,1,1,1,1,1,5,5,99,999,9,9,5,0,0,0,3,5,5,5,2,1,0,0,0,0,0,0,0,0,2,1942,5,1,1,5,5,5,5,5,5,5,5,9,5,5,5,5,5,5,5,5,5,5,5,5,99999,10,25,1997,1
3,5662,6,3,6,23,1997,24,5,10,168,0,1,0,0,0,0,0,0,0,0,0,0,0,0,0,0,0,0,0,0,0,0,0,0,0,0,0,0,0,0,0,0,0,0,9,1,0,0,1,1,1,0,0,0,6,0,9,0,0,0,0,21600,82800,52,1,1,1,1,1,1,5,5,99,999,9,9,5,0,0,0,3,5,5,5,2,1,1,0,0,0,0,0,0,27,2,1942,5,2,1,5,5,5,5,5,5,5,5,5,9,9,9,9,9,9,9,5,5,5,5,5,99999,6,23,1997,1
3,5113,4,4,5,26,1997,12,5,7,96,2,5,2,2,2,3,3,3,3,3,3,3,3,2,3,3,3,3,3,3,3,3,3,3,3,3,2,2,3,3,3,3,3,3,6,1,1,50,1,1,0,1,2,1,0,0,6,0,0,0,0,23400,64800,50,3,1,1,5,1,5,5,5,99,110,3,1,1,2,2,2,1,1,1,5,2,1,0,0,0,0,0,0,0,0,2,1951,5,2,1,5,1,5,1,1,5,5,5,5,1,5,5,5,5,5,5,5,1,5,5,5,35000,5,27,1997,9
3,4956,3,4,6,20,1997,9,5,10,20,0,5,2,2,1,3,3,3,3,3,3,3,3,3,3,3,3,3,3,3,3,3,3,3,3,3,3,3,3,3,3,3,3,3,3,1,1,12,0,1,0,0,1,1,0,0,3,0,0,0,0,25200,68400,48,1,1,1,1,1,1,5,5,99,35.25,3,1,1,2,8,2,2,1,5,5,2,1,2,0,0,0,0,0,0,2,2,1948,5,2,1,5,5,5,5,5,5,1,5,1,9,9,9,9,9,9,9,9,9,9,9,9,3028,6,20,1997,5
3,4956,4,4,6,20,1997,9,5,10,20,0,5,2,2,3,2,3,3,3,3,3,3,3,3,3,3,3,3,3,3,3,2,3,3,3,3,2,3,2,3,3,3,3,2,3,1,1,12,0,1,0,0,1,1,0,0,3,0,0,0,0,25200,68400,48,1,1,1,1,1,1,5,5,99,35.25,3,2,1,2,8,2,2,1,5,5,2,1,2,0,0,0,0,0,0,2,2,1948,5,2,1,5,5,5,5,5,5,1,5,1,9,9,9,9,9,9,9,9,9,9,9,9,3028,6,20,1997,5
3,801,2,3,99,99,9999,2,5,9,2,1,1,0,0,0,0,0,0,0,0,0,0,0,0,0,0,0,0,0,0,0,0,0,0,0,0,0,0,0,0,0,0,0,0,1,1,1,0,1,0,0,0,0,0,0,0,1,0,0,0,0,18000,64800,5,1,1,1,1,1,5,5,1,1,1,3,1,5,0,0,0,3,1,5,5,2,3,2,1,1,0,0,0,0,0,2,1954,5,1,5,1,1,5,5,5,5,5,5,5,5,5,5,5,5,5,5,5,5,5,5,5,700,99,99,9999,9
3,5914,5,1,11,20,1997,11,5,9,999,0,5,9,9,9,9,9,9,9,9,9,9,9,9,9,9,9,9,9,9,9,9,9,9,9,9,9,9,9,9,9,9,9,9,7,1,9,9,0,0,0,0,0,0,7,0,7,0,0,0,0,99999,99999,52,5,1,1,5,1,1,5,5,99,0,9,9,5,0,0,0,4,5,5,5,2,1,0,0,0,0,0,0,0,0,2,1936,5,2,1,5,5,5,5,5,5,5,5,5,9,9,9,9,9,9,9,5,5,5,5,5,0,11,20,1997,4
