PDAREL97,PDAID97,PDASN97,Q13A1,Q13A2Y,Q13A2M,Q13A3_1,Q13A3_2,Q13A3_3,Q13A3_4,Q13A3_5,Q13A3_6,Q13A3_7,Q13A4W,Q13A4M,Q13A5A,Q13A5B,Q13A5C,Q13A5D,Q13A5E,Q13A5F,Q13A5G,Q13A6,Q13A7,Q13A8,Q13A9,Q13A10,Q13A11,Q13A12,Q13A13,Q13A14,Q13A15AN,Q13A15AP,Q13A15BN,Q13A15BP,Q13A15CN,Q13A15CP,Q13A15DN,Q13A15DP,Q13A15EN,Q13A15EP,Q13A15FN,Q13A15FP,Q13A15GN,Q13A15GP,Q13A16AN,Q13A16AP,Q13A16BN,Q13A16BP,Q13A16CN,Q13A16CP,Q13A16DN,Q13A16DP,Q13A16EN,Q13A16EP,Q13A16FN,Q13A16FP,Q13A17N,Q13A17P,Q13A18N,Q13A18P,Q13A19,Q13A20,Q13A20A,Q13A20B,Q13A20C,Q13A20D,Q13A20E,Q13A20F,Q13A20G,Q13A20H,Q13A20I,Q13A20J,Q13A20K,Q13A20L,Q13A21,Q13A21A,Q13A21B,Q13A21C,Q13A21D,Q13A22,Q13A22A,Q13A22B,Q13A22C,Q13A22D,Q13A22E,Q13A23,Q13A24,Q13A24A,Q13A24B,Q13A24C,Q13A24D,Q13A24E,Q13A25,Q13A26N,Q13A26P,Q13A27,Q13A28,Q13A29,Q13A30,Q13A31,Q13A32T,Q13A32S,Q13A33AN,Q13A33AP,Q13A33BN,Q13A33BP,Q13A33CN,Q13A33CP,Q13A33DN,Q13A33DP,Q13A33EN,Q13A33EP,Q13A33FN,Q13A33FP,Q13A34AN,Q13A34AP,Q13A34BN,Q13A34BP,Q13A34CN,Q13A34CP,Q13A34DN,Q13A34DP,Q13A34EN,Q13A34EP,Q13A34FN,Q13A34FP,Q13A34GN,Q13A34GP,Q13A34HN,Q13A34HP,Q13A35A,Q13A35B,Q13A35C,Q13A36,Q13A37,Q13A38,Q13A39,Q13A40,Q13A41,Q13A42,Q13A43,Q13A44,Q13A45,Q13A46,Q13A47A,Q13A47B,Q13A47C,Q13A47D,Q13A47E,Q13A47F,Q13A47G,Q13A47H
3,2732,4,3,9,0,1,5,1,5,1,1,5,0,9,1,1,1,1,1,2,2,31500,54000,5,5,14,3,40,2,5,0,0,0,0,0,0,12,0,28,0,0,0,0,0,37,0,0,0,1,0,1,0,1,0,0,0,0,0,0,0,2,1,3,0,0,0,0,0,0,0,0,0,0,0,1,85,5,5,5,5,0,0,0,0,0,0,1,1,5,5,5,5,5,0,0,2,0,0,0,0,1,7,2,0,0,0,0,0,0,0,0,0,0,0,0,0,0,0,0,0,0,0,0,0,2,0,0,0,0,0,2,999,999,0,0,99999,12000,9999,1,5,1,1,60,3,100,0,0,0,0,0,0,0
3,475,3,3,6,0,1,5,1,5,1,5,5,0,9,1,1,1,1,1,2,2,32400,57600,5,5,18,6,60,2,1,0,0,0,0,999,999,999,999,999,999,999,999,0,0,999,999,999,999,999,999,999,999,999,999,999,999,0,0,0,0,1,1,3,0,0,0,0,0,0,0,0,0,0,0,1,3,1,5,1,5,0,0,0,0,0,0,1,1,5,5,5,5,5,0,0,3,0,1,0,0,1,18,0,99.900002,99,999,99,999,99,999,99,999,99,999,0,0,0,0,0,0,0,0,0,100,0,0,0,0,0,0,999,999,999,1,1,6000,8000,9998,1,5,1,5,60,2,80.5,0,0,0,5,0,18,1
3,2121,3,1,27,0,1,5,1,5,1,5,1,36,0,1,1,1,1,1,2,2,32400,54000,5,5,37,5,80,3,1,0,0,0,0,0,0,10,0,34,0,36,0,0,0,77,0,1,0,0,0,1,0,0,0,1,0,0,0,0,0,1,2,0,5,5,1,5,5,5,5,5,5,5,5,1,80,5,5,1,5,0,0,0,0,0,0,1,1,5,5,5,5,5,0,0,2,2,2,0,1,1,8,0,100,0,0,0,0,0,0,0,0,0,0,0,0,0,0,0,0,0,0,4,0,0,0,0,0,0,0,999,4,999,1,1,99999,20000,719.5,5,5,5,1,98,2,100,0,0,0,0,0,0,0
3,1504,4,1,25,0,1,5,1,5,1,5,5,99,99,1,1,1,1,1,2,2,32400,54000,5,5,999,99,999,999,9,999,999,999,999,999,999,999,999,999,999,999,999,999,999,999,999,999,999,999,999,999,999,999,999,999,999,999,999,999,999,9,2,0,5,1,5,5,5,5,5,5,5,5,5,1,9999,9,5,1,5,0,0,0,0,0,0,9,9,9,9,9,9,5,0,0,99,0,99,0,99,9,99,99,999,99,999,99,999,99,999,99,999,99,999,99,999,99,999,99,999,99,999,99,999,99,999,99,999,99,999,0,1,0,2,2,99999,99999,9999,5,9,9,9,999,9,999,999,999,999,999,999,999,999
3,1466,4,97,10.5,0,1,1,1,5,1,5,5,0,12,1,1,1,1,1,2,2,23400,73800,1,1,119,2,247,130,1,0,0,0,0,0,0,18,0,19,0,19,0,28,0,229,0,5,0,10,0,3,0,998,998,999,999,2,0,0,25,1,1,2,0,0,0,0,0,0,0,0,0,0,0,1,17,2,5,1,1,2,5,5,1,5,0,1,1,5,5,5,5,5,999,999,2,2,20,0,0,1,10,18,0,0,0,1,0,0,0,3,0,0,0,22,0,17,0,0,0,0,0,4,0,1,0,0,0,0,0,10,999,999,10,10,5,5,9999,5,5,5,5,55,3,75,20,0,0,5,0,0,0
3,6097,5,97,12,0,1,1,1,1,1,1,5,0,12,1,1,1,1,1,2,2,22500,66600,1,1,134,3,87,5,1,8,0,8,0,15,0,19,0,24,0,9,0,63,0,0,52,0,19,0,3,9,0,0,1,999,999,3,0,0,37,2,1,2,0,0,0,0,0,0,0,0,0,0,0,1,105,3,5,5,1,61,1,5,5,5,0,1,1,1,1,5,5,1,61,0,31,18,0,0,0,1,10,28,0,3,0,0,0,0,0,0,0,0,0,15,0,16,0,3,0,2,0,5,0,0,0,0,0,0,0,11,0,16,9,19,5,6,9999,1,9,1,1,38,3,100,0,0,0,0,0,0,0
3,2344,4,1,50,0,1,5,1,5,1,1,1,0,9,1,1,1,1,1,2,2,30600,54000,5,5,65,7,74,8,5,0,0,0,0,14,0,30,0,29,0,1,0,0,0,72,0,1,0,0,0,1,0,0,0,0,0,5,0,0,0,1,2,0,5,5,1,5,5,5,5,5,5,5,5,1,140,5,5,1,5,0,0,0,0,0,0,1,1,5,5,5,5,5,0,0,6,0,5,0,0,1,6,11,0,0,0,0,0,0,0,0,0,0,0,99,999,3,0,4,0,99,999,3,0,1,0,99,999,0,0,4,2,5,3,1,4800,6500,1500,1,1,1,5,85,2,90,0,0,0,0,10,.050000001,0
3,4453,4,1,15,0,1,1,5,5,1,5,1,50,0,1,1,1,1,1,2,2,23400,64800,5,5,85,5,75,21,1,0,0,0,0,19,0,15,0,30,0,11,0,0,0,58,0,2,0,9,0,0,3,0,0,3,0,0,0,2,0,1,1,3,0,0,0,0,0,0,0,0,0,0,0,1,9999,9,9,9,1,999,9,9,9,9,99,1,1,5,5,5,5,5,0,0,5,5,2,0,0,1,12,7,0,0,0,0,0,0,0,0,0,0,0,7,0,0,0,0,0,0,0,0,0,0,0,0,0,0,0,4,0,0,4,2,7,8,9999,5,5,2,1,65,2,100,0,0,0,0,0,0,0
3,4264,3,4,15,0,1,1,5,5,1,1,5,0,11,1,1,1,1,1,2,2,27900,63000,5,5,65,4,60,3,1,0,0,0,0,15,0,15,0,13,0,2,0,15,0,49,0,10,0,0,0,2,0,0,0,0,0,5,0,4,0,1,2,0,5,5,5,5,5,5,1,5,5,5,5,1,280,5,5,1,1,1,5,1,5,5,1,1,1,5,5,5,5,5,0,0,4,4,14,0,0,1,6,11,0,7,0,0,0,0,0,0,0,0,0,99,999,8,0,99,999,99,999,6,0,4,0,99,999,0,0,3,999,18,4,3,24000,26000,633,1,5,1,1,85,1,50,0,50,0,0,0,0,0
3,4264,4,4,15,0,1,1,5,5,1,1,5,0,11,1,1,1,1,1,2,2,27900,63000,5,5,65,4,60,3,1,0,0,0,0,15,0,15,0,13,0,2,0,15,0,49,0,10,0,0,0,2,0,0,0,0,0,5,0,4,0,1,2,0,5,5,5,5,5,5,1,5,5,5,5,1,280,5,5,1,1,1,5,1,5,5,1,1,1,5,5,5,5,5,0,0,4,4,14,0,0,1,6,11,0,7,0,0,0,0,0,0,0,0,0,99,999,8,0,99,999,99,999,6,0,4,0,99,999,0,0,3,999,18,4,3,24000,26000,633,1,5,1,1,85,1,50,0,50,0,0,0,0,0
3,45,2,97,32,0,1,1,1,1,1,5,5,0,9,1,1,1,1,1,2,2,28800,50400,1,1,513,1,513,30,1,0,0,0,0,0,0,20,0,308,0,185,0,0,0,24,0,484,0,3,0,2,0,999,999,5,0,59,0,465,0,1,2,0,9,9,9,9,9,9,9,9,9,9,9,5,0,0,0,0,5,0,0,0,0,0,0,1,1,1,1,5,5,1,513,0,27,27,27,27,0,1,9,5,0,49,0,99,999,99,999,99,999,0,0,54,0,18,0,21,0,11,0,3,0,0,0,0,0,0,0,3,999,4,7,7,12800,13542,5909.1401,1,5,1,1,77,2,999,999,999,999,999,999,999,999
3,756,4,2,5,0,1,5,1,5,1,1,5,43,0,1,1,1,1,1,2,2,27900,54000,5,5,20,1,19,2,1,0,0,0,0,0,0,6,0,5,0,8,0,0,0,5,0,1,0,7,0,0,0,0,0,6,0,1,0,19,0,1,2,0,1,5,5,5,5,5,5,5,5,5,5,5,0,0,0,0,5,0,0,0,0,0,0,1,1,1,1,5,5,1,19,0,3,2,2,1,0,1,19,3,0,0,0,0,0,0,0,0,0,0,0,0,0,2,0,0,0,0,0,1,0,0,0,0,0,0,0,1,3,999,0,0,16000,99999,9999,1,9,1,1,999,2,0,100,0,0,0,0,0,0
3,4277,3,4,20,0,1,5,5,5,1,5,5,50,0,1,1,1,1,1,2,2,27000,64800,5,5,323,8,143,8,1,0,0,0,0,30,0,42,0,48,0,0,0,17,0,68,0,31,0,23,0,18,0,0,0,3,0,57,0,33,0,1,2,0,5,5,5,1,5,5,1,5,5,1,5,9,9999,9,9,9,1,55,5,5,5,1,0,1,1,1,1,5,5,1,33,0,16,16,15,11,0,1,7,21,0,5,0,5,0,0,0,0,0,0,0,0,0,4,0,0,0,6,0,17,0,4,0,0,0,0,0,5,999,27,6,6,99999,99999,9999,1,1,1,1,85,2,50,0,0,0,0,0,0,50
3,6100,3,1,26,0,1,5,1,5,1,5,5,0,9,1,1,1,1,1,2,2,31500,42300,5,5,125,8,105,5,1,0,0,0,0,24,0,36,0,45,0,0,0,0,0,103,0,0,0,1,0,0,0,1,0,0,0,0,0,999,999,1,1,3,0,0,0,0,0,0,0,0,0,0,0,1,5,2,5,5,1,3,1,5,5,5,0,1,1,5,5,5,5,5,0,0,3,0,0,0,0,1,12,3,0,0,0,0,0,0,0,0,0,0,0,0,0,0,0,0,0,0,0,3,0,0,0,0,0,0,0,0,0,0,1,1,4000,4500,345,1,5,5,5,50,2,97,0,3,0,0,0,0,0
3,5143,3,1,17,0,1,5,1,5,1,5,5,0,9,1,1,1,1,2,2,2,30600,39600,5,5,999,2,37,2,1,0,0,0,0,0,0,0,0,999,999,999,999,999,999,37,0,0,0,0,0,0,0,0,0,0,0,0,0,0,0,1,2,0,5,5,1,5,5,5,5,5,5,5,5,1,50,5,5,5,5,0,0,0,0,0,0,1,1,5,5,5,5,5,0,0,3,0,0,0,0,1,3,3,0,0,0,0,0,0,0,0,0,0,0,1,0,1,0,0,0,0,0,0,0,1,0,0,0,0,0,0,0,999,1,1,2300,5000,391,5,5,2,5,80,2,100,0,0,0,0,0,0,0
3,2966,4,97,7,0,1,1,1,5,1,5,5,34,0,1,1,1,1,1,2,2,34200,55800,5,5,20,6,5,5,1,0,0,0,0,0,0,24,0,15,0,15,0,0,0,53,0,0,0,0,0,1,0,0,0,0,0,0,0,0,0,2,9,9,9,9,9,9,9,9,9,9,9,9,9,1,1500,6,5,5,5,0,0,0,0,0,0,5,0,0,0,0,0,5,999,999,4,1,0,0,0,1,6,4,0,0,0,0,0,0,0,0,0,0,0,0,0,0,0,0,0,0,0,4,0,0,0,0,0,0,0,0,0,999,1,1,6300,25200,600,1,5,2,1,45,2,100,0,0,0,0,0,0,0
3,1104,3,3,12,0,1,1,1,1,1,1,5,0,12,1,1,1,1,1,2,2,26100,63900,5,5,99,4,85,5,1,0,0,0,0,0,15,0,20,0,25,0,25,0,15,84,0,0,0,0,0,1,0,0,0,0,0,999,999,0,0,2,1,2,0,0,0,0,0,0,0,0,0,0,0,1,415,5,5,5,9,999,9,9,9,9,99,1,1,5,5,5,5,5,0,0,13,8,9,4,0,1,6.5,0,100,0,0,0,0,0,0,0,0,0,0,1,0,6,0,0,0,0,0,5,0,1,0,0,0,0,0,6,999,13,2,2,14560,15000,9999,1,1,1,1,37,3,100,0,0,0,0,0,0,0
3,3641,3,7,22,0,5,5,5,5,1,5,5,36,0,1,1,1,1,1,2,2,30600,45000,5,5,29,3,60,0,5,0,0,0,0,0,0,8,0,8,0,8,0,0,0,22,0,0,0,2,0,0,0,0,0,0,0,0,0,0,0,1,2,0,5,5,5,5,5,5,5,5,5,1,5,1,10,2,5,5,5,0,0,0,0,0,0,1,1,5,5,5,5,5,0,0,3,0,0,0,0,1,6,3,0,0,0,0,0,0,0,0,0,0,0,3,0,0,0,1,0,0,0,0,0,0,0,0,0,0,0,1,999,999,1,0,6,7,20,5,5,1,1,85,1,100,0,0,0,0,0,0,0
3,1972,3,97,5,0,1,1,1,5,1,5,5,0,12,1,1,1,1,1,2,2,23400,64800,5,5,81,5,84,3,1,5,0,4,0,14,0,20,0,30,0,3,0,6,0,74,0,5,0,2,0,3,0,0,0,0,0,0,0,6,0,2,1,1,0,0,0,0,0,0,0,0,0,0,0,1,520,5,5,5,1,6,5,5,5,1,0,1,1,5,5,5,5,5,0,0,14,10,5,3,0,1,10,14,0,1,0,0,0,0,0,0,0,0,0,14,0,1,0,1,0,0,0,6,0,0,0,0,0,2,0,2,0,0,7,6,99999,99999,9999,5,1,1,5,40,2,100,0,0,0,0,0,0,0
3,4296,4,7,20,0,1,1,1,5,1,1,5,52,0,1,1,1,1,1,2,2,23400,64800,1,1,77,4,77,6,5,6,0,4,0,14,0,20,0,20,0,4,0,5,0,20,0,1,0,0,0,0,0,1,0,0,0,5,0,6,0,2,1,3,0,0,0,0,0,0,0,0,0,0,0,1,120,3,5,1,1,6,5,1,5,5,6,1,1,1,1,5,5,1,0,0,15,6,7,2,0,9,99,1,0,1,0,0,0,0,0,0,0,0,0,9,0,5,0,0,0,0,0,1,0,0,0,0,0,0,0,5,0,9,5,4,5,7,4500,1,5,5,5,66,2,85,3.3299999,3.3299999,3.3299999,0,0,5,0
3,2843,5,7,3,0,1,1,1,5,1,1,1,52,0,1,1,1,1,1,2,2,19800,64800,1,1,46,5,46,6,1,2,0,2,0,10,0,10,0,5,0,5,0,12,0,38,0,3,0,2,0,2,0,1,0,0,0,0,0,14,0,2,1,3,0,0,0,0,0,0,0,0,0,0,0,1,101.25,3,5,5,1,14,5,1,5,5,14,1,1,1,1,5,5,5,0,0,8,6,2,0,99,9,99,35,0,5,0,1,0,2,0,1,0,99,999,8,0,2,0,2,0,0,0,0,0,0,0,0,0,0,0,0,1,0,4,1,15500,16500,9999,5,5,5,1,998,1,998,998,998,998,998,998,998,998
3,5694,2,2,31,0,1,1,1,1,1,5,5,0,9,1,1,1,1,1,2,2,27900,52200,5,5,283,14,359,62,1,0,0,0,0,0,0,0,30,0,70,0,0,0,0,235,0,90,0,11,0,5,0,0,0,18,0,0,15,0,75,1,2,0,1,5,5,1,5,5,5,5,5,5,5,5,0,0,0,0,5,0,0,0,0,0,0,1,5,1,1,5,5,1,0,89,21,4,20,4,0,1,20,35,0,6,0,0,0,0,0,0,0,0,0,2,0,6,0,15,0,1,0,11,0,0,0,0,0,0,0,10,0,41,8,8,9500,11750,2493,5,5,1,1,85,1,0,99,1,0,0,0,0,0
3,76,3,1,30,0,1,5,1,5,1,5,5,0,8.5,1,1,1,1,1,2,2,99999,99999,5,5,60,13,250,999,9,0,0,0,0,0,0,90,0,155,0,5,0,0,0,240,0,0,0,2,0,2,0,2,0,4,0,0,0,0,0,2,2,0,5,5,1,5,5,5,5,5,5,5,5,1,66,5,5,1,5,0,0,0,0,0,0,5,0,0,0,0,0,5,0,0,3,2,3,2,0,1,10,6,0,0,0,0,0,0,0,0,0,0,0,0,0,3,0,0,0,0,0,3,0,0,0,0,0,0,0,999,999,999,1,1,99999,99999,100,5,5,1,5,80,3,99,0,0,0,0,0,0,1
3,3372,3,97,6,0,1,1,1,1,1,1,5,0,12,1,1,1,1,1,2,2,23400,64800,5,5,146,10,142,4,1,8,0,13,0,17,0,17,0,14,0,6,0,12,0,999,999,999,999,999,999,999,999,999,999,999,999,0,5,1,0,1,1,3,0,0,0,0,0,0,0,0,0,0,0,1,161,3,5,5,1,1,5,5,5,1,0,1,1,1,1,5,5,1,999,999,17,15,9,3,0,1,7.5,25,0,99,999,99,999,99,999,1,0,0,0,5,0,4,0,12,0,1,0,4,0,0,0,0,0,0,0,7,999,8,6,7,17680,99999,9999,5,1,1,1,70,2,95,0,0,1,0,0,4,0
3,3372,4,97,6,0,1,1,1,1,1,1,5,0,12,1,1,1,1,1,2,2,23400,64800,5,5,146,10,142,4,1,8,0,13,0,17,0,17,0,14,0,6,0,12,0,999,999,999,999,999,999,999,999,999,999,999,999,0,5,1,0,1,1,3,0,0,0,0,0,0,0,0,0,0,0,1,161,3,5,5,1,1,5,5,5,1,0,1,1,1,1,5,5,1,999,999,17,15,9,3,0,1,7.5,25,0,99,999,99,999,99,999,1,0,0,0,5,0,4,0,12,0,1,0,4,0,0,0,0,0,0,0,7,999,8,6,7,17680,99999,9999,5,1,1,1,70,2,95,0,0,1,0,0,4,0
3,765,2,3,8,0,1,5,1,5,1,5,5,0,12,1,1,1,1,1,2,2,21600,66600,1,1,168,8,151,20,1,0,0,0,0,20,0,29,0,50,0,998,998,56,0,998,998,998,998,998,998,998,998,998,998,998,998,2,0,2,0,2,1,2,0,0,0,0,0,0,0,0,0,0,0,1,67.5,3,5,5,1,37,1,5,5,5,99,1,1,1,1,5,5,5,0,0,15,13,0,0,0,1,12,10,0,1,0,4,0,0,0,0,0,0,0,0,0,15,0,0,0,0,0,0,0,0,0,0,0,0,0,0,0,999,0,0,11440,12480,6.5,5,5,5,1,40,3,100,0,0,0,0,0,0,0
3,3482,3,1,32,0,1,5,1,5,1,5,1,0,9,1,1,1,1,1,2,2,23400,64800,1,1,999,1,20,1,1,0,0,0,0,0,0,0,10,0,10,0,10,0,70,0,98,0,0,0,0,0,2,0,0,0,0,0,0,0,2,1,2,0,5,5,1,5,1,5,5,5,5,5,5,1,150,5,5,1,5,0,0,0,0,0,0,1,1,5,1,5,5,5,0,80,15,7,2,1,0,1,17,16,0,0,0,1,0,0,0,0,0,0,0,2,0,5,0,0,0,1,0,8,0,1,0,0,0,99,999,0,0,0,1,0,18250,21000,1900,1,5,5,1,80,1,60,0,0,0,0,35,5,0
3,2045,3,97,25,0,1,1,1,5,1,1,5,0,12,1,1,1,1,1,2,2,23400,64800,1,1,52,3,32,5,1,1,0,5,0,6,0,7,0,11,0,2,0,0,0,18,0,14,0,0,0,0,0,0,0,0,0,0,0,18,0,2,1,3,0,0,0,0,0,0,0,0,0,0,0,1,70,3,5,1,1,18,5,1,5,5,18,1,1,5,1,5,5,1,0,50,5,3,2,99,99,1,6,3,0,2,0,0,0,0,0,0,0,0,0,5,0,0,0,0,0,0,0,0,0,0,0,0,0,0,0,999,5,999,2,1,10400,13000,9998,5,5,1,1,50,3,998,998,998,998,998,998,998,998
3,2616,4,3,38,0,1,1,1,5,1,1,5,0,10,1,1,1,1,1,2,2,27000,61200,5,1,50,5,70,998,1,0,0,0,0,0,0,14,0,16,0,20,0,8,0,68,0,2,0,0,0,0,0,0,0,0,0,3,0,0,2,1,1,3,0,0,0,0,0,0,0,0,0,0,0,1,200,5,5,1,5,0,0,0,0,0,0,1,1,5,1,5,5,5,0,0,9,4,1,99,0,9,99,14,0,0,0,0,0,0,0,0,0,0,0,14,0,7,0,2,0,0,0,3,0,0,0,0,0,0,0,999,999,999,0,0,99999,99999,9999,1,1,1,1,999,2,999,999,999,999,999,999,999,999
3,1529,4,97,10,0,1,1,5,1,1,5,5,0,9,1,1,1,1,1,2,2,31800,41400,5,5,36,2,32,2,1,0,0,0,0,0,0,7,0,11,0,14,0,0,0,29,0,999,999,999,999,2,0,999,999,1,0,0,0,998,998,1,1,3,0,0,0,0,0,0,0,0,0,0,0,5,0,0,0,0,5,0,0,0,0,0,0,1,1,5,5,5,5,5,0,0,1,0,1,0,0,1,9,2,0,0,0,0,0,0,0,0,0,0,0,1,0,99,999,99,999,99,999,1,0,99,999,99,999,0,0,2,2,2,2,2,6500,5000,9999,1,5,5,5,998,2,99,0,0,0,1,0,0,0
3,406,3,1,11,0,1,5,1,5,1,5,1,0,9,1,1,1,1,1,2,2,33300,47700,5,5,172,13,162,5,1,0,0,22,0,35,0,39,0,999,999,999,999,16,0,0,100,0,0,0,0,0,0,0,0,0,0,0,0,0,0,1,1,3,0,0,0,0,0,0,0,0,0,0,0,1,130,5,5,1,5,0,0,0,0,0,0,1,1,5,5,5,5,5,0,0,29,0,13,0,0,1,8,0,100,0,0,0,0,0,0,0,0,0,0,99,999,4,0,99,999,99,999,20,0,4,0,99,999,99,999,999,999,100,6,4,7800,9100,9998,5,5,5,5,65,1,90,0,0,0,0,0,10,0
3,655,5,1,25,0,1,5,5,5,1,5,5,0,12,1,1,1,1,1,2,2,25200,63000,1,1,999,3,999,999,9,999,999,999,999,999,999,999,999,999,999,999,999,998,998,998,998,998,998,998,998,998,998,998,998,999,999,0,0,0,0,2,1,3,0,0,0,0,0,0,0,0,0,0,0,1,9999,5,5,5,1,2,5,5,1,5,0,5,0,0,0,0,0,5,0,0,99,99,99,99,99,1,10,0,100,0,0,0,0,0,0,0,0,0,0,0,0,0,0,0,0,0,0,10,0,0,0,0,0,0,0,999,999,999,4,4,99999,99999,9999,5,5,2,1,999,9,100,0,0,0,0,0,0,0
3,3231,4,1,21,0,1,5,5,5,1,5,1,52,0,1,1,1,1,1,2,2,23400,64800,1,1,65,5,60,5,1,999,999,999,999,999,999,999,999,999,999,999,999,0,0,999,999,2,0,0,0,0,0,0,0,999,999,0,0,0,0,1,1,3,0,0,0,0,0,0,0,0,0,0,0,1,12,9,5,5,5,0,0,0,0,0,0,1,5,5,1,5,5,5,0,0,11,4,0,0,0,1,6,0,0,1,0,0,0,98,998,98,998,0,0,11,0,2,0,1,0,0,0,0,0,0,0,0,0,0,0,999,999,2,2,2,5,6,9999,5,5,9,1,75,9,100,0,0,0,0,0,0,0
3,1882,4,7,25,0,1,5,1,5,1,5,5,36,0,1,1,1,1,1,2,2,25200,52200,5,5,87,4,74,4,1,0,0,0,0,0,0,19,0,46,0,9,0,0,0,9,0,63,0,2,0,0,0,0,0,0,0,3,0,30,0,1,2,0,1,5,5,5,5,5,5,5,5,5,5,5,0,0,0,0,5,0,0,0,0,0,0,1,1,1,1,5,5,1,999,999,4,4,4,4,0,1,10,0,0,7,0,1,0,0,0,0,0,0,0,1,0,7,0,6,0,1,0,99,999,99,999,99,999,0,0,3,999,999,2,2,7056,10785,2500,1,5,2,1,70,2,998,998,998,998,998,998,998,998
3,85,3,4,28,0,1,1,1,1,1,1,5,51,0,1,1,1,1,1,2,2,25200,64800,5,5,244,8,207,100,5,0,0,27,0,37,0,87,0,81,0,31,0,18,0,998,998,998,998,998,998,998,998,998,998,998,998,5,0,132,0,1,2,0,5,5,5,5,5,5,1,5,5,1,5,1,9999,9,1,1,1,73,1,5,5,5,0,1,1,1,1,5,5,1,191,0,90,40,60,0,0,1,6,98,998,98,998,98,998,98,998,98,998,98,998,0,0,90,0,0,0,1,0,11,0,1,0,0,0,0,0,90,0,0,75,75,99999,13821,9999,5,1,1,1,71,1,76,0,24,0,0,0,0,0
3,85,4,4,28,0,1,1,1,1,1,1,5,51,0,1,1,1,1,1,2,2,25200,64800,5,5,244,8,207,100,5,0,0,27,0,37,0,87,0,81,0,31,0,18,0,998,998,998,998,998,998,998,998,998,998,998,998,5,0,132,0,1,2,0,5,5,5,5,5,5,1,5,5,1,5,1,9999,9,1,1,1,73,1,5,5,5,0,1,1,1,1,5,5,1,191,0,90,40,60,0,0,1,6,98,998,98,998,98,998,98,998,98,998,98,998,0,0,90,0,0,0,1,0,11,0,1,0,0,0,0,0,90,0,0,75,75,99999,13821,9999,5,1,1,1,71,1,76,0,24,0,0,0,0,0
3,2159,3,7,4,0,1,1,1,5,1,1,5,0,12,1,1,1,1,1,2,2,21600,64800,5,5,34,4,40,10,5,0,0,6,0,10,0,10,0,8,0,6,0,2,0,38,0,2,0,0,0,0,0,0,0,0,0,0,0,998,998,2,1,3,0,0,0,0,0,0,0,0,0,0,0,1,65,3,5,5,1,2,5,1,5,5,2,1,1,1,1,5,5,5,0,0,7,5,0,0,1,9,99,5,0,2,0,0,0,0,0,0,0,0,0,4,0,1,0,99,999,99,999,2,0,99,999,99,999,0,0,1,999,999,3,3,10400,12000,9998,5,5,1,1,50,3,100,0,0,0,0,0,0,0
3,2159,4,7,4,0,1,1,1,5,1,1,5,0,12,1,1,1,1,1,2,2,21600,64800,5,5,34,4,40,10,5,0,0,6,0,10,0,10,0,8,0,6,0,2,0,38,0,2,0,0,0,0,0,0,0,0,0,0,0,998,998,2,1,3,0,0,0,0,0,0,0,0,0,0,0,1,65,3,5,5,1,2,5,1,5,5,2,1,1,1,1,5,5,5,0,0,7,5,0,0,1,9,99,5,0,2,0,0,0,0,0,0,0,0,0,4,0,1,0,99,999,99,999,2,0,99,999,99,999,0,0,1,999,999,3,3,10400,12000,9998,5,5,1,1,50,3,100,0,0,0,0,0,0,0
3,1219,3,7,9,0,1,1,1,5,1,1,5,0,12,1,1,1,1,1,2,2,27000,63000,5,5,74,7,70,2,1,9,0,12,0,15,0,19,0,13,0,3,0,0,0,55,0,2,0,11,0,2,0,0,0,0,0,1,0,3,0,2,1,3,0,0,0,0,0,0,0,0,0,0,0,1,284,5,5,5,1,2,5,5,5,1,0,1,1,5,1,5,5,5,0,0,10,8,2,0,0,1,7,4,0,2,0,6,0,0,0,0,0,0,0,12,0,4,0,99,999,99,999,1,0,99,999,99,999,12,0,1,999,12,13,7,8500,8750,3200,5,5,2,1,48,2,100,0,0,0,0,0,0,0
3,5680,4,1,18,0,1,5,1,5,1,5,5,0,9,1,1,1,1,1,2,2,32400,50400,5,5,999,10,133,4,1,5,0,15,0,24,0,39,0,45,0,5,0,0,0,133,0,0,0,0,0,0,0,0,0,0,0,0,0,0,0,1,2,0,5,5,1,5,5,5,5,5,5,5,5,1,9999,5,5,1,5,0,0,0,0,0,0,5,0,0,0,0,0,5,0,0,25,0,0,0,0,1,5,24,0,0,0,1,0,0,0,0,0,0,0,25,0,0,0,0,0,1,0,1,0,0,0,0,0,0,0,0,0,0,4,4,99999,99999,9999,5,5,5,1,80,1,100,0,0,0,0,0,0,0
3,4220,4,1,29,0,1,5,1,5,1,1,1,0,11,1,1,1,1,1,2,2,32100,53400,5,5,999,14,200,4,1,0,0,0,0,20,0,70,0,60,0,35,0,15,0,167,0,0,0,3,0,30,0,0,0,0,0,1,0,2,0,1,2,0,5,5,1,5,1,5,5,5,5,5,5,1,108,5,5,1,5,0,0,0,0,0,0,1,1,5,5,5,5,5,0,0,5,1,9,0,0,1,7,14,0,0,0,0,0,0,0,0,0,0,0,0,0,3,0,1,0,1,0,10,0,0,0,0,0,0,0,2,0,10,0,0,21350,26880,9999,5,5,1,5,80,2,100,0,0,0,0,0,0,0
3,2931,5,1,19,0,1,5,1,5,1,5,1,0,9,1,1,1,1,1,2,2,26100,63000,1,1,275,12,275,10,5,0,0,0,0,12,0,64,0,48,0,40,0,44,0,268,0,4,0,1,0,2,0,0,0,0,0,0,0,998,998,1,2,0,5,5,1,5,5,5,5,5,5,5,5,1,500,6,5,1,1,2,1,1,5,5,1,1,5,5,1,5,5,5,999,999,22,8,7,1,99,1,10,0,100,0,0,0,0,0,0,0,0,0,0,12,0,1,0,0,0,0,0,6,0,3,0,0,0,0,0,3,999,22,3,2,99999,99999,9999,5,5,1,9,87,3,90,0,0,0,0,0,10,0
3,1525,4,7,9,0,1,5,1,5,1,5,5,52,0,1,1,1,1,1,2,2,23400,64800,1,1,157,7,113,5,1,12,0,16,0,14,0,10,0,15,0,15,0,31,0,0,93,0,2,0,0,0,5,0,0,0,0,0,0,5,0,2,1,1,0,0,0,0,0,0,0,0,0,0,0,1,9999,9,9,9,1,999,9,9,9,9,99,1,9,9,9,9,9,5,999,999,24,16,13,5,0,1,9.5,21,0,1,0,1,0,1,0,0,0,0,0,2,0,4,0,0,0,7,0,6,0,99,999,99,999,99,999,4,0,24,5,5,99999,99999,9999,1,1,1,1,999,9,98,98,998,998,0,0,0,0
3,83,4,1,8,0,1,5,5,5,1,5,1,0,12,1,1,1,1,1,2,2,32400,43200,5,5,125,9,104,999,9,5,0,10,0,18,0,34,0,44,0,61,0,0,0,155,0,1,0,16,0,999,999,999,999,999,999,0,0,0,0,1,2,0,5,5,1,5,5,5,5,5,5,5,5,1,150,5,5,5,5,0,0,0,0,0,0,1,1,5,5,5,5,5,999,999,20,1,5,0,0,9,99,13,0,0,0,6,0,0,0,0,0,0,0,99,999,99,999,3,0,99,999,5,0,1,0,99,999,0,0,2,2,13,5,2,7800,99999,9999,5,1,1,5,80,2,100,0,0,0,0,0,0,0
3,4134,4,1,15,0,1,5,1,5,1,1,5,0,9,2,1,2,1,1,2,2,34200,48900,5,5,172,12,233,10,1,0,0,36,0,73,0,72,0,55,0,999,999,999,999,228,0,0,0,0,0,5,0,0,0,0,0,0,0,1,0,1,1,3,0,0,0,0,0,0,0,0,0,0,0,1,748.58002,6,5,1,5,0,0,0,0,0,0,1,1,5,5,5,5,5,0,0,27,0,0,0,0,1,7,27,0,0,0,0,0,0,0,0,0,0,0,29,0,13,0,99,999,1,0,7,0,1,0,0,0,3,0,999,999,27,6,1,3194,5092,809.59003,1,5,1,1,81,1,99,0,0,0,0,0,1,0
3,365,3,2,15,0,1,5,1,5,1,5,5,0,9,2,1,1,1,2,2,2,31800,39600,5,5,37,3,37,1,1,0,0,0,0,0,0,5,0,23,0,9,0,0,0,37,0,0,0,0,0,0,0,0,0,0,0,0,0,0,0,1,1,3,0,0,0,0,0,0,0,0,0,0,0,1,35,5,5,5,5,0,0,0,0,0,0,1,1,5,5,5,5,5,0,0,1,0,0,0,0,1,11,1,0,0,0,0,0,0,0,0,0,0,0,0,0,0,0,0,0,0,0,1,0,0,0,0,0,0,0,0,0,0,1,1,6000,6000,9998,5,5,1,5,75,2,75,0,0,0,0,0,25,0
3,5613,5,99,25,0,1,1,1,5,1,5,5,0,12,1,1,1,1,1,2,2,26100,63000,5,1,999,3,220,10,5,7,0,12,0,22,0,29,0,28,0,44,0,36,0,0,96,0,2,0,0,0,1,0,0,0,1,3,0,35,0,1,1,3,0,0,0,0,0,0,0,0,0,0,0,1,9999,9,9,9,1,35,5,1,5,5,35,1,1,1,1,5,5,1,0,15,48,25,2,2,99,9,99,0,98,0,1,0,0,0,0,0,0,0,1,0,0,9,0,2,0,10,0,25,0,2,0,0,0,0,0,25,0,0,2,2,7,8,9999,5,1,1,1,80,1,80,10,10,0,0,1,5,0
3,892,4,3,10,0,1,5,1,5,1,1,5,52,0,1,1,1,1,1,2,2,25200,66600,1,1,999,9,103,7,1,0,0,0,0,0,0,25,0,10,0,20,0,27,0,999,999,999,999,999,999,999,999,999,999,999,999,2,0,999,999,1,1,3,0,0,0,0,0,0,0,0,0,0,0,1,499,5,5,5,1,5,1,5,5,5,99,1,1,5,5,5,5,5,999,999,17,6,99,99,0,1,10,15,0,0,0,0,0,1,0,1,0,0,0,99,999,99,999,99,999,99,999,99,999,99,999,99,999,99,999,999,999,999,99,9,99999,99999,9999,5,5,1,1,96,1,98,0,0,0,0,0,2,0
3,4862,4,1,15,0,1,5,1,5,1,1,5,0,9,1,1,1,1,2,2,2,33300,46800,5,5,999,12,127,8,1,0,0,11,0,36,0,32,0,36,0,12,0,0,0,123,0,0,0,0,0,0,0,0,0,4,0,0,0,0,0,1,2,0,5,5,1,5,5,5,5,5,5,5,5,1,126,5,5,1,5,0,0,0,0,0,0,1,1,5,5,5,5,5,0,0,10,0,8,0,0,9,99,18,0,0,0,0,0,0,0,0,0,0,0,3,0,2,0,0,0,1,0,10,0,2,0,0,0,0,0,0,0,18,6,5,650,670,58,5,1,1,1,80,2,99,0,0,0,0,0,1,0
3,4239,2,3,12,0,1,1,1,5,1,1,5,0,12,1,1,1,1,1,2,2,23400,64800,5,5,50,6,50,3,5,0,0,0,0,14,0,20,0,10,0,0,0,8,0,41,0,2,0,3,0,0,0,2,0,0,0,0,0,2,0,1,1,3,0,0,0,0,0,0,0,0,0,0,0,1,390,5,5,5,1,6,1,5,5,5,2,1,1,1,1,5,5,1,6,0,6,6,0,0,0,1,8,5,0,0,0,0,0,1,0,0,0,0,0,0,0,0,0,0,0,1,0,3,0,2,0,0,0,0,0,6,999,999,2,2,14560,14560,3250,1,5,1,1,87,2,75,4,20,0,0,0,1,0
3,5528,2,97,5,0,1,1,1,5,1,5,5,0,12,1,1,1,1,1,1,2,21600,57600,5,5,6,2,6,2,5,3,0,2,0,1,0,0,0,0,0,0,0,0,0,4,0,1,0,1,0,0,0,0,0,0,0,0,0,6,0,1,2,0,5,1,5,5,5,5,5,5,5,5,5,5,0,0,0,0,9,999,9,9,9,9,99,1,1,1,1,5,5,5,0,0,53,0,5,1,0,1,2,6,0,0,0,0,0,0,0,0,0,0,0,2,0,1,0,99,999,99,999,3,0,99,999,99,999,99,999,0,0,0,7,5,0,0,9999,1,5,5,5,70,1,0,999,999,998,998,998,998,998
3,4211,4,1,34,0,1,5,1,5,1,5,5,0,9,1,1,1,1,1,2,2,33600,52200,5,5,132,14,252,10,1,0,0,0,0,0,0,108,0,108,0,36,0,0,0,245,0,4,0,0,0,3,0,0,0,0,0,3,0,0,0,2,1,3,0,0,0,0,0,0,0,0,0,0,0,1,75,5,5,1,5,0,0,0,0,0,0,1,1,5,5,5,5,5,0,0,8,0,17,0,0,1,6,25,0,0,0,0,0,0,0,0,0,0,0,0,0,0,0,0,0,0,0,8,0,0,0,0,0,0,0,999,999,17,1,1,8,10,9999,5,5,5,5,80,3,100,0,0,0,0,0,0,0
3,3516,4,7,44,0,1,5,1,5,1,1,5,0,10,1,1,1,1,1,2,2,33300,56700,5,5,100,7,90,3,1,0,0,0,0,20,0,10,0,30,0,30,0,0,0,0,100,0,0,0,0,0,0,0,0,0,0,0,0,0,0,1,1,3,0,0,0,0,0,0,0,0,0,0,0,1,9999,5,5,5,5,0,0,0,0,0,0,5,0,0,0,0,0,5,0,0,6,0,1,0,99,9,99,0,100,0,0,0,0,0,0,0,0,0,0,0,0,0,0,0,0,0,0,0,10,0,90,0,0,0,0,999,999,6,2,2,50,99999,9999,5,1,5,5,65,3,100,0,0,0,0,0,0,0
3,3567,3,1,25,0,1,1,1,1,1,1,1,0,12,1,1,1,1,1,2,2,26100,64800,1,1,115,5,120,40,1,0,0,0,0,6,0,18,0,16,0,16,0,64,0,112,0,5,0,4,0,0,6,1,0,1,0,0,0,7,0,1,2,0,5,5,1,5,5,5,5,5,5,5,5,1,2,1,5,5,1,7,1,5,5,5,0,1,1,5,1,5,5,5,0,0,7,3,6,3,0,1,10,12,0,1,0,0,0,0,0,0,0,0,0,12,0,5,0,1,0,2,0,2,0,0,0,0,0,1,0,5,0,13,4,4,9240,9000,200,1,5,1,1,60,2,95,0,2.5,0,0,0,2,0
3,451,4,2,5,0,1,5,1,1,1,1,5,0,10,1,1,1,1,1,2,2,32400,55800,5,5,108,6,108,6,5,0,0,0,0,0,0,0,0,108,0,0,0,0,0,61,0,18,0,10,0,19,0,0,0,0,0,0,22,0,39,1,2,0,5,5,5,1,5,5,5,5,5,1,5,5,0,0,0,0,1,108,5,5,5,1,0,1,1,5,5,5,5,5,0,0,3,3,5,1,0,1,18,0,100,0,0,0,0,0,0,0,0,0,0,99,999,99,999,99,999,99,999,0,66.669998,0,33.330002,99,999,0,0,1,3,999,0,0,30000,55000,2315,1,5,1,1,45,2,0,95,0,5,0,0,0,0
3,5315,4,7,9,0,1,1,1,5,1,5,5,0,11,1,1,1,1,1,2,2,28800,64800,1,1,14,2,29,1,1,0,0,0,0,2,0,9,0,5,0,3,0,10,0,21,0,2,0,3,0,3,0,0,0,0,0,3,0,1,0,2,1,3,0,0,0,0,0,0,0,0,0,0,0,1,600,5,5,5,1,1,1,5,5,5,0,1,1,1,1,1,5,1,0,0,2,2,1,1,0,1,4,2,0,1,0,0,0,0,0,0,0,0,0,3,0,2,0,99,999,99,999,1,0,99,999,99,999,0,0,2,999,999,0,0,16000,54000,605,5,5,2,1,50,3,90,10,0,0,0,0,0,0
3,789,7,1,24,0,1,5,1,5,1,5,5,0,9,1,1,1,1,1,2,2,31500,56700,5,5,49,3,110,4,1,0,0,0,0,0,0,38,0,32,0,30,0,10,0,106,0,0,0,0,0,4,0,0,0,0,0,0,0,998,998,1,2,0,5,5,1,5,5,5,5,5,5,5,5,1,125,5,5,1,5,0,0,0,0,0,0,1,1,5,5,5,5,5,999,999,7,0,0,99,0,1,9,7,0,0,0,0,0,0,0,0,0,0,0,0,0,0,0,2,0,0,0,3,0,2,0,0,0,0,0,999,999,2,0,0,99999,7280,1000,5,5,2,1,75,2,100,0,0,0,0,0,0,0
3,1223,4,1,12,0,1,5,1,5,1,5,5,0,9,1,1,1,1,1,2,2,32400,53100,5,5,24,4,89,4,1,0,0,0,0,0,0,0,25,0,50,0,25,0,0,0,90,0,0,0,9,0,1,0,0,0,0,0,0,1,0,2,1,3,0,0,0,0,0,0,0,0,0,0,0,1,9999,5,5,5,1,1,5,5,1,5,0,1,1,5,5,5,5,5,0,0,2,2,3,0,0,1,8,5,0,0,0,0,0,0,0,0,0,0,0,0,0,2,0,0,0,0,0,2,0,1,0,0,0,0,0,0,0,5,0,0,3500,7000,135,5,5,5,1,55,3,100,0,0,0,0,0,0,0
3,3646,3,1,27,0,1,1,1,1,1,1,1,52,0,1,1,1,1,1,2,2,23400,64800,5,5,123,7,82,9,1,14,0,12,0,16,0,15,0,15,0,10,0,0,0,72,0,3,0,0,0,0,0,0,0,7,0,1,0,7,0,1,2,0,5,5,1,5,5,5,5,5,5,5,5,1,90,3,5,5,1,7,1,5,5,5,7,1,1,5,1,5,5,1,68,0,20,15,2,0,0,1,7.5,0,100,0,0,0,0,0,0,0,0,0,0,9,0,3,0,6,0,0,0,0,0,0,0,0,0,2,0,1,999,13,4,4,6,5802,3800,5,5,5,1,78,2,76,0,0,0,0,0,0,24
3,2408,4,7,15,0,1,1,1,5,1,1,5,0,12,1,1,1,1,1,2,2,22500,65700,1,1,112,5,85,9,1,0,0,8,0,10,0,19,0,15,0,15,0,18,0,68,0,7,0,6,0,4,0,0,0,0,0,1,0,0,0,2,1,2,0,0,0,0,0,0,0,0,0,0,0,1,9999,9,9,9,5,0,0,0,0,0,0,1,9,9,9,9,9,5,0,0,15,14,4,3,0,1,6,14,0,1,0,0,0,0,0,0,0,0,0,14,0,8,0,0,0,0,0,5,0,0,0,0,0,0,0,0,0,0,21,9,7,7,9998,5,5,1,1,54,3,100,0,0,0,0,0,0,0
3,2326,5,2,6,0,1,5,1,1,1,5,5,0,10,1,1,1,1,1,2,2,31500,54000,5,5,999,3,40,5,1,0,0,0,0,0,0,0,15,0,20,0,5,0,60,0,95,0,5,0,0,0,0,0,0,0,0,40,0,15,0,9,2,0,5,5,5,1,5,5,5,5,5,5,5,1,10,2,5,5,5,0,0,0,0,0,0,1,1,1,1,5,5,5,0,20,2,2,2,2,0,1,15,0,100,0,0,0,0,0,0,0,0,0,0,0,50,0,0,0,0,0,0,0,50,0,0,0,0,0,0,999,1,999,0,0,25000,36000,4000,5,9,9,9,999,9,999,999,999,999,999,999,999,999
3,4874,4,1,10,0,1,1,1,5,1,1,1,52,0,1,1,1,1,1,2,2,23400,64800,1,1,60,3,32,7,5,3,0,2,0,5,0,4,0,1,0,8,0,9,0,30,0,1,0,1,0,0,0,0,0,0,0,0,0,0,0,1,2,0,5,5,1,5,5,5,5,5,5,5,5,1,55,3,5,5,5,0,0,0,0,0,0,1,1,5,5,5,5,5,0,0,6,4,0,0,0,1,9.5,6,0,0,0,0,0,0,0,0,0,0,0,4,0,2,0,0,0,0,0,0,0,0,0,0,0,0,0,999,999,999,0,2,5,99999,9999,5,5,2,1,999,2,100,0,0,0,0,0,0,0
3,2852,4,1,27,0,1,5,1,5,1,5,5,40,0,1,1,1,1,1,2,2,30600,54000,5,5,20,3,42,0,5,0,0,0,0,0,0,20,0,22,0,0,0,0,0,40,0,0,0,0,0,2,0,0,0,0,0,0,0,0,0,1,1,3,0,0,0,0,0,0,0,0,0,0,0,1,110,5,5,5,5,0,0,0,0,0,0,1,1,5,5,5,5,5,0,0,2,0,0,0,0,1,10,2,0,0,0,0,0,0,0,0,0,0,0,0,0,0,0,0,0,0,0,1,0,1,0,0,0,0,0,0,0,0,0,0,99998,19500,9999,5,5,1,1,65,2,100,0,0,0,0,0,0,0
3,1275,3,3,5,0,1,1,1,1,1,1,5,0,12,1,1,1,1,1,2,2,23400,66600,1,1,132,6,144,10,1,16,0,999,999,16,0,41,0,40,0,999,999,30,0,114,0,24,0,3,0,10,0,0,0,0,0,1,0,4,0,2,1,3,0,0,0,0,0,0,0,0,0,0,0,1,145,3,5,5,5,0,0,0,0,0,0,1,1,1,1,5,5,5,0,0,18,15,99,99,0,1,12,6,0,13,0,0,0,0,0,0,0,0,0,8,0,6,0,1,0,0,0,3,0,0,0,0,0,0,0,999,999,18,4,3,13500,99999,9999,5,9,9,9,999,9,999,999,999,999,999,999,999,999
3,2289,4,1,1,0,1,5,1,5,1,1,1,0,12,1,2,1,2,1,2,1,31800,43800,5,1,999,3,36,0,1,0,0,0,0,0,0,12,0,0,.67000002,0,.33000001,0,0,0,98,0,1,0,1,0,0,0,0,0,0,1,0,2,0,1,2,0,5,5,1,5,5,5,5,5,5,5,5,1,70,5,5,1,5,0,0,0,0,0,0,1,1,5,5,5,5,5,999,999,4,1,2,0,0,1,6,0,100,0,0,0,0,0,0,0,0,0,0,0,50,0,50,0,0,0,0,3,0,0,0,0,0,0,0,999,999,6,2,2,3150,3100,130,5,5,2,9,65,2,95,0,0,0,0,0,5,0
3,2979,5,1,9,0,1,1,1,5,1,5,1,0,12,1,1,1,1,1,2,2,23400,63000,1,1,55,7,105,3,1,7,0,10,0,7,0,10,0,13,0,27,0,30,0,102,0,1,0,3,0,0,0,0,0,0,0,0,0,4,0,1,1,3,0,0,0,0,0,0,0,0,0,0,0,1,60,3,5,1,1,3,5,1,5,5,3,1,1,5,1,5,5,5,0,0,11,11,0,0,0,1,15,11,0,0,0,0,0,0,0,0,0,0,0,11,0,2,0,2,0,1,0,0,0,0,0,0,0,0,0,999,999,2,4,1,10000,11000,2400,1,5,1,5,5,3,100,0,0,0,0,0,0,0
3,2368,3,7,5,0,1,1,5,5,1,1,5,52,0,1,1,1,1,1,2,2,25200,64800,1,1,95,4,92,3,1,13,0,2,0,18,0,25,0,23,0,10,0,0,0,90,0,0,0,1,0,1,0,0,0,0,0,0,0,4,0,2,1,3,0,0,0,0,0,0,0,0,0,0,0,1,130,3,5,5,1,6,1,5,5,5,99,5,0,0,0,0,0,5,0,0,17,11,14,10,0,1,7,17,0,0,0,0,0,0,0,0,0,0,0,15,0,3,0,1,0,0,0,2,0,0,0,0,0,0,0,999,999,17,0,8,7,6,9998,1,9,9,9,999,9,999,999,999,999,999,999,999,999
3,1858,2,3,45,0,1,1,1,5,1,1,5,52,0,1,1,1,1,1,2,2,21600,64800,1,1,68,6,80,25,1,2,0,3,0,8,0,8,0,8,0,8,0,39,0,0,80,0,10,0,10,0,0,0,0,0,0,0,0,0,95,2,1,3,0,0,0,0,0,0,0,0,0,0,0,1,17,2,5,5,1,75,5,5,5,1,0,1,1,5,5,5,5,5,999,999,6,6,0,0,0,1,13,3,0,0,0,3,0,0,0,0,0,0,0,6,0,5,0,1,0,1,0,0,0,0,0,0,0,0,0,999,999,999,0,1,99999,99999,9999,1,9,2,1,999,9,998,998,998,998,998,998,998,998
3,3077,4,1,23,0,1,5,1,5,1,1,5,0,9,1,1,1,1,1,2,2,31500,54900,5,5,999,8,105,6,1,0,0,0,0,0,0,39,0,64,0,2,0,0,0,105,0,0,0,0,0,0,0,0,0,0,0,0,0,0,0,1,1,3,0,0,0,0,0,0,0,0,0,0,0,1,65,5,5,1,5,0,0,0,0,0,0,1,1,5,5,5,5,5,0,0,2,0,3,0,0,1,21,5,0,0,0,0,0,0,0,0,0,0,0,1,0,0,0,0,0,0,0,4,0,0,0,0,0,0,0,0,999,999,0,0,99999,99999,9999,5,5,5,1,80,3,100,0,0,0,0,0,0,0
3,1717,3,3,8,0,1,1,1,5,1,5,5,52,0,1,1,1,1,1,2,2,23400,66600,1,1,150,7,117,5,5,4,0,12,0,20,0,15,0,30,0,10,0,26,0,90,0,10,0,11,0,1,0,999,999,5,0,2,0,5,0,2,1,3,0,0,0,0,0,0,0,0,0,0,0,1,86,3,5,5,5,0,0,0,0,0,0,1,1,5,1,5,5,5,2,0,15,8,3,2,0,1,14.5,11,0,0,0,2,0,2,0,0,0,0,0,12,0,3,0,5,0,99,999,2,0,1,0,99,999,0,0,999,12,999,5,3,10000,15000,9998,1,5,1,1,43,3,99,0,0,0,0,0,1,0
3,4939,3,2,2.5,0,1,5,1,5,1,5,5,0,10,1,1,1,1,1,2,2,32400,40500,5,1,8,1,8,0,1,0,0,0,0,0,0,2,0,1,0,4,0,1,0,8,0,0,0,0,0,0,0,0,0,0,0,8,0,0,0,1,2,0,5,5,5,1,5,5,5,5,5,5,5,5,0,0,0,0,1,8,9,9,9,9,0,1,1,5,5,5,5,5,0,0,6,1,2,0,0,1,8,6,0,0,0,0,0,0,0,0,0,0,0,0,0,1,0,0,0,0,0,2,0,2,0,0,0,0,0,1,0,6,0,0,17000,20000,9999,1,5,1,1,85,1,0,20,0,80,0,0,0,0
3,3514,4,6,99,99,1,5,1,5,1,5,5,0,10.5,1,1,1,1,1,2,2,34200,43200,5,5,20,1,13,0,9,0,0,0,0,0,0,4,0,9,0,0,0,0,0,10,0,2,0,2,0,0,0,0,0,0,0,0,0,999,999,1,2,0,5,5,5,5,5,5,5,5,5,1,5,1,85,5,5,5,5,0,0,0,0,0,0,5,0,0,0,0,0,5,999,999,1,0,1,0,0,1,10,2,0,0,0,0,0,0,0,0,0,0,0,99,999,1,0,99,999,99,999,1,0,99,999,99,999,0,0,999,2,999,0,0,99999,10000,80,5,5,1,1,99,1,80,0,0,20,0,0,0,0
3,2914,3,7,7,0,1,1,1,5,1,5,5,0,12,1,1,1,1,1,2,2,21600,66600,1,1,214,8,170,9,1,11,0,10,0,20,0,30,0,35,0,35,0,50,0,998,998,998,998,998,998,998,998,998,998,998,998,5,0,998,998,2,1,3,0,0,0,0,0,0,0,0,0,0,0,1,67.5,3,5,5,1,25,1,5,5,5,0,1,1,1,1,5,5,1,999,999,25,20,99,99,0,9,99,98,998,99,999,98,998,98,998,98,998,98,998,98,998,98,998,98,998,98,998,98,998,98,998,98,998,98,998,4,20,999,99,99,5,6,9998,5,5,1,1,998,3,998,998,998,998,998,998,998,998
3,4725,3,97,10,0,1,1,5,1,1,1,5,52,0,1,1,1,1,1,2,2,21600,64800,1,1,300,13,290,10,1,28,0,42,0,70,0,90,0,40,0,20,0,0,0,90,0,128,0,35,0,30,0,0,0,7,0,15,0,7,0,1,1,9,0,0,0,0,0,0,0,0,0,0,0,1,9999,9,1,5,1,7,1,5,5,5,0,1,1,1,1,5,5,1,0,0,62,25,8,8,0,1,7,11,0,41,0,7,0,1,0,1,0,1,0,29,0,8,0,19,0,3,0,3,0,0,0,0,0,0,0,15,62,0,0,1,7,9,199,5,1,1,1,98,1,100,0,0,0,0,0,0,0
3,3672,3,7,22,0,1,1,5,1,5,5,5,0,12,1,1,1,1,1,2,2,25200,64800,1,1,45,4,60,8,1,0,0,0,0,4,0,15,0,16,0,8,0,17,0,58,0,0,0,1,0,0,0,1,0,0,0,5,0,9,0,1,1,3,0,0,0,0,0,0,0,0,0,0,0,1,435,5,5,5,1,5,1,5,5,5,0,1,1,1,1,5,5,1,9,0,7,5,2,0,1,1,8,9,0,0,0,0,0,0,0,0,0,0,0,0,0,1,0,0,0,4,0,2,0,0,0,0,0,0,0,1,999,999,0,2,13520,14025,5671,1,5,2,1,76,3,91,3,0,0,0,0,6,0
3,3672,4,7,22,0,1,1,5,1,5,5,5,0,12,1,1,1,1,1,2,2,25200,64800,1,1,45,4,60,8,1,0,0,0,0,4,0,15,0,16,0,8,0,17,0,58,0,0,0,1,0,0,0,1,0,0,0,5,0,9,0,1,1,3,0,0,0,0,0,0,0,0,0,0,0,1,435,5,5,5,1,5,1,5,5,5,0,1,1,1,1,5,5,1,9,0,7,5,2,0,1,1,8,9,0,0,0,0,0,0,0,0,0,0,0,0,0,1,0,0,0,4,0,2,0,0,0,0,0,0,0,1,999,999,0,2,13520,14025,5671,1,5,2,1,76,3,91,3,0,0,0,0,6,0
3,2735,5,7,4,0,1,1,5,5,1,5,1,0,12,1,1,1,1,1,2,2,23400,66600,9,9,60,3,45,1,1,0,0,0,0,0,0,10,0,20,0,8,0,7,0,41,0,0,0,0,0,4,0,0,0,0,0,0,0,0,0,2,1,3,0,0,0,0,0,0,0,0,0,0,0,1,425,5,5,5,5,0,0,0,0,0,0,1,1,1,1,5,5,5,0,0,9,7,99,99,0,1,8,9,0,0,0,0,0,0,0,0,0,0,0,9,0,2,0,0,0,1,0,2,0,0,0,0,0,0,0,999,999,999,3,3,6,99999,9999,5,5,1,1,75,2,100,0,0,0,0,0,0,0
3,6325,3,7,6,0,1,1,1,5,1,5,5,0,12,1,1,1,1,1,2,2,21600,64800,1,1,89,8,120,40,1,8,0,12,0,10,0,20,0,20,0,15,0,35,0,0,75,0,25,0,0,0,0,0,0,0,0,0,0,45,0,2,1,3,0,0,0,0,0,0,0,0,0,0,0,1,17.799999,2,5,5,1,44,5,5,5,1,0,1,1,1,1,5,5,5,999,999,21,9,12,0,0,9,99,20,0,1,0,0,0,0,0,0,0,0,0,11,0,8,0,99,999,1,0,1,0,99,999,99,999,0,0,21,21,999,8,2,10712,12896,9999,5,5,2,1,50,3,70,30,0,0,0,0,0,0
3,1350,5,3,5,0,1,5,1,5,5,5,1,36,0,1,2,1,2,1,2,2,27900,62100,5,1,44,3,60,999,9,0,0,0,0,0,0,20,0,10,0,30,0,28,0,0,94,0,0,0,3,0,3,0,0,0,0,0,0,0,5,1,1,3,0,0,0,0,0,0,0,0,0,0,0,1,50,5,5,1,5,0,0,0,0,0,0,5,0,0,0,0,0,5,0,0,1,0,2,0,0,1,10,3,0,0,0,0,0,0,0,0,0,0,0,0,100,98,998,0,0,0,0,0,0,0,0,0,0,0,0,0,999,999,1,1,11586,11586,725,5,5,2,1,79,2,86,0,0,0,0,0,14,0
3,3432,3,7,13,0,1,1,1,5,1,5,5,52,0,1,1,1,1,1,2,2,21600,63000,1,1,60,5,55,7,5,0,0,9,0,10,0,14,0,12,0,0,0,10,0,54,0,1,0,0,0,0,0,0,0,0,0,0,3,2,0,2,9,9,9,9,9,9,9,9,9,9,9,9,9,1,50,3,5,5,1,9,5,1,5,5,99,1,1,5,1,5,5,5,0,0,6,5,0,99,0,9,99,6,0,0,0,0,0,0,0,0,0,0,0,5,0,0,0,0,0,0,0,1,0,0,0,0,0,0,0,999,6,6,2,3,9880,75000,9999,5,5,1,1,999,3,100,0,0,0,0,0,0,0
3,3432,4,7,13,0,1,1,1,5,1,5,5,52,0,1,1,1,1,1,2,2,21600,63000,1,1,60,5,55,7,5,0,0,9,0,10,0,14,0,12,0,0,0,10,0,54,0,1,0,0,0,0,0,0,0,0,0,0,3,2,0,2,9,9,9,9,9,9,9,9,9,9,9,9,9,1,50,3,5,5,1,9,5,1,5,5,99,1,1,5,1,5,5,5,0,0,6,5,0,99,0,9,99,6,0,0,0,0,0,0,0,0,0,0,0,5,0,0,0,0,0,0,0,1,0,0,0,0,0,0,0,999,6,6,2,3,9880,75000,9999,5,5,1,1,999,3,100,0,0,0,0,0,0,0
3,1151,4,2,10,0,1,1,5,1,1,5,5,0,9,1,1,1,1,1,2,2,27000,63000,5,5,150,12,150,18,1,0,0,0,0,0,0,75,0,65,0,10,0,0,0,0,70,0,25,0,5,0,0,0,0,0,0,43,0,0,95,1,2,0,1,5,5,5,5,5,5,5,5,5,5,5,0,0,0,0,5,0,0,0,0,0,0,1,1,1,1,5,5,1,150,0,9,9,11,11,0,1,5,17,0,3,0,0,0,0,0,0,0,0,0,0,0,0,0,0,0,0,0,0,50,0,50,0,0,0,0,5,10,999,2,2,22000,28000,5000,1,5,1,1,82,9,0,100,0,0,0,0,0,0
3,5579,3,7,13,0,1,1,1,5,1,5,5,0,12,1,1,1,1,1,2,2,23400,64800,1,1,55,4,90,45,1,0,0,10,0,6,0,14,0,10,0,10,0,40,0,0,88,0,5,0,5,0,0,0,2,0,0,0,0,0,50,2,1,3,0,0,0,0,0,0,0,0,0,0,0,1,65,3,5,5,1,45,5,5,5,1,0,1,1,5,5,5,5,5,0,0,5,5,1,0,0,9,99,3,0,0,0,1,0,1,0,0,0,0,0,3,0,1,0,0,0,0,0,1,0,0,0,0,0,0,0,999,999,999,1,1,99999,99999,9999,5,5,5,5,60,3,55,25,20,0,0,0,0,0
3,590,3,7,8,0,1,1,5,5,5,5,5,0,12,1,1,1,1,1,2,2,21600,64800,1,1,38,3,36,2,1,5,0,2,0,2,0,6,0,5,0,4,0,12,0,34,0,0,0,0,0,2,0,0,0,0,0,0,10,2,0,2,1,3,0,0,0,0,0,0,0,0,0,0,0,1,18,2,5,5,1,10,1,5,5,5,99,5,0,0,0,0,0,5,0,0,5,4,0,0,0,1,10,5,0,0,0,0,0,0,0,0,0,0,0,5,0,1,0,0,0,1,0,0,0,0,0,0,0,0,0,999,999,999,0,1,7000,10000,9999,1,5,5,1,75,2,80,0,20,0,0,0,0,0
3,2196,3,2,12,0,1,5,1,5,1,1,5,0,9,1,1,1,1,2,2,2,32100,55800,5,1,200,99,115,5,5,0,0,0,0,2,0,40,0,0,0,20,0,0,0,100,0,1,0,0,0,1,0,2,0,0,0,1,0,0,0,2,2,0,5,5,5,1,5,5,5,5,5,5,5,1,85,5,5,5,5,0,0,0,0,0,0,1,1,5,5,5,5,5,0,0,8,0,2,99,0,1,9,8,0,0,0,0,0,0,0,0,0,0,0,99,999,99,999,99,999,99,999,99,999,99,999,99,999,99,999,999,999,999,1,1,99999,99999,9999,1,5,1,1,98,3,100,0,0,0,0,0,0,0
3,2257,2,1,10,0,1,1,5,5,1,1,1,52,0,1,1,1,1,1,2,2,23400,63900,1,1,999,6,112,16,5,16,0,16,0,20,0,20,0,20,0,20,0,999,999,0,0,0,100,0,0,0,0,0,0,0,0,0,0,0,90,1,2,0,5,5,1,5,5,5,5,5,5,5,5,1,95,3,5,5,1,999,1,5,5,5,0,1,1,1,1,5,5,1,0,85,19,19,13,11,0,1,7,0,0,0,100,0,0,0,0,0,0,0,0,4,0,12,0,1,0,1,0,1,0,99,999,99,999,0,0,10,999,999,99,99,10400,99999,9999,1,5,1,1,999,3,999,999,999,999,999,999,999,999
3,2257,3,1,10,0,1,1,5,5,1,1,1,0,12,1,1,1,1,1,2,2,23400,63900,1,1,999,6,112,16,5,16,0,16,0,20,0,20,0,20,0,20,0,999,999,0,0,0,100,0,0,0,0,0,0,0,0,0,0,0,90,1,2,0,5,5,1,5,5,5,5,5,5,5,5,1,95,3,5,5,1,999,1,5,5,5,0,1,1,1,1,5,5,1,0,85,19,19,13,11,0,1,7,0,0,0,100,0,0,0,0,0,0,0,0,4,0,12,0,1,0,1,0,1,0,99,999,99,999,0,0,10,999,999,99,99,10400,99999,9999,1,5,1,1,999,3,998,998,998,998,998,998,998,998
3,1498,4,97,24,0,1,5,1,5,1,5,5,0,9,1,1,1,1,1,2,2,32400,41400,5,5,21,2,39,3,5,0,0,0,0,0,0,4,0,17,0,8,0,0,0,38,0,0,0,1,0,0,0,0,0,0,0,0,0,0,0,1,2,0,5,5,5,5,5,5,5,5,1,5,5,1,88,5,5,1,5,0,0,0,0,0,0,1,1,5,5,5,5,5,0,0,2,0,1,0,0,1,11,2,0,0,0,0,0,0,0,0,0,0,0,0,0,0,0,0,0,1,0,1,0,0,0,0,0,0,0,999,999,999,0,0,11000,12000,998,1,5,1,1,85,2,90,0,0,0,0,0,10,0
3,1210,4,1,11,0,1,5,1,5,1,5,1,0,9,1,1,1,1,1,2,2,33300,63900,1,1,115,6,100,4,1,9,0,8,0,15,0,12,0,12,0,0,0,44,0,100,0,0,0,0,0,0,0,0,0,0,0,3,0,998,998,1,2,0,5,5,1,5,5,5,5,5,5,5,5,1,9999,9,5,5,1,10,5,5,5,1,99,1,1,1,5,5,5,1,999,999,16,12,99,99,0,1,6,99,999,99,999,99,999,99,999,99,999,99,999,2,0,1,0,4,0,3,0,4,0,2,0,0,0,0,0,999,999,999,2,2,99999,99999,9999,1,5,1,1,88,2,999,999,999,999,999,999,999,999
3,2324,4,97,1,0,1,5,5,5,1,1,5,52,0,1,1,1,1,1,2,2,23400,66600,1,1,225,11,130,10,1,6,0,6,0,16,0,25,0,25,0,10,0,42,0,30,0,50,0,20,0,0,0,0,0,0,0,3,0,0,35,2,1,2,0,0,0,0,0,0,0,0,0,0,0,1,90,3,5,5,1,40,1,5,5,5,0,1,1,1,1,5,5,1,0,35,15,13,0,0,0,9,99,6,0,7,0,2,0,0,0,0,0,0,0,0,95,0,2,0,0,0,0,0,0,0,1,0,0,0,0,2,15,999,12,13,9996,10500,3650,1,5,5,1,40,2,80,20,0,0,0,0,0,0
3,285,4,1,15,0,1,5,1,5,1,5,5,0,9,1,1,1,1,1,2,2,33900,55800,5,5,999,4,45,2,5,0,0,0,0,0,0,9,0,33,0,3,0,0,0,42,0,1,0,0,0,0,0,1,0,1,0,1,0,998,998,1,1,3,0,0,0,0,0,0,0,0,0,0,0,1,50,5,5,5,5,0,0,0,0,0,0,5,0,0,0,0,0,5,0,0,1,1,1,0,0,1,15,2,0,0,0,0,0,0,0,0,0,0,0,0,0,2,0,0,0,0,0,0,0,0,0,0,0,0,0,999,999,999,0,0,11000,8300,9999,5,5,5,5,75,2,90,0,0,0,2,4,4,0
3,578,4,1,2,0,1,1,1,5,1,5,1,52,0,1,1,1,1,1,2,2,21600,64800,1,1,60,3,57,5,1,7,0,5,0,9,0,12,0,14,0,2,0,5,0,998,998,2,0,998,998,998,998,998,998,998,998,0,0,10,0,2,1,3,0,0,0,0,0,0,0,0,0,0,0,1,60,3,5,5,5,0,0,0,0,0,0,1,1,5,1,5,5,5,0,0,11,9,2,0,0,9,99,9,0,99,999,99,999,99,999,99,999,99,999,10,0,3,0,99,999,98,998,1,0,98,998,98,998,98,998,0,0,9,4,2,5,6,998,5,5,1,1,90,1,100,0,0,0,0,0,0,0
3,715,4,2,10,0,1,5,1,5,1,1,5,0,9,1,1,1,1,1,2,2,34200,50400,5,5,65,5,65,998,9,0,0,0,0,0,0,20,0,80,0,0,0,0,0,63,0,0,0,1,0,1,0,0,0,0,0,0,0,0,0,1,2,0,9,9,9,9,9,9,9,9,9,9,9,1,64,7,5,5,5,0,0,0,0,0,0,1,1,5,5,5,5,5,0,0,2,0,1,0,0,1,10,2,0,0,0,0,0,0,0,0,0,0,0,0,0,1,0,0,0,0,0,1,0,0,0,0,0,0,0,0,0,0,0,0,12000,8000,9998,5,5,2,1,90,2,100,0,0,0,0,0,0,0
3,2525,6,7,7,0,1,1,5,5,5,5,5,0,12,1,1,1,1,1,2,2,21600,99999,1,1,38,3,32,3,1,1,0,3,0,2,0,10,0,4,0,8,0,1,0,0,98,0,0,0,0,0,2,0,0,0,0,0,0,6,0,2,1,3,0,0,0,0,0,0,0,0,0,0,0,1,18,2,5,5,1,6,5,1,5,5,0,1,1,1,1,5,5,5,0,0,3,3,0,99,0,1,10,5,0,0,0,0,0,0,0,0,0,0,0,0,50,0,50,0,0,0,0,0,0,0,0,0,0,0,0,2,999,2,1,1,7000,14000,10,5,9,9,9,999,9,999,999,999,999,999,999,999,999
3,4536,3,7,13,0,1,1,1,1,1,1,5,0,12,1,1,1,1,1,2,2,21600,64800,1,1,75,3,125,4,1,0,0,0,20,0,0,0,40,0,0,0,30,0,10,0,80,0,1,0,5,0,14,0,0,0,0,0,0,0,5,2,1,3,0,0,0,0,0,0,0,0,0,0,0,1,102.5,3,5,5,1,6,1,5,5,5,0,1,1,1,1,5,5,1,0,20,18,12,4,2,0,1,8.5,17,0,1,0,0,0,0,0,0,0,0,0,2,0,0,0,2,0,0,0,14,0,0,0,0,0,0,0,999,18,18,8,10,6,6,9998,1,5,2,1,50,3,998,998,998,998,998,998,998,998
3,297,3,6,4,0,1,1,1,1,1,1,5,52,0,1,1,1,1,1,2,2,25200,64800,5,5,108,9,114,6,1,10,0,18,0,18,0,39,0,22,0,7,0,1,0,103,0,2,0,6,0,3,0,0,0,0,0,999,999,999,999,1,1,3,0,0,0,0,0,0,0,0,0,0,0,1,170,3,5,1,1,999,1,5,5,5,99,1,1,1,1,5,5,1,0,0,10,10,25,23,4,1,5,34,0,0,0,1,0,0,0,0,0,0,0,35,0,0,0,0,0,7,0,3,0,2,0,0,0,0,0,999,999,999,2,2,13832,14789,83.540001,5,5,2,1,63,1,63,0,1,14,0,0,12,10
3,10136,2,7,23,0,1,1,1,5,1,1,5,0,12,1,1,1,1,2,2,2,27900,63000,1,1,146,9,141,9,1,0,0,5,0,25,0,46,0,37,0,1,0,26,0,0,65,0,8,0,9,17,0,0,1,0,0,0,0,0,0,1,1,3,0,0,0,0,0,0,0,0,0,0,0,1,5400,7,5,1,1,1,5,1,5,5,1,1,1,5,5,5,5,5,0,0,16,10,14,8,5,1,8,0,52,0,25,0,10,0,13,0,0,0,0,16,0,0,0,0,0,0,0,0,0,0,0,0,0,0,0,0,0,16,13,11,22000,30000,6900,1,5,1,1,70,3,97,0,2,0,0,0,3,1
3,10111,4,7,6,0,1,1,1,5,1,5,5,0,12,1,1,1,1,1,2,2,25200,64800,1,1,76,6,64,0,1,16,0,8,0,8,0,18,0,12,0,998,998,999,999,60,0,0,0,1,0,3,0,0,0,0,0,0,0,0,0,2,1,3,0,0,0,0,0,0,0,0,0,0,0,1,607.5,5,5,5,5,0,0,0,0,0,0,1,1,5,5,5,5,1,0,0,6,6,12,6,0,1,8,15,0,1,0,0,0,1,0,99,999,0,0,0,0,4,0,1,0,0,0,1,0,0,0,0,0,0,0,0,0,0,99,99,665,600,9999,5,5,2,1,45,3,998,998,998,998,998,998,998,999
3,10008,3,5,5,0,1,1,1,5,1,1,5,52,0,1,1,1,1,1,2,2,25200,66600,5,5,94,8,75,5,1,10,0,15,0,12,0,14,0,999,999,18,0,999,999,53,0,9,0,4,0,2,0,999,999,999,999,0,0,0,0,2,1,2,0,0,0,0,0,0,0,0,0,0,0,1,145,3,5,5,1,999,9,9,9,9,0,1,1,5,5,5,5,5,0,0,23,17,7,4,0,1,4,7,0,7,0,3,0,4,0,0,0,0,0,23,0,4,0,2,0,3,0,11,0,0,0,0,0,0,0,5,999,20,6,4,14000,16000,9999,5,5,1,1,50,1,100,0,0,0,0,0,0,0
3,10149,3,7,11,0,1,1,1,5,1,5,5,0,12,1,1,1,1,1,2,2,25200,64800,5,1,80,5,72,3,1,4,0,7,0,17,0,23,0,19,0,2,0,999,999,5,0,1,0,66,0,0,0,0,0,0,0,0,0,999,999,2,1,3,0,0,0,0,0,0,0,0,0,0,0,1,85,3,5,5,1,999,5,5,1,5,0,1,1,5,1,5,5,5,999,999,18,2,4,2,0,9,99,0,0,0,0,18,0,0,0,0,0,0,0,18,0,14,0,10,0,9,0,7,0,3,0,1,0,0,0,18,999,999,6,3,11960,14560,9999,1,5,1,1,999,1,100,0,0,0,0,0,0,0
3,10255,4,1,8,0,1,1,1,5,1,1,1,0,12,1,1,1,1,1,2,2,21600,64800,1,1,400,4,325,999,9,18,0,34,0,36,0,56,0,68,0,24,0,115,0,0,85,0,7,0,7,0,1,0,0,0,0,5,0,0,0,1,2,0,5,5,1,5,5,5,5,5,5,5,5,1,110,3,5,5,1,1,9,9,9,9,99,1,1,1,5,5,5,5,999,999,75,40,3,1,0,9,99,99,999,99,999,99,999,99,999,99,999,99,999,99,999,99,999,99,999,99,999,99,999,99,999,99,999,99,999,18,0,14,10,3,5,6,9999,1,5,2,1,40,3,98,0,0,0,0,0,2,0
3,10189,3,7,17,0,1,5,1,5,1,1,5,0,12,1,1,1,1,1,2,2,28800,61200,5,5,49,6,80,8,5,0,0,0,0,10,0,30,0,30,0,15,0,0,0,0,78,0,2,0,0,0,10,998,998,0,2,1,0,0,5,1,1,3,0,0,0,0,0,0,0,0,0,0,0,1,1160,6,5,1,5,0,0,0,0,0,0,1,1,5,5,5,5,5,0,0,6,2,1,0,25,1,5,5,0,0,0,1,0,0,0,0,0,0,0,0,0,0,0,0,0,2,0,3,0,1,0,0,0,0,0,3,0,0,1,1,10000,21260,2400,5,5,2,1,78,1,100,0,0,0,0,0,0,0
3,10080,5,2,5,0,1,5,1,1,1,1,5,36,0,1,1,1,1,1,2,2,28800,54300,5,5,42,4,30,2,1,0,0,0,0,0,0,4,0,6,0,17,0,3,0,16,0,4,0,10,0,0,0,0,0,0,0,12,0,0,100,1,2,0,1,5,5,5,5,5,5,5,5,5,5,5,0,0,0,0,5,0,0,0,0,0,0,1,5,1,1,5,5,5,0,100,4,4,4,4,0,1,8,8,0,0,0,0,0,0,0,0,0,0,0,0,0,0,0,0,0,1,0,3,0,4,0,0,0,0,0,0,4,0,2,2,99999,99999,9999,1,1,1,1,70,2,0,5,25,70,0,0,0,0
3,10267,3,1,10,0,1,5,1,5,1,5,1,36,0,1,1,1,1,1,2,2,25200,64800,1,1,35,2,35,0,1,0,0,0,0,0,0,15,0,20,0,0,0,25,0,17,0,27,0,13,0,3,0,0,0,0,0,0,0,0,0,1,1,1,0,0,0,0,0,0,0,0,0,0,0,1,2400,5,5,1,5,0,0,0,0,0,0,1,1,5,1,5,5,5,0,0,3,3,1,1,0,1,20,3,0,1,0,0,0,0,0,0,0,0,0,0,0,0,0,1,0,0,0,2,0,0,0,0,0,0,0,2,0,0,1,1,19000,20000,9999,1,5,1,1,90,1,80,0,0,0,0,20,0,0
3,2481,4,7,3,0,1,1,5,5,1,5,5,0,12,1,1,1,1,1,2,2,25200,64800,5,5,17,2,17,0,5,4,0,3,0,10,0,0,0,0,0,0,0,0,0,0,0,17,0,0,0,0,0,0,0,0,0,0,0,11,0,2,1,3,0,0,0,0,0,0,0,0,0,0,0,1,22,2,5,5,5,0,0,0,0,0,0,1,1,1,1,5,5,5,0,0,4,4,1,0,0,1,4,0,0,5,0,0,0,0,0,0,0,0,0,3,0,1,0,0,0,0,0,1,0,0,0,0,0,0,0,999,3,999,0,2,8400,9660,9998,5,5,5,5,80,2,55,0,45,0,0,0,0,0
3,4789,2,3,8,0,1,1,1,5,1,5,5,0,12,1,1,1,1,1,2,2,24300,64800,5,5,135,6,90,4,1,6,0,16,0,12,0,13,0,15,0,9,0,999,999,0,40,0,60,0,0,0,0,0,0,0,0,0,2,0,0,2,1,3,0,0,0,0,0,0,0,0,0,0,0,1,155,3,5,5,5,0,0,0,0,0,0,1,1,5,1,5,5,5,0,0,23,20,10,8,3,1,5.5,10,0,7,0,1,0,1,0,0,0,0,0,0,100,0,10,1,0,3,0,6,0,99,999,99,999,99,999,6,999,999,8,4,15000,18000,9999,5,5,1,9,85,2,90,0,0,0,0,0,10,0
3,2311,3,7,7,0,1,1,1,5,1,5,5,0,9,1,1,1,1,1,2,2,19800,64800,1,1,60,5,75,10,1,0,0,0,0,0,0,12,0,18,0,10,0,35,0,8,0,54,0,15,0,0,0,0,0,0,0,999,999,0,100,2,1,3,0,0,0,0,0,0,0,0,0,0,0,1,75,3,5,5,1,71,1,5,5,5,75,1,1,1,1,1,5,1,0,100,6,6,1,1,99,1,8,3,0,2,0,1,0,0,0,0,0,0,0,6,0,2,0,1,0,0,0,0,0,0,0,0,0,0,0,999,6,999,10,4,5,7000,9999,5,1,5,1,999,2,90,75,75,0,0,0,0,0
3,553,3,5,23,0,1,5,1,5,1,1,5,0,9,1,1,1,1,1,2,2,30600,52200,5,5,20,1,200,15,5,999,999,999,999,999,999,6,0,7,0,7,0,999,999,998,998,998,998,999,999,999,999,999,999,999,999,2,0,999,999,1,2,0,1,5,5,5,5,5,5,5,5,5,5,5,0,0,0,0,9,999,9,9,9,9,99,1,1,1,1,5,5,9,999,999,10,10,10,10,99,9,99,98,998,98,998,98,998,98,998,98,998,98,998,98,998,98,998,98,998,98,998,98,998,98,998,98,998,98,998,999,999,999,99,99,99999,99999,9999,9,9,9,1,999,9,998,998,998,998,998,998,998,998
3,5886,3,7,15,0,1,1,1,5,5,5,5,0,12,1,1,1,1,1,2,2,21600,64800,1,1,85,5,76,4,5,4,0,9,0,9,0,12,0,10,0,1,0,27,0,1,0,69,0,0,0,0,0,0,0,0,0,0,0,60,0,2,1,3,0,0,0,0,0,0,0,0,0,0,0,1,90,3,1,1,1,999,1,5,5,5,60,1,1,1,1,5,5,5,0,0,8,8,1,1,9,1,6,0,0,9,0,0,0,0,0,0,0,0,0,0,0,0,0,8,0,0,0,0,0,0,0,0,0,0,0,2,0,0,4,4,5,9000,9999,5,1,5,1,999,1,998,998,998,998,998,998,998,998
3,5195,3,97,4,0,1,1,1,1,1,1,1,0,12,1,1,1,1,1,2,2,23400,64800,1,1,114,7,104,8,1,20,0,12,0,20,0,15,0,22,0,4,0,11,0,4,0,100,0,0,0,0,0,0,0,0,0,2,0,95,0,2,1,3,0,0,0,0,0,0,0,0,0,0,0,1,65,3,5,1,1,95,5,1,5,5,95,1,1,1,1,5,5,1,95,0,14,12,2,1,2,9,99,0,0,14,0,0,0,0,0,0,0,0,0,14,0,99,999,4,0,99,999,99,999,99,999,99,999,0,0,999,999,10,2,1,5,7,35,1,5,1,1,50,3,5,5,90,0,0,0,0,0
3,4809,2,7,13,0,1,1,5,5,1,5,5,52,0,1,1,1,1,1,2,2,23400,63000,5,5,29,3,22,4,5,4,0,6,0,12,0,0,0,0,0,0,0,0,0,20,0,2,0,0,0,0,0,0,0,0,0,999,999,20,0,1,2,0,5,5,5,5,5,5,5,5,5,1,5,1,293,5,1,5,1,20,5,1,5,5,20,1,1,1,1,5,5,1,0,80,6,6,0,99,99,1,10,0,100,0,0,0,0,0,0,0,0,0,0,0,0,0,2,0,1,0,1,0,1,0,1,0,0,0,0,6,999,999,4,4,5,7,100,1,1,1,1,50,1,998,998,998,998,998,998,998,999
3,605,3,2,17,0,1,5,1,1,1,1,5,36,0,1,1,1,1,1,2,2,25200,52200,5,1,91,4,85,5,1,0,0,0,0,0,0,0,0,15,0,5,0,65,0,0,0,85,0,0,0,0,0,0,0,0,0,0,0,998,998,1,2,0,5,5,5,1,5,5,5,5,5,5,5,5,0,0,0,0,5,0,0,0,0,0,0,1,5,1,1,5,5,9,0,80,4,4,4,4,99,1,21,3,0,1,0,0,0,0,0,0,0,0,0,0,0,0,0,0,0,0,0,3,0,1,0,0,0,0,0,999,999,4,1,1,21000,29000,9999,1,5,1,1,999,9,0,30,50,20,0,0,0,0
3,758,3,3,6,0,1,1,1,1,1,1,5,0,9,1,1,1,1,1,2,2,25200,63000,5,5,140,5,100,14,1,0,0,0,0,0,0,0,25,0,40,0,35,999,999,4,0,96,0,0,0,0,0,0,0,0,0,11,0,999,999,1,2,0,1,5,5,5,5,5,5,5,5,5,5,5,0,0,0,0,9,999,9,9,9,9,99,1,1,1,1,5,5,9,999,999,17,17,7,99,0,1,12,0,0,17,0,0,0,0,0,0,0,0,0,99,999,99,999,4,0,3,0,1,0,99,999,99,999,99,999,999,999,999,2,3,99999,99999,9999,9,5,5,1,999,9,998,998,998,998,998,998,998,999
3,1794,3,97,7,0,1,1,1,5,1,5,5,50,0,1,1,1,1,1,2,2,19800,63000,1,1,12,1,12,999,9,2,0,2,0,3,0,4,0,1,0,0,0,0,0,0,0,0,100,0,0,0,0,0,0,0,0,0,0,3,0,1,1,3,0,0,0,0,0,0,0,0,0,0,0,1,8,2,5,9,5,0,0,0,0,0,0,1,1,1,1,5,5,1,12,0,1,1,99,99,99,1,6,0,0,2,0,0,0,0,0,0,0,0,0,2,0,99,999,99,999,99,999,99,999,99,999,99,999,0,0,1,999,999,99,99,99999,99999,9999,5,5,9,9,999,9,999,999,999,999,999,999,999,999
3,1361,2,1,0,10,1,1,5,5,1,5,5,0,12,1,1,1,1,1,2,2,25200,61200,5,5,50,4,16,1,1,0,0,3,0,4,0,4,0,5,0,0,0,0,0,1,0,15,0,0,0,0,0,0,0,0,0,0,0,998,998,1,1,3,0,0,0,0,0,0,0,0,0,0,0,1,55,3,1,5,1,4,5,5,1,5,4,1,5,5,1,5,5,5,0,0,3,0,3,0,0,1,5,0,0,99,999,99,999,99,999,99,999,0,0,6,0,99,999,0,0,99,999,1,0,99,999,99,999,0,0,2,999,999,0,0,0,0,50,5,5,5,1,0,2,90,0,0,0,0,0,10,0
3,5697,4,7,9,0,1,1,1,5,1,1,1,52,0,1,1,1,1,1,2,2,23400,64800,5,1,84,7,84,4,1,6,0,5,0,13,0,14,0,13,0,14,0,19,0,17,0,66,0,0,0,0,0,0,0,0,0,0,0,51,0,2,1,3,0,0,0,0,0,0,0,0,0,0,0,1,65,3,5,5,1,54,5,1,5,5,51,1,1,5,1,5,5,5,999,999,8,8,2,0,0,9,99,5,0,3,0,0,0,0,0,0,0,0,0,8,0,3,0,1,0,0,0,0,0,0,0,0,0,0,0,8,8,0,4,4,5,5,9999,5,5,2,1,999,9,999,999,999,999,999,999,999,999
3,4685,3,7,7,0,1,5,5,5,1,5,5,0,12,1,1,1,1,1,2,2,21600,63000,5,5,12,3,12,0,1,2,0,2,0,2,0,2,0,2,0,2,0,0,0,0,0,12,0,0,0,0,0,0,0,0,0,0,0,2,0,2,1,3,0,0,0,0,0,0,0,0,0,0,0,1,40,3,5,5,5,0,0,0,0,0,0,1,1,1,1,5,5,1,12,0,2,2,1,1,1,1,4,0,0,3,0,0,0,0,0,0,0,0,0,1,0,0,0,0,0,1,0,0,0,0,0,0,0,0,0,0,2,999,0,0,99999,99999,9999,5,5,1,1,999,2,80,50,998,998,998,0,0,0
3,3667,4,2,5,0,1,5,1,5,1,1,5,0,10,1,1,1,1,1,2,2,30600,54000,5,5,40,2,40,1,1,0,0,0,0,0,0,0,0,40,0,0,0,0,0,0,0,40,0,0,0,0,0,0,0,0,0,0,0,10,0,1,2,0,5,5,5,1,5,5,5,5,5,5,5,5,0,0,0,0,1,40,1,5,5,5,0,1,1,5,5,5,5,1,40,0,1,1,1,1,0,1,20,0,0,2,0,0,0,0,0,0,0,0,0,0,0,0,0,0,0,0,0,0,0,1,0,0,0,0,0,999,999,999,0,0,24000,39000,9999,1,1,1,1,999,9,0,70,30,0,0,0,0,0
3,1453,3,2,10,0,1,5,1,5,1,5,5,36,0,1,1,1,1,1,2,2,29700,50400,5,1,56,3,56,7,5,0,0,0,0,0,0,16,0,0,0,40,0,0,0,0,0,46,0,9,0,1,0,0,0,0,0,0,0,0,95,1,2,0,5,5,5,1,5,5,5,5,5,1,5,5,0,0,0,0,5,0,0,0,0,0,0,1,5,1,1,5,5,5,0,100,6,6,3,3,0,1,19,2,0,4,0,0,0,0,0,0,0,0,0,6,0,3,0,0,0,0,0,0,0,3,0,0,0,0,0,999,3,999,0,0,26000,49000,9999,1,5,1,1,999,9,0,100,0,0,0,0,0,0
3,6153,4,97,23,0,1,1,1,1,1,1,5,37,0,1,1,1,1,1,2,2,27000,50400,5,5,240,99,999,999,9,999,999,999,999,999,999,40,0,237,0,6,0,999,999,2,0,237,0,999,999,0,0,0,0,0,0,3,0,0,40,1,2,0,5,5,5,5,5,5,5,5,5,5,1,5,0,0,0,0,5,0,0,0,0,0,0,1,1,1,1,5,5,1,0,100,24,24,12,12,0,9,99,98,998,98,998,98,998,98,998,98,998,98,998,99,999,99,999,8,0,1,0,4,0,1,0,0,0,0,0,999,24,999,99,0,99999,99999,9999,1,9,9,1,999,9,0,999,999,999,0,0,0,999
3,1935,3,3,8,0,1,1,1,5,5,5,5,0,9,1,1,1,1,1,2,2,25200,63000,5,1,30,4,30,2,1,998,998,998,998,998,998,998,998,998,998,998,998,998,998,998,998,998,998,998,998,998,998,998,998,998,998,1,0,10,0,1,1,3,0,0,0,0,0,0,0,0,0,0,0,1,15,2,5,5,5,0,0,0,0,0,0,1,1,1,1,5,5,5,0,0,4,4,0,0,0,1,6,98,998,98,998,98,998,98,998,98,998,98,998,4,0,2,0,99,999,1,0,1,0,99,999,99,999,0,0,999,999,999,0,0,20000,12000,50,5,5,5,1,999,2,50,999,999,999,999,999,999,999
3,3361,5,1,3,0,1,5,1,5,1,5,5,0,9,1,1,1,1,1,2,2,27000,64800,5,1,60,2,60,3,1,0,0,0,0,0,0,30,0,26,0,4,0,0,0,0,0,60,0,0,0,0,0,0,0,0,0,999,999,999,999,1,2,0,1,5,5,5,5,5,5,5,5,5,5,5,0,0,0,0,1,60,1,5,5,5,98,1,1,1,1,5,5,1,60,0,3,3,3,3,0,1,10,1,0,5,0,0,0,0,0,0,0,0,0,1,0,1,0,1,0,99,999,3,0,99,999,99,999,0,0,2,999,999,0,0,14560,14560,9998,1,5,1,1,50,2,999,998,998,998,998,999,998,999
3,5999,3,3,12,0,1,5,5,1,1,1,1,0,12,1,1,1,1,1,2,2,21600,66600,1,1,250,8,195,12,1,12,0,23,0,30,0,37,0,30,0,6,0,61,0,0,1,0,98,0,1,0,0,0,0,0,0,0,0,0,1,1,2,0,5,1,1,5,5,5,5,1,1,5,5,1,400,5,5,5,1,999,1,1,5,5,0,1,1,1,1,5,5,1,0,0,30,20,6,3,0,9,99,0,1,0,98,0,1,0,0,0,0,0,0,0,100,98,998,0,20,0,0,0,1,0,1,0,0,0,0,1,0,3,5,4,12000,13500,9998,5,5,2,1,45,2,90,0,1,0,0,8,1,0
3,2687,2,2,1,0,1,5,1,1,1,1,5,36,0,1,1,1,1,1,2,2,29700,47700,5,5,80,5,80,11,1,0,0,0,0,0,0,0,0,0,100,0,0,0,0,0,11,0,88,0,1,0,0,0,0,0,0,0,0,0,100,1,2,0,5,5,5,1,5,5,5,5,5,5,5,5,0,0,0,0,5,0,0,0,0,0,0,1,5,1,1,5,5,5,0,0,5,5,5,5,0,1,16,6,0,4,0,0,0,0,0,0,0,0,0,0,0,0,0,5,0,0,0,5,0,0,0,0,0,0,0,999,999,10,0,0,22000,27000,3100,5,5,1,1,90,9,999,998,998,999,999,999,999,999
3,2679,6,2,5,0,1,5,1,1,1,1,5,0,10,1,1,1,1,1,2,2,25200,57600,5,5,999,1,140,10,1,0,0,0,0,0,0,40,0,100,0,0,0,0,0,0,70,0,28,0,2,0,0,0,0,0,0,0,10,0,60,1,2,0,1,5,5,5,5,5,5,5,5,5,5,5,0,0,0,0,5,0,0,0,0,0,0,1,1,1,1,5,5,5,999,999,14,14,4,99,0,1,10,7,0,7,0,0,0,0,0,0,0,0,0,6,0,0,0,8,0,0,0,0,0,0,0,0,0,0,0,26,26,999,6,2,9000,99999,9999,1,5,1,1,999,9,998,998,998,998,998,998,998,998
3,627,2,2,6,0,1,5,1,5,1,1,5,0,9,1,1,1,1,1,2,2,32400,57600,5,5,999,14,238,999,1,0,0,0,0,0,0,79,0,159,0,0,0,0,0,999,999,999,999,999,999,999,999,999,999,999,999,30,0,999,999,1,2,0,1,5,5,5,5,5,5,5,5,5,5,5,0,0,0,0,9,999,9,9,9,9,99,1,5,1,1,5,5,1,0,95,9,9,12,12,0,1,18,99,999,2,0,99,999,99,999,99,999,99,999,0,0,0,0,3,0,0,0,6,0,1,0,0,0,0,0,1,999,99,0,0,23000,28500,5171,1,1,1,1,999,9,0,80,0,20,0,0,0,0
3,627,3,2,6,0,1,5,1,5,1,1,5,0,9,1,1,1,1,1,2,2,32400,57600,5,5,999,14,238,999,1,0,0,0,0,0,0,79,0,159,0,0,0,0,0,999,999,999,999,999,999,999,999,999,999,999,999,30,0,999,999,1,2,0,1,5,5,5,5,5,5,5,5,5,5,5,0,0,0,0,9,999,9,9,9,9,99,1,5,1,1,5,5,1,0,95,9,9,12,12,0,1,18,99,999,2,0,99,999,99,999,99,999,99,999,0,0,0,0,3,0,0,0,6,0,1,0,0,0,0,0,1,999,999,0,0,23000,28500,5171,1,1,1,1,999,9,0,80,0,20,0,0,0,0
3,3822,3,7,12,0,1,1,1,5,1,1,5,0,12,1,1,1,1,1,2,2,24300,63900,5,5,60,6,54,6,1,0,0,0,0,0,0,8,0,27,0,19,0,0,0,2,0,21,0,30,0,0,0,0,0,1,0,0,0,4,0,1,2,0,5,1,5,5,5,5,5,5,5,5,5,1,25,3,1,5,1,49,1,5,5,5,0,1,1,1,1,5,5,1,54,0,7,7,99,99,0,1,9,0,0,5,0,2,0,0,0,0,0,0,0,7,0,7,0,5,0,1,0,0,0,0,0,0,0,0,0,7,999,999,0,0,15000,16000,37.759998,1,1,1,1,70,2,9.1999998,61.290001,0,0,28.190001,0,1.3200001,0
3,3736,4,1,21,0,1,5,1,5,1,5,5,0,9,1,1,1,2,2,2,2,33600,54000,5,5,84,5,132,999,9,0,0,20,0,24,0,36,0,48,0,4,0,0,0,130,0,1,0,0,0,0,0,0,0,1,0,0,0,999,999,1,1,3,0,0,0,0,0,0,0,0,0,0,0,1,12,9,5,1,5,0,0,0,0,0,0,1,1,5,5,5,5,5,0,0,10,0,15,0,0,1,6,25,0,0,0,0,0,0,0,0,0,0,0,15,0,6,0,3,0,1,0,0,0,0,0,0,0,0,0,999,25,999,7,2,99999,99999,9999,5,5,5,5,80,1,98,0,0,0,0,0,1,1
3,714,3,99,1,0,1,5,1,1,1,1,5,0,9,1,1,1,1,1,2,2,34200,59400,5,5,119,2,252,16,5,0,0,0,0,0,0,999,999,999,999,999,999,999,999,13,0,199,0,37,0,0,0,0,0,0,0,0,10,0,90,1,2,0,1,5,5,5,5,5,5,5,5,5,5,5,0,0,0,0,1,252,1,5,5,5,0,1,1,1,1,5,5,1,0,98,7,7,8,8,0,1,9,8,0,8,0,2,0,0,0,0,0,0,0,18,0,14,0,11,0,4,0,0,0,0,0,0,0,0,0,8,15,999,1,0,8,10,4200,1,5,1,1,85,9,999,999,999,999,999,999,999,999
3,1217,5,2,20,0,1,5,1,1,1,1,5,0,9,1,1,1,1,1,2,2,27900,54300,5,5,60,3,48,1,5,0,0,0,0,0,0,0,0,48,0,0,0,0,0,0,0,48,0,0,0,0,0,0,0,0,0,8,0,38,0,1,2,0,5,5,5,1,5,5,5,5,5,5,5,5,0,0,0,0,1,40,5,5,5,1,0,1,9,9,9,9,9,5,0,85,3,3,3,3,0,1,20,1,0,2,0,0,0,0,0,0,0,0,0,0,0,0,0,0,0,0,0,1,0,2,0,0,0,0,0,999,999,999,0,0,21000,27000,9998,5,1,1,1,85,9,999,998,998,999,999,999,999,999
3,1217,6,2,20,0,1,5,1,1,1,1,5,0,9,1,1,1,1,1,2,2,27900,54300,5,5,60,3,48,1,5,0,0,0,0,0,0,0,0,48,0,0,0,0,0,0,0,48,0,0,0,0,0,0,0,0,0,8,0,38,0,1,2,0,5,5,5,1,5,5,5,5,5,5,5,5,0,0,0,0,1,40,5,5,5,1,0,1,9,9,9,9,9,5,0,85,3,3,3,3,0,1,20,1,0,2,0,0,0,0,0,0,0,0,0,0,0,0,0,0,0,0,0,1,0,2,0,0,0,0,0,999,999,999,0,0,21000,27000,9998,5,1,1,1,85,9,999,998,998,999,999,999,999,999
3,3673,3,1,0,2,1,5,5,5,1,1,1,0,10,1,1,1,1,1,2,2,23400,64800,1,1,999,1,12,999,1,0,0,0,0,0,0,0,0,0,0,0,0,0,100,0,0,12,0,0,0,0,0,0,0,0,0,0,0,998,998,1,1,3,0,0,0,0,0,0,0,0,0,0,0,1,80,3,5,5,5,0,0,0,0,0,0,1,1,5,1,5,5,5,0,0,2,2,0,0,0,1,12,0,0,2,0,0,0,0,0,0,0,0,0,0,0,0,0,0,0,0,0,0,0,1,0,1,0,0,0,999,999,999,0,0,20000,25000,9999,5,5,1,1,999,9,999,999,999,999,999,999,999,999
3,54,3,1,30,0,1,1,1,5,1,5,1,0,12,1,1,1,1,1,2,2,24300,63000,5,5,165,99,81,7,1,0,0,18,0,12,0,36,0,15,0,0,0,0,0,998,998,998,998,998,998,998,998,998,998,998,998,0,0,0,0,1,1,1,0,0,0,0,0,0,0,0,0,0,0,1,9999,3,5,5,1,3,5,1,5,5,3,1,1,1,1,5,5,5,0,0,11,11,0,0,0,9,99,11,0,0,0,0,0,0,0,0,0,0,0,11,0,4,0,3,0,0,0,3,0,0,0,0,0,0,0,3,10,10,1,0,12480,99999,9999,5,9,5,1,999,3,100,0,0,0,0,0,0,0
3,5405,4,1,5,0,1,1,1,1,1,1,1,0,12,1,1,1,1,1,2,2,25200,64800,5,5,40,2,25,2,1,0,0,0,0,9,0,6,0,10,0,0,0,0,0,0,0,25,0,0,0,0,0,0,0,0,0,0,0,4,0,1,1,3,0,0,0,0,0,0,0,0,0,0,0,1,85,3,5,5,1,4,5,1,5,5,4,1,1,1,1,5,5,1,25,0,2,2,1,1,0,1,10,0,0,0,100,0,0,0,0,0,0,0,0,0,0,0,0,0,0,2,0,0,0,0,0,0,0,0,0,999,1,999,3,3,7,7,9999,1,1,1,1,999,2,998,998,998,998,998,998,998,998
3,3987,3,2,15,0,1,1,1,1,1,1,1,36,0,1,1,1,1,1,2,2,27000,54000,5,5,60,3,59,5,1,0,0,0,0,0,0,0,0,59,0,0,0,0,0,11,0,48,0,0,0,0,0,0,0,0,0,0,0,0,70,1,2,0,5,5,5,5,5,5,5,5,5,1,5,5,0,0,0,0,1,999,9,9,9,9,99,1,9,9,9,9,9,5,78,0,2,2,2,2,0,1,20,1,0,1,0,0,0,0,0,0,0,0,0,0,0,0,0,0,0,0,0,2,0,0,0,0,0,0,0,999,0,999,1,1,21000,27000,1500,1,9,9,9,999,9,999,999,999,999,999,999,999,999
3,4149,6,2,15,0,1,1,1,1,1,1,1,36,0,1,1,1,1,1,2,2,27000,54000,5,5,60,3,59,5,1,0,0,0,0,0,0,0,0,59,0,0,0,0,0,11,0,48,0,0,0,0,0,0,0,0,0,0,0,0,70,1,2,0,5,5,5,5,5,5,5,5,5,1,5,5,0,0,0,0,1,999,9,9,9,9,99,1,9,9,9,9,9,5,78,0,2,2,2,2,0,1,20,1,0,1,0,0,0,0,0,0,0,0,0,0,0,0,0,0,0,0,0,2,0,0,0,0,0,0,0,999,0,999,1,1,21000,27000,1500,1,9,9,9,999,9,999,999,999,999,999,999,999,999
3,3987,4,2,15,0,1,1,1,1,1,1,1,36,0,1,1,1,1,1,2,2,27000,54000,5,5,60,3,59,5,1,0,0,0,0,0,0,0,0,59,0,0,0,0,0,11,0,48,0,0,0,0,0,0,0,0,0,0,0,0,70,1,2,0,5,5,5,5,5,5,5,5,5,1,5,5,0,0,0,0,1,999,9,9,9,9,99,1,9,9,9,9,9,5,78,0,2,2,2,2,0,1,20,1,0,1,0,0,0,0,0,0,0,0,0,0,0,0,0,0,0,0,0,2,0,0,0,0,0,0,0,999,0,999,1,1,21000,27000,1500,1,9,9,9,999,9,999,999,999,999,999,999,999,999
3,3549,3,7,13,0,1,1,1,5,1,5,5,0,12,1,1,1,1,1,2,2,21600,75600,1,1,88,5,88,10,5,6,0,15,0,30,0,31,0,27,0,5,0,999,999,0,0,0,100,0,0,0,0,0,0,0,0,2,0,0,30,1,1,3,0,0,0,0,0,0,0,0,0,0,0,1,60,3,5,5,1,30,5,1,5,5,15,1,1,1,1,1,5,1,0,100,18,15,0,0,2,1,9,0,0,0,100,0,0,0,0,0,0,0,0,0,0,0,0,15,0,0,0,3,0,0,0,0,0,0,0,18,999,999,2,1,10400,5500,2000,5,1,5,1,20,1,35,0,65,0,0,0,0,0
3,1279,3,97,99,99,9,9,9,9,9,9,9,99,99,1,1,1,1,1,2,2,99999,99999,1,1,999,99,32,4,9,999,999,999,999,999,999,999,999,999,999,999,999,999,999,5,0,26,0,0,0,1,0,0,0,0,0,999,999,999,999,9,9,9,9,9,9,9,9,9,9,9,9,9,9,1,333,5,5,5,9,999,9,9,9,9,99,9,9,9,9,9,9,9,0,0,4,3,1,0,0,1,8,3,0,2,0,0,0,0,0,0,0,0,0,0,0,1,0,1,0,2,0,0,0,0,0,0,0,0,0,0,0,0,2,2,14560,16000,9998,9,9,9,9,999,9,999,999,999,999,999,999,999,999
