PDTREL97,PDTID97,PDTSN97,Q10A1M,Q10A1D,Q10A1Y,Q10A2,Q10A3,Q10A4,Q10A5,Q10A6,Q10A7,Q10A8,Q10A9A,Q10A9B,Q10A9C,Q10A9D,Q10A9E,Q10A9F,Q10A9G,Q10A10,Q10A11,Q10A12,Q10A13,Q10A14A,Q10A14B,Q10A14C,Q10A14D,Q10A14E,Q10A14F,Q10A14G,Q10A14H,Q10A14I,Q10A14J,Q10A14K,Q10A14L,Q10A15A,Q10A15B,Q10A15C,Q10A15D,Q10A15E,Q10A15F,Q10A15G,Q10A15H,Q10A15I,Q10A15J,Q10A15K,Q10A15L,Q10A15M,Q10A15N,Q10A15O,Q10A15P,Q10A15Q,Q10A15R,Q10A15S,Q10A15T,Q10A15U,Q10A15V,Q10A15W,Q10A15X,Q10A15Y,Q10A15Z,Q10A15AA,Q10A15BB,Q10A15CC,Q10A15DD,Q10A15EE,Q10A16,Q10A17,Q10A18,Q10A19A,Q10A19B,Q10A19C,Q10A19D,Q10A19E,Q10A19F,Q10A20,Q10A21,Q10A22,Q10A22A,Q10A23,Q10A24A,Q10A24B,Q10A24C,Q10A24D,Q10A24E,Q10A24F,Q10A24G,Q10A25A,Q10A25B,Q10A25C,Q10A25D,Q10A25E,Q10A26,Q10A26A,Q10A27,Q10A28,Q10A29,Q10A30A,Q10A30B,Q10A30C,Q10A30D,Q10A30E,Q10A30F,Q10A30G,Q10A31,Q10A32A,Q10A32B,Q10A32C,Q10A32D,Q10A32E,Q10A33,Q10A34,Q10A35,Q10A36,Q10A37,Q10A38,Q10A39,Q10A40,Q10A41,Q10A42,Q10A43,Q10B1M,Q10B1D,Q10B1Y,Q10B2,Q10B3H,Q10B3M,Q10B4,Q10B5,Q10B6A,Q10B6AB,Q10B6AE,Q10B6B,Q10B6BB,Q10B6BE,Q10B6C,Q10B6CB,Q10B6CE,Q10B6D,Q10B6DB,Q10B6DE,Q10B6E,Q10B6EB,Q10B6EE,Q10B7,Q10B8,Q10B9A,Q10B9AB,Q10B9AE,Q10B9B,Q10B9BB,Q10B9BE,Q10B9C,Q10B9CB,Q10B9CE,Q10B9D,Q10B9DB,Q10B9DE,Q10B9E,Q10B9EB,Q10B9EE,Q10B10,Q10B11,Q10B12A,Q10B12AB,Q10B12AE,Q10B12B,Q10B12BB,Q10B12BE,Q10B12C,Q10B12CB,Q10B12CE,Q10B12D,Q10B12DB,Q10B12DE,Q10B12E,Q10B12EB,Q10B12EE,Q10B13
3,1336,5,5,16,1997,1,3,19.5,7,7,99,99,3,2,3,2,2,8,8,5,2,2,2,5,5,1,5,5,5,8,5,5,5,5,9,3,3,3,2,3,3,2,3,3,3,3,3,3,3,3,3,3,3,3,2,2,3,3,3,3,2,3,3,3,3,3,0,5,5,2,9,0,0,0,0,3,1,5,0,1,0,0,0,0,12,0,0,0,1,0,0,5,9,9,60,3,6,1,9,9,9,9,9,1,5,1,9,9,1,9,2,1,1946,5,5,5,5,37.5,2,4,32000,3,19,1997,3,0,45,25200,27900,1,25200,27900,10,27900,28800,10,28800,30600,10,30600,31500,99,99999,99999,50400,1,1,50400,52200,9,52200,53400,99,99999,99999,0,0,0,0,0,0,57600,5,0,0,0,0,0,0,0,0,0,0,0,0,0,0,0,1
3,1487,6,5,12,1997,3,1,1.5,1,1,1,1,2,9,9,9,2,9,9,1,0,0,0,0,0,0,0,0,0,0,0,0,0,0,0,0,0,0,0,0,0,0,0,0,0,0,0,0,0,0,0,0,0,0,0,0,0,0,0,0,0,0,0,0,0,0,0,0,0,99,99,99,99,9,9,6,1,5,0,5,99,99,99,99,99,99,99,1,0,0,0,0,1,9,36,3,6,5,1,5,5,1,5,9,5,5,5,5,5,1,2,1,1945,5,5,5,1,48,2,4,28000,5,1,1997,4,1,15,32400,32400,10,32400,33000,10,33000,34200,99,99999,99999,0,0,0,0,0,0,37800,5,0,0,0,0,0,0,0,0,0,0,0,0,0,0,0,45000,1,1,68400,73800,3,73800,84600,6,84600,86400,0,0,0,0,0,0,1
3,2732,4,4,4,1997,1,2,5,7,7,1,12,2,2,3,2,2,2,2,5,2,3,2,5,5,5,5,5,5,5,5,5,5,1,1,3,3,2,2,3,3,2,3,1,3,3,2,2,3,2,3,3,3,3,3,3,2,3,3,2,2,2,1,2,2,3,0,5,5,12,0,0,0,0,0,1,5,1,2,1,0,0,0,12,0,0,0,2,0,0,0,0,5,0,108,3,7,1,1,9,9,9,1,9,5,1,1,1,9,9,2,1,1948,1,1,1,1,30,3,3,12000,4,3,1997,4,0,5,30600,32400,7,30600,31500,4,31500,32400,10,99999,99999,0,0,0,0,0,0,41400,1,4,41400,42300,10,42300,44100,0,0,0,7,42300,44100,2,42300,44100,54900,1,7,68400,72900,0,0,0,4,68400,72900,5,68400,72900,0,0,0,1
3,475,3,4,12,1997,1,2,2.5,8,8,2,17,2,1,3,3,3,3,2,5,3,2,2,5,5,5,5,5,5,5,5,5,5,5,9,2,3,3,3,2,3,1,1,3,3,3,2,2,3,3,3,1,2,3,2,2,3,3,3,3,3,3,3,2,3,3,0,5,5,17,0,0,0,0,0,7,5,5,0,1,0,0,0,13,4,0,0,1,0,0,0,0,5,0,72,3,6,1,9,9,9,9,9,9,5,1,9,9,1,9,2,7,1956,5,1,1,1,16,3,4,10000,4,10,1997,4,0,10,28800,32400,1,28800,30600,10,30600,31500,10,31500,32400,4,32400,34200,99,99999,99999,41400,1,10,41400,46800,4,41400,46800,5,41400,46800,0,0,0,0,0,0,57600,1,7,99999,99999,5,99999,99999,0,0,0,0,0,0,0,0,0,1
3,2817,3,5,21,1997,1,5,9,11,11,1,12,2,8,3,2,1,2,8,5,1,2,2,5,5,5,5,5,5,8,5,5,5,5,9,3,3,3,3,3,3,3,3,3,2,3,3,2,3,3,3,3,3,3,3,3,3,3,3,3,3,3,3,3,3,3,0,5,5,6,0,4,1,0,1,1,1,5,0,1,0,0,0,6,6,0,0,1,0,0,1,0,1,1,36,3,6,5,5,5,5,5,5,5,5,5,5,5,5,5,2,1,1969,5,1,1,1,40,4,4,19500,5,21,1997,3,0,5,22500,23400,1,22500,23400,2,23400,24300,99,99999,99999,0,0,0,0,0,0,64800,5,0,0,0,0,0,0,0,0,0,0,0,0,0,0,0,54000,5,0,0,0,0,0,0,0,0,0,0,0,0,0,0,0,5
3,2121,3,4,17,1997,1,2,5,8,8,1,17,1,1,3,3,3,3,1,5,1,2,2,5,5,5,5,5,5,5,5,5,5,5,9,3,3,2,3,1,3,3,3,3,3,3,2,3,3,3,3,3,3,3,3,3,3,2,3,2,3,2,3,3,2,3,2,1,4,17,0,0,0,0,0,1,1,1,1,1,0,0,0,6,11,0,0,2,0,0,0,0,5,0,144,7,6,9,1,9,9,9,9,9,5,9,1,1,9,9,2,1,1951,5,5,1,1,35,2,3,23000,4,17,1997,4,0,5,30600,32400,1,30600,32100,5,30600,32100,3,30600,32100,4,32100,33000,0,0,0,54000,5,0,0,0,0,0,0,0,0,0,0,0,0,0,0,0,54900,1,1,99999,99999,5,99999,99999,0,0,0,0,0,0,0,0,0,1
3,1504,4,99,99,9999,1,3,7.5,2,2,0,16,2,1,2,2,2,1,1,5,2,2,2,5,5,5,5,5,5,5,5,5,5,5,9,9,9,9,9,9,9,9,9,9,9,9,9,9,9,9,9,9,9,9,9,9,9,9,9,9,9,9,9,9,9,9,1,5,2,16,0,0,0,0,0,1,1,5,0,1,0,0,0,0,12,4,0,1,0,1,0,0,1,1,132,3,6,1,1,1,5,5,5,9,5,5,5,5,5,9,2,1,1952,5,1,1,1,31,2,2,8100,99,99,9999,1,0,2,30600,32400,10,30600,30900,1,30900,31500,5,31500,31800,3,31800,32400,0,0,0,54000,1,2,54300,54600,10,54600,54900,3,54900,55200,0,0,0,0,0,0,55200,1,7,69600,72000,0,0,0,0,0,0,0,0,0,0,0,0,1
3,2344,4,4,14,1997,1,3,12,7.5,7.5,0,10,2,1,3,2,1,3,8,5,3,2,1,5,5,5,5,5,5,5,5,5,5,5,9,2,3,3,2,3,2,2,3,2,3,3,2,2,3,3,3,2,3,2,3,3,3,3,3,3,2,3,3,3,3,3,0,5,5,10,0,0,0,0,0,4,1,5,0,1,0,0,0,0,1,9,0,1,0,1,0,0,5,0,7.5,3,7,1,1,9,9,9,9,9,5,9,9,9,9,1,2,1,1943,5,5,1,1,15,5,6,3000,4,14,1997,1,0,18,28800,32400,1,28800,30600,3,30600,31200,5,31200,31800,4,32100,32700,0,0,0,43200,1,4,43500,45600,1,45600,46500,0,0,0,0,0,0,0,0,0,46800,1,7,57600,58800,0,0,0,0,0,0,0,0,0,0,0,0,1
3,4453,4,10,22,1997,1,5,50,99,99,99,12,1,9,9,1,1,1,1,5,2,2,2,5,5,5,5,5,5,9,5,9,5,5,9,2,2,2,2,2,2,1,2,2,2,2,3,2,3,3,3,2,1,3,2,2,3,2,3,2,3,3,1,2,2,2,0,5,3,99,0,99,99,9,9,9,5,9,9,1,0,0,0,99,99,0,0,9,9,0,0,0,1,2,8,3,6,5,5,5,5,5,5,5,5,5,5,5,5,1,2,1,1974,5,1,1,1,30,4,5,9400,11,17,1997,1,1,0,32400,23400,1,31500,32400,3,32400,32700,5,32700,33300,0,0,0,0,0,0,64800,9,99,99999,99999,0,0,0,0,0,0,0,0,0,0,0,0,54000,1,1,55800,57600,0,0,0,0,0,0,0,0,0,0,0,0,1
3,4264,3,10,8,1997,1,5,3.5,2,36,4,14,1,1,3,2,3,2,1,5,2,2,2,5,5,5,5,5,5,5,5,5,5,1,9,3,3,3,3,3,3,3,2,3,3,2,3,3,3,3,3,3,2,3,3,3,3,2,3,3,3,3,3,3,3,3,1,5,1,12,2,0,0,0,0,7,1,5,0,1,0,0,0,0,0,0,14,1,0,0,1,1,1,3,60,3,7,1,9,9,9,9,9,9,5,1,9,9,9,9,2,1,1965,5,5,1,1,40,3,4,26000,10,8,1997,2,0,25,28800,27900,1,28800,29100,5,29100,29400,10,29400,30600,0,0,0,0,0,0,61200,5,0,0,0,0,0,0,0,0,0,0,0,0,0,0,0,57600,5,0,0,0,0,0,0,0,0,0,0,0,0,0,0,0,1
3,4264,4,10,7,1997,1,3,9,2,2,0,12,1,1,2,1,1,1,1,1,0,0,0,0,0,0,0,0,0,0,0,0,0,0,0,0,0,0,0,0,0,0,0,0,0,0,0,0,0,0,0,0,0,0,0,0,0,0,0,0,0,0,0,0,0,0,0,0,0,9,3,0,0,0,0,7,1,5,0,1,0,0,12,0,0,0,0,1,0,2,0,0,1,3,24,3,7,1,5,5,1,5,5,5,5,1,5,5,5,1,2,1,1956,5,1,1,1,40,3,4,24000,99,99,9999,3,0,15,26760,28800,3,26880,27360,1,27360,27660,5,27660,28200,4,28200,28620,10,28620,30600,61200,5,0,0,0,0,0,0,0,0,0,0,0,0,0,0,0,58500,1,7,72600,75000,0,0,0,0,0,0,0,0,0,0,0,0,1
3,1046,4,4,11,1997,1,2,5,7,7,1,18,2,1,3,2,1,2,1,5,1,2,1,5,5,5,5,5,5,5,5,5,5,5,9,3,3,2,3,3,3,3,3,3,3,3,3,3,3,3,3,3,3,3,3,2,3,3,3,3,3,3,3,2,2,3,0,5,5,12,0,1,0,0,4,1,1,5,0,1,0,0,0,9,8,0,0,1,1,0,0,0,1,1,156,3,6,5,1,1,1,5,5,9,5,5,1,1,1,9,2,1,1949,5,5,5,5,30,1,3,9100,4,16,1997,3,0,15,30600,31500,10,30600,31080,10,31080,32100,0,0,0,0,0,0,0,0,0,54000,1,1,53100,53400,3,53400,53880,9,53880,64800,0,0,0,0,0,0,64800,5,0,0,0,0,0,0,0,0,0,0,0,0,0,0,0,1
3,2084,3,4,21,1997,1,4,10,8,8,2,15,2,1,3,2,2,2,2,5,1,1,2,5,5,5,5,5,5,1,5,5,1,1,9,2,3,3,3,3,2,2,3,3,3,3,3,2,3,3,3,3,3,3,3,2,3,3,3,2,3,3,3,3,3,3,0,9,9,15,0,0,0,0,0,5,5,5,0,1,0,0,0,0,5,10,0,1,0,1,0,0,1,1,36,3,6,5,1,1,5,5,5,9,5,1,1,5,1,1,2,1,1951,5,5,1,1,15,3,4,12500,4,21,1997,1,0,5,42000,43200,5,42000,42900,3,42060,42300,1,42360,42540,10,42600,42720,10,42960,43200,52200,1,4,52500,52800,5,52800,53100,10,53100,53700,1,53700,54000,3,54000,54300,54600,1,3,59400,61500,6,63900,66000,4,68400,71400,0,0,0,0,0,0,1
3,756,4,4,29,1997,1,5,31,8,8,2,19,2,1,2,2,2,2,1,5,2,2,1,5,1,5,5,5,5,1,5,5,5,5,1,2,2,3,2,3,3,1,3,3,2,3,3,2,3,3,3,2,1,3,2,2,3,1,2,1,2,3,3,2,2,1,1,5,1,11,2,6,0,0,0,7,1,5,0,1,0,0,0,6,4,8,0,1,0,1,1,0,1,3,96,3,6,1,1,5,5,5,5,9,5,5,1,1,1,9,2,1,1967,5,1,1,1,37,2,6,23000,4,29,1997,2,0,2,27000,27900,5,27000,27300,3,27000,27300,1,27300,27600,7,27600,27900,4,27900,28800,50400,1,1,50400,51300,3,51300,52200,5,52200,53100,7,53100,55800,2,55800,56700,56700,1,1,79200,81000,5,81000,82800,0,0,0,0,0,0,0,0,0,1
3,4277,3,99,99,9999,1,5,40,36,36,1,20,2,2,3,3,3,3,3,5,2,3,1,5,5,5,5,1,5,1,5,5,1,1,9,3,3,3,3,3,3,2,2,3,2,3,3,2,3,3,3,3,3,3,3,3,3,3,3,3,3,3,3,3,3,3,4,1,1,13,3,1,1,0,2,7,1,5,0,1,0,0,0,0,6,14,0,4,0,0,0,0,5,0,36,3,6,5,5,5,5,5,5,5,5,1,1,1,1,9,2,1,1968,5,5,1,1,40,3,4,20000,6,11,1997,3,0,20,26700,27000,1,26700,27300,5,26700,27300,99,99999,99999,0,0,0,0,0,0,64800,5,0,0,0,0,0,0,0,0,0,0,0,0,0,0,0,55800,5,0,0,0,0,0,0,0,0,0,0,0,0,0,0,0,1
3,6100,3,12,8,1997,1,1,2,4,4,1,12,2,2,3,2,2,3,2,1,0,0,0,0,0,0,0,0,0,0,0,0,0,0,0,0,0,0,0,0,0,0,0,0,0,0,0,0,0,0,0,0,0,0,0,0,0,0,0,0,0,0,0,0,0,0,0,0,0,12,0,0,0,0,0,1,5,5,0,1,0,0,10,2,0,0,0,1,0,0,0,0,1,3,60,3,6,5,5,5,5,5,5,9,5,5,5,5,5,5,2,1,1953,5,5,1,1,25,3,3,5000,12,5,1997,5,0,10,27000,31500,1,27000,30600,5,30600,31200,3,31200,31500,4,31500,31800,4,31800,32400,39600,1,4,39900,40500,7,40500,41100,10,41100,42300,5,42300,43200,3,43200,44400,45000,5,0,0,0,0,0,0,0,0,0,0,0,0,0,0,0,1
3,5143,3,5,19,1997,1,4,10,9,9,0,24,1,1,3,3,3,3,3,5,1,1,1,5,5,5,5,5,5,5,5,5,5,5,9,3,3,3,3,3,3,3,3,3,3,3,3,3,3,3,3,3,3,3,3,3,3,3,3,3,3,3,3,3,3,3,1,1,2,24,0,0,0,0,0,1,1,5,0,5,0,0,0,1,18,5,0,2,1,0,0,0,5,0,84,3,7,5,1,1,1,5,5,5,5,5,5,5,5,5,2,1,1958,5,1,1,1,27,4,5,8000,5,19,1997,9,0,5,29700,30600,99,99999,99999,0,0,0,0,0,0,0,0,0,0,0,0,99999,9,99,99999,99999,0,0,0,0,0,0,0,0,0,0,0,0,99999,9,9,99999,99999,0,0,0,0,0,0,0,0,0,0,0,0,9
3,1395,3,10,21,1997,2,2,5,2,2,0,17,9,2,3,2,2,3,2,5,2,2,2,9,9,9,9,1,1,1,9,9,1,1,5,3,3,3,3,3,3,3,3,3,3,3,3,3,3,3,3,3,3,3,3,3,3,3,3,3,3,3,3,3,3,3,2,1,1,16,0,0,0,1,0,3,1,5,0,1,0,0,0,3,13,1,0,1,0,1,0,0,1,2,48,3,5,9,5,5,5,5,5,1,1,1,1,1,1,5,2,1,1955,5,5,5,1,40,1,1,15000,10,21,1997,2,0,30,28800,32400,1,28800,29700,3,29700,30300,2,30300,30600,4,30600,31200,5,31200,31500,50400,1,1,50400,51600,3,51600,53100,2,53100,54000,7,55800,57600,8,57600,58500,59400,1,1,63000,64800,3,64800,65400,7,65400,67200,4,67200,67800,5,67800,70200,1
3,2966,4,6,19,1997,1,5,17.5,9,9,99,9,2,9,9,2,9,9,9,5,2,1,2,5,5,5,5,5,5,5,5,5,5,5,9,3,3,3,3,3,3,3,3,3,3,3,3,3,3,3,3,3,3,3,3,3,3,3,3,3,3,3,3,3,3,3,1,5,2,9,0,0,0,0,0,1,5,5,0,1,0,0,0,0,3,6,0,1,0,0,0,0,5,0,48,7,6,1,1,9,9,9,9,9,5,9,9,9,9,1,2,1,1952,5,5,5,5,17.5,4,3,5600,6,19,1997,9,0,30,31500,32400,1,31500,32100,4,32100,32400,99,99999,99999,0,0,0,0,0,0,43200,1,10,43200,45000,10,45000,45600,10,45600,46200,10,46200,46800,0,0,0,46800,1,7,69000,69600,7,69600,70200,0,0,0,0,0,0,0,0,0,1
3,306,4,10,29,1997,1,5,3,3,3,2,16,2,9,3,2,2,9,9,5,2,2,2,5,5,5,5,5,5,1,5,1,5,5,9,3,3,3,2,3,2,3,3,2,3,3,3,2,3,3,3,3,3,3,3,3,3,3,3,2,3,3,3,2,3,2,0,5,5,1,6,7,1,1,0,5,1,9,9,1,0,0,0,0,0,99,99,1,0,1,0,0,1,2,48,3,6,1,1,5,5,5,5,1,9,5,5,5,1,9,2,1,1968,5,5,1,1,40,4,3,28000,11,3,1997,1,0,15,27600,28800,1,27600,27900,4,27900,28800,10,99999,99999,0,0,0,0,0,0,39900,1,4,39900,40500,10,40500,42300,10,42300,44400,10,45000,55200,8,55200,59400,59400,5,0,0,0,0,0,0,0,0,0,0,0,0,0,0,0,1
3,1104,3,3,26,1997,1,5,40,8,8,99,18,1,1,3,3,2,3,3,5,1,1,1,5,1,5,5,5,5,1,5,1,5,5,9,2,3,3,3,2,3,3,3,3,3,3,3,3,3,3,3,3,2,3,3,3,3,3,3,3,3,3,3,3,2,3,0,5,5,17,0,0,1,0,0,7,1,5,0,1,0,0,1,17,0,0,0,1,0,1,0,1,5,0,42,3,6,1,9,9,1,9,9,9,5,1,1,5,5,9,2,1,1970,1,5,1,1,50,4,4,19000,99,99,9999,3,0,15,27000,27000,10,27000,27900,0,0,0,3,27000,27900,4,27000,27900,5,27000,27900,63900,5,0,0,0,0,0,0,0,0,0,0,0,0,0,0,0,61200,1,1,66600,68400,3,68400,70200,6,70200,72000,0,0,0,0,0,0,5
3,3641,3,4,25,1997,1,2,10,8,8,0,8,9,9,3,3,2,2,2,5,1,1,1,5,5,5,5,5,5,5,5,5,1,1,9,3,3,3,3,3,2,3,3,3,3,3,3,3,3,3,3,3,3,3,3,3,3,3,3,3,3,3,3,3,3,3,0,5,5,8,0,0,0,0,0,7,5,5,0,1,0,0,0,3,5,0,0,0,1,0,0,0,5,0,24,3,4,5,9,9,9,9,9,9,1,9,9,9,9,9,2,1,1954,1,1,1,1,25,2,2,99999,4,24,1997,4,0,5,28800,30600,1,28800,30600,3,28800,30600,5,28800,30600,4,30600,32400,9,32400,45000,45000,1,10,45000,46800,0,0,0,99,99999,99999,0,0,0,0,0,0,46800,5,0,0,0,0,0,0,0,0,0,0,0,0,0,0,0,1
3,4296,4,10,24,1997,1,5,20,99,2,0,20,2,2,3,3,2,1,3,5,1,1,1,5,5,5,5,5,5,5,5,5,5,5,9,3,3,3,3,3,3,3,3,3,3,3,3,3,3,3,3,3,3,3,3,3,3,3,3,3,3,3,3,3,3,3,1,5,2,20,1,0,0,1,0,1,1,5,0,1,6,4,14,20,20,4,5,2,1,2,2,0,5,0,96,3,6,1,1,5,5,5,5,9,5,5,1,5,5,9,2,1,1974,5,1,1,1,40,4,4,20000,12,11,1997,4,0,3,22500,22500,1,22620,22920,4,23460,32520,5,24300,34200,10,23400,34200,10,34200,38400,99999,9,99,99999,99999,0,0,0,0,0,0,0,0,0,0,0,0,99999,9,9,99999,99999,0,0,0,0,0,0,0,0,0,0,0,0,9
3,434,3,3,19,1997,1,5,3,7,7,4,20,2,1,3,2,2,2,1,5,2,2,2,5,5,5,5,5,5,1,5,5,5,5,9,3,3,2,3,2,3,2,2,3,3,3,3,3,3,3,3,3,3,3,2,3,3,3,3,3,3,3,3,3,2,3,1,1,3,13,6,0,0,0,1,6,1,5,0,1,0,0,0,0,0,0,20,1,0,0,1,0,1,2,84,7,6,5,1,1,5,5,5,9,5,5,5,5,5,9,2,1,1944,5,5,5,5,40,3,3,39000,3,19,1997,3,0,20,28800,32700,1,28800,29400,3,29400,29700,5,29700,30000,3,30000,32100,10,32100,32700,57300,1,10,57300,57900,10,57900,58920,3,58920,59400,0,0,0,0,0,0,59400,1,7,59400,64800,0,0,0,0,0,0,0,0,0,0,0,0,1
3,5694,2,10,16,1997,1,5,25,2,2,8,19,1,1,3,1,1,1,1,5,1,2,2,5,5,5,5,1,1,1,5,1,1,1,9,3,3,3,3,3,3,3,3,3,3,3,3,3,3,3,3,3,3,3,3,3,3,3,3,3,3,3,3,3,3,3,1,1,2,11,6,2,0,0,0,7,5,5,0,1,0,0,0,0,18,1,0,1,0,1,0,0,1,2,132,3,5,5,5,5,5,5,5,5,1,5,5,5,1,1,2,1,1938,5,5,1,1,35,2,1,99999,10,16,1997,4,0,10,25200,27900,10,25200,27900,0,0,0,0,0,0,0,0,0,0,0,0,46800,1,10,46800,48600,10,48600,50400,7,50400,51300,0,0,0,0,0,0,51300,1,1,57600,61200,5,75600,77400,0,0,0,0,0,0,0,0,0,1
3,76,3,4,30,1997,1,3.5,7.5,8,99,4,20,2,1,2,2,2,2,1,5,2,1,2,5,5,5,5,5,5,5,5,5,5,5,9,3,3,3,3,3,3,3,3,3,3,3,3,3,3,3,3,3,3,3,3,3,3,3,3,3,3,3,3,3,3,3,0,5,5,20,0,0,0,0,0,4,1,5,0,1,0,0,0,0,5,15,0,2,0,0,0,0,1,2,240,7,4,5,5,5,5,5,5,5,5,1,1,9,1,9,2,1,1945,5,5,1,1,40,1,1,18000,4,28,1997,1,0,15,26400,32400,1,26700,28800,5,28800,29400,5,29400,30000,4,30000,30300,10,30300,32100,55800,5,0,0,0,0,0,0,0,0,0,0,0,0,0,0,0,54600,1,6,66600,75600,5,78300,81000,0,0,0,0,0,0,0,0,0,1
3,3372,3,6,15,1997,1,3,6,10,24,0,14,2,8,3,3,2,3,3,5,1,1,1,5,5,5,5,5,5,5,5,5,5,5,5,3,3,3,3,3,3,3,3,3,3,3,3,3,3,3,3,3,3,3,3,3,3,3,3,3,3,3,3,3,3,3,0,5,5,13,0,0,0,0,1,3,1,5,0,1,0,0,0,2,8,4,0,1,1,0,0,0,5,0,60,3,6,5,1,5,5,5,5,5,5,1,1,5,1,5,2,1,1950,5,5,1,1,25,2,2,8000,6,11,1997,3,0,15,27900,32400,1,27900,30000,3,30000,30600,5,30600,31500,4,31500,32700,99,99999,99999,43200,1,4,43200,43800,5,44100,45000,1,45000,45900,99,99999,99999,0,0,0,46800,1,1,51300,55800,0,0,0,0,0,0,0,0,0,0,0,0,1
3,3372,4,6,18,1997,9,2,6,10,10,0,13,2,1,2,2,2,2,2,1,0,0,0,0,0,0,0,0,0,0,0,0,0,0,0,0,0,0,0,0,0,0,0,0,0,0,0,0,0,0,0,0,0,0,0,0,0,0,0,0,0,0,0,0,0,0,0,0,0,12,0,0,0,0,1,5,1,5,0,1,0,0,0,2,9,2,0,0,2,0,0,0,1,2,30,3,9,5,5,5,5,5,5,5,5,1,9,9,1,9,2,1,1972,5,5,5,1,35,4,2,18000,6,18,1997,3,0,20,27000,32400,9,27000,30600,1,30600,31200,3,31200,31500,5,31500,32100,4,32100,33000,64800,1,4,43200,43800,1,43800,44700,5,44700,45000,9,45000,46800,0,0,0,46800,1,1,54000,55800,7,65700,70200,0,0,0,0,0,0,0,0,0,1
3,765,2,4,23,1997,1,5,50,7,24,99,15,1,9,3,2,1,1,2,5,2,1,2,5,5,5,5,9,5,9,9,5,8,8,9,2,3,3,3,3,2,2,3,2,1,1,3,2,3,3,3,2,2,2,2,3,3,3,2,3,3,3,1,3,3,2,0,5,5,8,5,1,1,0,0,1,1,5,0,5,0,0,0,11,4,0,0,9,9,0,0,0,1,2,42,3,3,9,5,5,5,5,5,9,5,5,5,5,5,9,2,1,1970,5,5,1,1,40,9,9,99999,99,99,9999,2,0,10,27000,30600,9,28800,29700,1,31200,31500,10,31800,33300,0,0,0,0,0,0,66600,1,99,99999,99999,0,0,0,0,0,0,0,0,0,0,0,0,63000,5,0,0,0,0,0,0,0,0,0,0,0,0,0,0,0,5
3,1365,4,5,28,1997,1,3,6,7,7,2,15,2,2,3,3,1,2,3,5,2,2,2,5,5,5,5,5,5,1,5,5,5,5,9,3,3,2,3,3,3,3,3,3,3,3,3,3,3,3,3,3,3,3,3,3,3,3,3,3,3,3,3,3,3,3,0,5,5,10,0,4,0,0,1,7,1,5,0,1,0,0,0,0,1,14,0,1,0,2,0,0,1,5,60,3,5,5,5,5,5,5,5,9,1,1,1,1,1,9,2,1,1958,5,1,1,1,35,3,2,8000,5,21,1997,3,0,10,27000,28800,1,27000,27600,2,27600,28200,5,28200,28800,99,99999,99999,0,0,0,45000,1,7,45000,45180,4,45180,45360,5,45420,45600,10,45600,43200,99,99999,99999,48600,1,4,58800,60000,1,76500,79200,5,84000,86400,0,0,0,0,0,0,1
3,2045,3,6,23,1997,1,5,50,9,9,99,7,1,1,1,2,1,1,1,1,0,0,0,0,0,0,0,0,0,0,0,0,0,0,0,0,0,0,0,0,0,0,0,0,0,0,0,0,0,0,0,0,0,0,0,0,0,0,0,0,0,0,0,0,0,0,0,0,0,4,3,0,0,0,0,1,5,5,0,1,1,7,0,0,0,0,0,1,2,0,0,0,5,0,36,3,2,5,5,5,5,5,5,5,5,1,5,1,1,9,2,1,1971,5,5,5,5,40,2,2,10500,6,23,1997,3,0,30,23100,23400,10,23400,32400,5,32400,36000,99,99999,99999,0,0,0,0,0,0,64800,5,0,0,0,0,0,0,0,0,0,0,0,0,0,0,0,55800,5,0,0,0,0,0,0,0,0,0,0,0,0,0,0,0,1
3,2274,4,6,2,1997,1,1,3,8,8,0,17,9,9,9,9,2,9,9,5,2,1,1,5,5,5,5,5,5,1,5,5,1,1,9,3,3,3,3,3,3,3,3,3,3,3,3,3,3,3,3,3,3,3,3,3,3,3,3,3,3,3,3,3,3,3,1,5,2,6,0,1,10,0,0,3,1,5,0,1,0,0,0,15,2,0,0,1,0,0,1,1,1,2,24,3,6,5,5,5,5,5,5,5,5,1,1,1,1,9,2,1,1955,5,5,5,1,38,2,4,13500,5,13,1997,2,0,11,28800,32400,1,28800,30600,4,30600,31200,5,29700,31800,3,28800,29700,7,31800,32400,43200,1,10,43200,44100,3,44100,45900,10,45900,46800,10,46800,52200,10,53100,57600,57600,5,0,0,0,0,0,0,0,0,0,0,0,0,0,0,0,1
3,2616,4,5,8,1997,1,5,30,8,8,1,14,2,2,3,2,1,1,1,5,1,2,2,5,5,5,5,5,5,5,5,5,5,5,5,3,3,3,3,3,3,3,3,3,3,3,3,3,3,3,3,3,3,3,3,3,3,3,3,3,3,3,3,3,2,3,0,5,5,14,0,0,0,0,0,5,1,5,0,1,0,0,0,1,13,0,0,1,0,1,0,0,1,2,264,3,6,1,1,1,5,5,5,5,1,5,1,5,5,9,2,1,1954,5,5,1,1,43,3,1,17500,99,99,9999,5,0,4,28800,27000,1,28800,29400,3,29400,29700,5,29400,29700,10,29700,30300,4,30300,31500,61200,1,10,42300,46800,10,46800,61200,99,99999,99999,0,0,0,0,0,0,61200,5,0,0,0,0,0,0,0,0,0,0,0,0,0,0,0,1
3,4724,4,12,10,1997,1,3,7.5,3.5,24,1,21,2,1,3,9,9,3,9,5,2,3,1,5,5,5,5,5,5,5,5,5,5,5,9,2,3,2,9,9,2,2,3,1,1,2,2,2,1,9,1,1,1,2,3,2,3,3,3,3,3,3,3,3,3,3,0,5,9,18,1,1,1,0,0,5,1,1,2,1,0,0,0,0,17,4,1,1,0,1,0,0,5,0,276,3,6,1,1,9,9,9,9,9,9,5,5,5,1,5,2,1,1939,5,5,1,1,7.5,2,1,7000,99,99,9999,9,0,15,28800,32400,1,28800,29400,10,29400,29700,10,29700,30300,4,30300,31500,99,99999,99999,41400,1,99,99999,99999,5,42000,43200,0,0,0,0,0,0,0,0,0,43200,1,1,68400,71100,3,72000,73800,0,0,0,0,0,0,0,0,0,9
3,1529,4,5,16,1997,1,3,7.5,8,24,6,18,2,2,3,2,2,2,1,5,2,3,3,5,5,5,5,5,5,5,5,5,5,5,5,1,3,2,3,2,3,2,3,3,3,3,2,3,3,3,3,3,2,3,3,3,3,2,3,3,2,3,3,3,2,3,0,5,5,17,0,0,1,0,0,1,1,5,0,1,0,0,0,1,4,13,0,9,1,9,1,9,5,0,8,3,6,1,1,9,9,9,9,9,5,1,1,1,9,1,2,1,1959,5,1,1,1,17,3,5,6500,5,19,1997,1,0,2,30000,32400,10,30000,31800,10,31800,32700,0,0,0,0,0,0,0,0,0,41400,1,1,41400,41580,2,41580,41820,5,41820,42000,0,0,0,0,0,0,42000,1,3,73800,75600,0,0,0,0,0,0,0,0,0,0,0,0,5
3,406,3,99,99,9999,1,3,9,7,7,0,13,2,2,3,3,2,2,2,5,2,1,2,5,5,5,5,5,5,1,5,5,1,1,1,2,3,2,3,3,3,2,3,3,3,3,3,3,3,3,3,3,3,3,3,3,3,3,3,3,3,3,3,3,2,3,0,5,5,13,0,0,0,0,0,6,1,5,0,1,0,0,0,0,7,6,0,1,0,1,0,0,1,1,108,1,6,5,5,5,5,5,5,5,5,5,5,5,1,1,2,1,1955,5,5,5,1,20,5,6,9000,3,24,1997,1,0,20,31500,33000,1,31500,32400,8,32400,33000,99,99999,99999,0,0,0,0,0,0,45900,5,0,0,0,0,0,0,0,0,0,0,0,0,0,0,0,45900,1,1,59400,63000,4,69300,70200,0,0,0,0,0,0,0,0,0,1
3,655,5,5,28,1997,1,5,40,8,9,0,15,2,9,3,1,2,1,1,5,1,2,1,5,5,5,5,5,5,5,5,5,5,5,9,3,3,3,3,3,3,3,3,3,3,3,3,3,3,3,3,3,3,3,3,2,3,1,3,3,3,3,3,3,3,3,0,5,5,13,0,0,2,0,0,5,1,5,0,1,0,0,0,0,9,6,0,1,0,1,0,0,1,1,8,3,6,9,1,9,9,9,9,1,5,9,9,9,1,9,2,1,1973,5,1,1,1,47.5,4,5,21000,5,28,1997,3,0,10,28800,25200,3,28500,28800,0,0,0,0,0,0,0,0,0,0,0,0,63000,5,0,0,0,0,0,0,0,0,0,0,0,0,0,0,0,63000,5,0,0,0,0,0,0,0,0,0,0,0,0,0,0,0,1
3,2193,3,4,18,1997,1,5,50,24,24,3,10,2,2,3,2,2,2,2,5,2,2,2,5,5,5,5,5,5,5,5,5,5,5,5,2,3,3,3,3,2,2,3,3,3,2,3,3,3,3,3,2,2,3,3,3,3,2,2,3,3,3,3,3,3,2,1,5,3,8,1,0,0,0,0,2,5,5,0,1,0,0,0,10,0,0,0,1,0,1,0,0,5,0,72,3,4,5,5,5,5,5,5,5,5,5,1,1,1,5,2,1,1954,5,1,1,1,60,3,2,15000,4,23,1997,3,0,7,22500,21600,2,23400,24000,4,24000,24600,3,24600,25200,0,0,0,0,0,0,63000,1,99,99999,99999,0,0,0,0,0,0,0,0,0,0,0,0,63600,5,0,0,0,0,0,0,0,0,0,0,0,0,0,0,0,1
3,3231,4,4,29,1997,1,5,9.5,99,99,99,10,1,9,2,1,1,1,1,1,0,0,0,0,0,0,0,0,0,0,0,0,0,0,0,0,0,0,0,0,0,0,0,0,0,0,0,0,0,0,0,0,0,0,0,0,0,0,0,0,0,0,0,0,0,0,0,0,0,10,0,0,0,0,0,1,5,5,0,1,0,0,8,2,0,0,0,1,0,0,0,0,5,0,120,7,2,5,5,5,5,5,5,5,5,9,9,9,1,9,2,1,1951,5,1,1,1,30,1,1,7500,99,99,9999,5,0,5,25200,28800,1,28800,29400,10,29400,31200,3,31200,33300,10,33300,40500,10,40500,52200,64800,5,0,0,0,0,0,0,0,0,0,0,0,0,0,0,0,46800,5,0,0,0,0,0,0,0,0,0,0,0,0,0,0,0,1
3,1882,4,10,15,1997,1,5,30,1.5,1.5,0,20,2,2,3,2,9,1,1,5,1,2,1,5,5,1,5,1,1,1,8,8,8,1,9,3,3,1,3,3,2,1,3,2,2,2,2,1,3,3,3,1,3,2,3,3,3,3,3,2,3,3,3,3,3,2,1,1,3,2,17,1,0,0,0,3,1,5,0,1,0,0,0,0,6,14,0,1,0,1,0,0,1,3,120,3,5,9,1,9,9,9,9,9,1,1,9,9,9,9,2,2,1944,1,5,5,1,35,1,1,99999,10,15,1997,3,0,25,26100,27000,10,27000,28800,10,28800,30600,10,30600,31800,0,0,0,0,0,0,52200,1,10,45000,48000,0,0,0,0,0,0,0,0,0,0,0,0,54000,5,0,0,0,0,0,0,0,0,0,0,0,0,0,0,0,1
3,4419,3,5,14,1997,1,5,43,2,2,1,14,2,2,3,1,8,1,1,5,2,3,3,5,5,5,5,5,5,5,5,5,1,1,9,1,3,3,3,2,3,2,2,3,3,3,3,1,3,3,1,3,2,3,2,3,3,1,2,3,2,3,3,3,2,3,0,5,5,13,0,1,0,0,0,7,1,5,0,1,0,0,0,0,5,9,0,1,1,9,9,9,1,1,84,3,6,5,5,5,5,5,5,5,5,5,5,5,1,5,2,1,1968,5,5,5,5,40,2,2,16000,5,13,1997,2,0,45,21600,21600,1,21600,22500,3,22500,22800,4,22800,28800,5,25200,30600,9,25200,32400,64800,5,0,0,0,0,0,0,0,0,0,0,0,0,0,0,0,50400,5,0,0,0,0,0,0,0,0,0,0,0,0,0,0,0,5
3,1320,3,3,29,1997,1,1,9,7,7,0,13,1,1,3,1,1,1,1,5,1,2,1,5,5,5,5,5,5,5,5,5,1,1,9,2,3,3,3,3,3,3,3,3,3,3,3,3,2,3,3,3,3,3,2,3,3,3,3,3,3,3,3,3,3,3,0,5,5,13,0,0,0,0,0,1,1,5,0,1,99,99,99,99,99,99,99,1,0,1,0,0,1,2,8,7,4,5,5,5,5,5,5,5,1,1,1,5,1,9,2,1,1963,5,5,5,1,40,2,2,17500,99,99,9999,4,0,20,27000,23400,4,27000,27300,5,27300,27600,99,99999,99999,0,0,0,0,0,0,64800,5,0,0,0,0,0,0,0,0,0,0,0,0,0,0,0,59400,1,6,64800,79200,0,0,0,0,0,0,0,0,0,0,0,0,1
3,2159,3,5,27,1997,1,5,45,7,99,3,11,1,1,3,1,1,1,1,5,2,2,2,5,5,5,5,5,5,5,5,5,5,5,5,3,3,3,3,2,3,3,3,3,3,3,3,3,3,3,3,3,3,3,3,3,3,3,2,3,3,3,3,3,2,3,0,5,5,11,0,0,0,0,0,1,1,5,0,1,0,0,0,0,6,5,0,1,1,0,0,0,5,0,7,9,6,9,1,9,9,9,9,1,5,9,9,9,5,9,2,1,1962,9,5,1,1,40,1,3,99999,5,27,1997,2,0,10,27000,32400,1,27000,30600,2,27000,28800,10,28800,32400,99,99999,99999,0,0,0,64800,5,0,0,0,0,0,0,0,0,0,0,0,0,0,0,0,57600,1,1,73800,77400,5,77400,79200,0,0,0,0,0,0,0,0,0,1
3,2159,4,5,20,1997,1,5,45,9,42,1,10,1,1,9,1,1,3,1,1,0,0,0,0,0,0,0,0,0,0,0,0,0,0,0,0,0,0,0,0,0,0,0,0,0,0,0,0,0,0,0,0,0,0,0,0,0,0,0,0,0,0,0,0,0,0,0,0,0,10,0,0,0,0,0,7,1,5,0,1,0,0,10,0,0,0,0,1,0,0,0,0,1,2,12,3,2,5,5,5,5,5,5,5,9,9,9,9,9,5,2,2,1977,5,1,1,1,40,4,2,2048,5,19,1997,1,0,5,30600,21600,10,30600,32400,3,34200,36000,10,36000,37800,10,37800,38400,10,39000,41400,64800,9,99,99999,99999,0,0,0,0,0,0,0,0,0,0,0,0,61200,1,9,99999,99999,0,0,0,0,0,0,0,0,0,0,0,0,1
3,1219,3,4,28,1997,2,5,45,3,9,2,11,3,2,3,2,3,1,1,5,2,2,2,5,5,5,5,5,5,5,5,5,5,5,5,3,3,3,3,3,3,3,3,3,3,2,3,3,3,3,3,3,3,3,3,3,3,3,3,3,3,3,3,3,3,3,0,5,5,10,0,1,0,0,0,1,5,5,0,1,0,0,1,10,0,0,0,2,2,0,0,0,5,0,9,3,3,5,5,5,5,5,5,5,5,5,5,5,1,1,2,3,1971,5,5,1,1,40,2,3,9000,4,28,1997,1,0,15,27900,27000,9,27900,29400,1,29400,29700,7,29700,29820,3,29820,30000,0,0,0,63000,5,0,0,0,0,0,0,0,0,0,0,0,0,0,0,0,55800,5,0,0,0,0,0,0,0,0,0,0,0,0,0,0,0,1
3,3233,4,11,24,1997,1,5,40,4,18,2,4,1,1,2,3,1,1,2,5,1,1,1,5,5,5,5,5,5,5,5,5,5,5,9,3,3,3,3,3,3,2,2,2,2,3,2,3,3,3,3,3,3,3,2,3,3,3,3,3,3,3,3,3,3,3,0,5,5,3,0,0,0,0,0,1,5,5,0,5,0,0,0,3,0,0,0,1,0,0,0,0,5,0,18,3,2,5,5,5,5,5,5,5,5,5,5,5,5,5,2,1,1978,5,5,5,5,40,9,9,99999,11,24,1997,1,0,10,25200,32400,5,25200,32400,4,25200,32400,9,25200,32400,10,33000,36000,0,0,0,63000,5,0,0,0,0,0,0,0,0,0,0,0,0,0,0,0,57600,5,0,0,0,0,0,0,0,0,0,0,0,0,0,0,0,1
3,4474,3,10,2,1997,1,5,8,4,4,6,12,1,3,3,1,1,2,1,5,2,2,2,5,5,5,5,5,5,5,5,5,5,5,5,3,3,3,3,3,3,3,3,3,3,2,3,3,3,3,3,3,3,3,3,3,3,2,3,3,3,3,3,3,3,3,0,5,9,10,1,0,1,0,0,7,1,5,0,1,0,0,0,12,0,0,0,1,1,0,0,0,1,2,54,3,9,5,5,5,5,5,5,5,5,5,1,9,9,9,2,3,1954,1,1,1,1,35,1,1,8000,10,1,1997,3,0,5,24900,25200,4,25200,30600,0,0,0,0,0,0,0,0,0,0,0,0,64800,5,0,0,0,0,0,0,0,0,0,0,0,0,0,0,0,50400,5,0,0,0,0,0,0,0,0,0,0,0,0,0,0,0,1
3,4220,3,5,27,1997,1,3,7.5,8,8,1,15,2,8,3,3,3,3,1,5,2,3,2,5,5,5,5,5,5,1,5,5,5,5,9,3,3,3,3,3,2,2,3,2,2,3,2,1,3,2,2,2,3,3,3,3,3,3,3,2,3,3,3,3,3,2,1,1,2,13,0,0,2,0,0,7,5,5,0,1,0,0,0,0,15,0,0,0,1,0,1,0,5,0,84,3,6,5,5,5,5,5,5,5,5,9,9,9,9,1,2,1,1951,5,1,1,1,30,3,2,14000,5,30,1997,5,0,15,29700,32400,1,29700,30600,3,30600,31200,5,31200,31500,2,31500,32100,4,32100,32700,41400,1,10,42300,44400,99,99999,99999,0,0,0,0,0,0,0,0,0,44400,5,0,0,0,0,0,0,0,0,0,0,0,0,0,0,0,5
3,4220,4,5,27,1997,1,3,7.5,8,8,1,15,1,8,3,3,3,3,1,5,2,2,2,5,5,5,5,5,5,1,5,5,5,5,9,3,3,3,3,3,3,3,3,3,3,3,3,3,3,3,3,3,3,3,3,3,3,3,3,3,3,3,3,3,3,3,1,1,2,13,0,0,2,0,0,7,5,5,0,1,0,0,0,0,15,0,0,0,1,0,1,0,5,0,84,3,6,5,5,5,5,5,5,5,5,5,5,5,5,1,2,1,1951,5,1,1,1,30,3,2,14000,5,27,1997,3,0,15,28800,32400,1,29700,30300,3,30300,31200,5,31200,31500,2,31500,32100,4,32100,32400,41400,1,1,42000,42900,10,42900,44100,10,44100,53100,10,53100,54900,5,54900,56400,56700,5,0,0,0,0,0,0,0,0,0,0,0,0,0,0,0,1
3,5796,3,10,22,1997,1,5,40,3,3,2,10,1,2,2,1,2,9,1,1,0,0,0,0,0,0,0,0,0,0,0,0,0,0,0,0,0,0,0,0,0,0,0,0,0,0,0,0,0,0,0,0,0,0,0,0,0,0,0,0,0,0,0,0,0,0,0,0,0,0,10,0,0,0,0,1,5,5,0,1,9,1,0,0,0,0,0,2,0,0,0,0,5,0,42,7,6,5,5,5,5,5,5,5,5,9,9,1,1,9,2,2,1970,5,5,1,1,47.5,4,3,8999,10,22,1997,3,0,10,24000,23400,99,99999,99999,0,0,0,0,0,0,0,0,0,0,0,0,63000,5,0,0,0,0,0,0,0,0,0,0,0,0,0,0,0,52200,5,0,0,0,0,0,0,0,0,0,0,0,0,0,0,0,1
3,1525,3,10,3,1997,1,5,40,1,60,3,14,3,3,3,3,8,3,3,5,1,2,1,5,5,5,5,5,5,5,5,1,1,1,9,2,3,2,3,2,2,2,3,2,3,2,2,3,2,2,3,2,2,2,2,2,3,1,1,1,2,2,3,2,2,2,0,5,4,13,0,0,1,0,0,2,1,5,0,1,0,0,0,0,0,5,9,1,0,0,0,0,1,5,12,3,6,1,1,9,9,9,9,9,5,5,5,5,1,1,2,1,1974,5,5,5,5,50,4,5,13000,10,3,1997,5,0,45,25200,32400,10,25200,26100,10,26100,27900,9,27900,32100,0,0,0,0,0,0,54000,1,10,54000,55800,10,55800,57600,0,0,0,0,0,0,0,0,0,57600,1,7,64800,66600,0,0,0,0,0,0,0,0,0,0,0,0,1
3,516,3,5,20,1997,5,5,6,9,9,3,7,3,3,9,3,3,9,9,1,0,0,0,0,0,0,0,0,0,0,0,0,0,0,0,0,0,0,0,0,0,0,0,0,0,0,0,0,0,0,0,0,0,0,0,0,0,0,0,0,0,0,0,0,0,0,0,0,0,6,0,0,0,0,0,2,1,5,0,1,0,0,7,0,0,0,0,1,0,0,1,0,9,9,9,9,3,5,5,9,9,9,9,9,5,9,1,9,9,9,2,1,1949,9,5,1,1,40,2,2,12000,99,99,9999,2,0,30,28800,27000,1,28800,30600,0,0,0,0,0,0,0,0,0,0,0,0,54000,9,99,99999,99999,0,0,0,0,0,0,0,0,0,0,0,0,54900,5,0,0,0,0,0,0,0,0,0,0,0,0,0,0,0,1
3,4134,4,99,99,9999,1,2,8,9,36,0,17,2,2,3,3,3,3,3,5,2,2,2,5,5,5,5,5,5,1,5,5,5,5,9,3,3,3,3,3,2,3,2,3,3,2,3,2,3,3,2,3,3,3,3,3,3,2,3,3,3,3,3,3,3,3,1,5,3,15,0,1,1,0,0,7,1,5,0,1,0,0,0,0,5,12,0,0,2,0,0,0,1,1,84,3,3,5,5,5,5,5,5,5,5,5,1,5,1,5,2,1,1949,5,1,1,1,16,1,3,3997,5,13,1997,2,0,6,31500,32400,1,31560,33300,3,33300,33720,10,33720,33960,5,33960,34200,10,34200,99999,48600,1,1,48900,49800,8,49800,52500,99,99999,99999,0,0,0,0,0,0,52800,1,7,61200,63000,0,0,0,0,0,0,0,0,0,0,0,0,1
3,732,4,5,15,1997,1,2,5,8,8,0,14,2,9,3,2,3,3,3,5,1,2,2,5,5,5,5,5,5,5,5,5,5,5,9,2,3,3,2,3,2,3,3,2,2,2,2,2,3,2,3,3,2,2,3,3,3,3,3,2,3,3,2,2,3,2,0,5,5,10,0,0,3,1,0,1,1,1,2,1,0,0,0,7,7,0,0,0,1,0,1,0,5,0,288,3,6,5,1,5,5,5,5,9,5,5,5,5,5,1,2,1,1942,5,5,5,1,20,3,3,99999,5,15,1997,4,0,25,28800,32400,1,28800,30600,2,30600,31500,3,31500,32100,5,29700,32100,4,31800,33000,54000,5,0,0,0,0,0,0,0,0,0,0,0,0,0,0,0,54600,5,0,0,0,0,0,0,0,0,0,0,0,0,0,0,0,1
3,2464,3,10,19,1997,1,5,24,2,2,0,19,1,1,3,2,3,2,1,5,1,1,1,5,5,5,5,5,5,1,5,5,5,5,5,3,3,3,3,3,3,3,3,3,3,3,3,3,3,3,3,3,3,3,3,3,3,3,3,3,3,3,3,3,3,3,1,1,1,19,0,0,0,0,0,6,1,5,0,1,0,0,0,0,19,0,0,1,0,1,0,0,1,4,192,7,6,1,1,1,5,5,5,5,5,9,9,1,1,9,2,1,1940,5,1,1,1,35,2,4,25000,10,17,1997,5,0,5,29700,32400,5,29700,30000,1,30000,30600,3,30600,31200,10,31200,31800,4,31800,32400,54000,1,10,54000,55800,1,55800,56400,10,56400,58200,7,58200,58500,0,0,0,58500,1,7,59400,64500,0,0,0,0,0,0,0,0,0,0,0,0,5
3,365,3,4,12,1997,1,2,4,7,7,0,15,2,1,2,2,3,3,8,5,1,2,2,5,5,5,5,5,5,5,5,5,5,5,9,3,3,3,3,3,3,3,3,3,3,3,3,3,3,3,3,3,3,3,3,2,3,3,3,3,3,3,3,2,3,3,0,1,5,15,0,0,0,0,0,1,5,5,0,1,0,0,0,3,11,1,0,1,0,0,0,0,1,2,7,3,6,5,1,5,5,5,5,9,5,5,5,5,5,5,2,1,1959,5,1,1,1,18,2,2,6000,3,20,1997,4,0,5,28500,32400,3,28500,29100,1,29100,30900,4,30900,31500,9,31500,32400,0,0,0,39600,1,3,39600,40500,10,40500,41700,0,0,0,0,0,0,0,0,0,41700,1,1,73800,76500,0,0,0,0,0,0,0,0,0,0,0,0,1
3,4136,4,6,5,1997,1,2,99,9,99,0,18,1,1,1,1,1,1,2,5,1,2,2,5,5,5,5,5,5,5,5,5,5,5,9,3,3,3,2,3,2,2,3,3,2,3,3,2,3,3,2,2,3,3,3,3,3,3,3,1,3,3,2,3,3,1,0,5,5,17,0,0,1,0,0,1,1,5,0,5,0,0,0,0,9,8,0,2,0,0,0,0,1,2,9,1,6,1,1,5,5,5,5,9,5,5,1,5,1,5,2,1,1973,5,5,5,1,40,5,5,9600,6,5,1997,4,0,15,28800,23400,10,28800,34200,0,0,0,0,0,0,0,0,0,0,0,0,63000,5,0,0,0,0,0,0,0,0,0,0,0,0,0,0,0,59400,5,0,0,0,0,0,0,0,0,0,0,0,0,0,0,0,1
3,5613,5,12,18,1997,1,3,12,4,24,3,16,2,1,2,2,2,1,2,5,4,4,4,5,1,1,5,5,5,1,5,5,1,1,1,2,3,3,3,3,3,1,3,3,3,3,3,3,3,3,3,3,3,3,3,3,3,3,3,3,3,3,3,3,3,3,1,5,1,13,1,1,0,0,1,5,1,5,0,5,0,0,0,0,9,7,0,1,2,0,1,0,5,0,252,3,4,5,5,5,5,5,5,5,5,1,1,5,1,5,2,1,1936,5,1,1,1,38,2,2,16000,12,18,1997,4,0,10,25200,26100,1,25200,25800,5,25800,26100,7,26100,26400,0,0,0,0,0,0,63000,1,4,58500,59400,0,0,0,0,0,0,0,0,0,0,0,0,59400,1,1,66600,68400,0,0,0,0,0,0,0,0,0,0,0,0,1
3,892,4,99,99,9999,1,5,99,9,99,99,13,3,2,3,3,2,2,2,5,1,2,1,5,5,5,5,5,5,5,5,5,5,5,9,1,3,2,1,2,1,3,3,1,1,1,1,1,2,1,3,2,1,1,2,2,1,3,3,3,3,1,2,2,3,3,5,1,1,13,0,0,0,0,0,1,1,1,2,1,0,0,0,3,10,0,0,1,0,0,0,0,1,1,72,3,4,5,5,5,5,5,5,5,5,5,5,5,1,5,2,1,1974,5,1,1,1,30,4,2,1000,5,15,1997,4,0,15,25200,30600,10,25200,30600,4,25200,30600,3,25200,27000,99,99999,99999,0,0,0,43200,5,0,0,0,0,0,0,0,0,0,0,0,0,0,0,0,46800,1,1,64800,68400,7,68400,79200,0,0,0,0,0,0,0,0,0,5
3,4862,4,12,3,1997,1,2,8,3,24,0,11,2,1,2,2,2,2,2,5,9,9,9,5,5,5,5,5,5,5,5,5,5,5,5,9,9,9,9,9,9,9,9,9,9,9,9,9,9,9,9,9,9,9,9,9,9,9,9,9,9,9,9,9,9,9,9,5,9,11,0,0,0,0,0,6,1,5,0,1,0,0,0,8,3,0,0,2,0,0,0,0,5,0,24,3,6,5,5,5,5,5,5,5,5,5,5,1,5,5,2,1,1958,5,5,5,1,20,4,5,5850,12,3,1997,3,0,20,30300,33300,1,30600,32100,3,32100,33000,5,33000,33300,0,0,0,0,0,0,46800,1,4,46800,47400,5,47400,48000,2,48000,48600,1,48600,49200,0,0,0,52800,1,1,73800,75600,7,75600,76800,0,0,0,0,0,0,0,0,0,1
3,4239,2,5,12,1997,5,5,42,30,30,0,10,1,2,3,3,3,2,2,5,1,1,1,5,5,5,5,5,5,1,5,5,5,1,1,2,3,2,3,3,3,2,3,2,2,2,2,2,3,3,2,3,2,2,3,3,3,3,3,2,3,3,3,3,2,2,1,1,2,8,1,1,0,0,0,7,1,5,0,1,0,0,14,20,10,0,8,6,0,0,0,0,1,4,144,3,7,5,1,5,5,5,5,9,1,1,1,1,1,9,2,1,1947,1,5,5,1,50,3,3,32000,5,12,1997,1,0,12,30600,23400,1,30600,32400,3,32400,46800,4,46800,50400,7,50400,55800,9,55800,63000,64800,5,0,0,0,0,0,0,0,0,0,0,0,0,0,0,0,63000,1,1,68400,72000,3,72000,73800,0,0,0,0,0,0,0,0,0,1
3,4211,4,5,28,1997,1,5,10,9,24,1,17,2,1,2,2,1,1,2,5,2,1,2,5,5,5,5,5,5,5,5,5,5,5,9,3,3,3,3,3,3,3,3,3,3,3,3,2,3,3,3,3,3,3,3,3,3,3,3,3,3,3,3,3,3,3,0,5,5,16,0,0,1,0,0,6,1,5,0,1,0,0,0,0,7,10,0,1,3,0,0,0,5,0,240,3,6,9,1,9,9,9,9,9,5,5,5,5,5,1,2,1,1943,5,5,5,1,31,2,3,7700,5,28,1997,4,0,8,31500,33600,1,31500,33600,10,33600,35100,0,0,0,0,0,0,0,0,0,41400,1,1,42300,42900,10,42900,44400,10,44400,52200,10,52200,53100,10,53100,54600,55800,1,7,70200,77400,0,0,0,0,0,0,0,0,0,0,0,0,1
3,3516,4,6,25,1997,1,3,9,10,10,0,16,2,1,3,3,3,3,3,5,1,1,2,5,5,5,5,5,5,5,5,5,5,5,9,3,3,3,3,3,3,3,3,3,3,3,3,3,3,3,3,3,3,3,3,3,3,3,3,3,3,3,3,3,3,3,0,5,5,16,0,0,0,0,0,7,5,5,0,1,0,0,0,16,0,0,0,1,0,0,0,1,1,2,132,3,6,1,9,9,9,9,9,9,5,9,9,9,9,1,2,1,1953,5,1,1,1,23,2,2,17000,5,14,1997,3,0,10,30600,33300,1,30600,31500,3,31500,32400,5,32400,32700,4,32700,33300,99,99999,99999,43200,1,4,43200,44100,10,44100,45000,5,45000,45600,99,99999,99999,0,0,0,45900,1,3,70200,70800,1,70800,72900,5,72900,75600,0,0,0,0,0,0,1
3,3567,3,11,13,1997,1,3,21,3.5,8,5,17,1,9,2,9,1,1,2,5,2,2,2,5,5,5,5,5,5,5,5,5,5,5,5,3,3,3,3,3,3,3,3,3,3,3,3,3,3,3,3,3,3,3,3,3,3,3,3,3,3,3,3,3,3,3,0,5,5,16,0,0,1,0,0,1,5,5,0,5,0,0,0,0,9,8,0,1,0,1,0,0,5,0,156,3,3,9,9,9,9,9,9,9,5,5,5,5,1,5,2,1,1938,5,1,1,1,35,2,1,99999,11,13,1997,4,0,5,26100,27000,1,26100,27000,3,26100,27000,9,27000,28800,0,0,0,0,0,0,99999,9,99,99999,99999,0,0,0,0,0,0,0,0,0,0,0,0,99999,9,9,99999,99999,0,0,0,0,0,0,0,0,0,0,0,0,9
3,451,4,4,22,1997,1,5,2.25,8,8,3,18,2,1,3,3,2,3,3,5,2,2,2,5,5,5,5,5,5,1,5,5,5,1,9,3,3,3,3,3,3,3,3,3,3,3,3,3,3,3,3,3,3,3,3,3,3,3,3,3,3,3,3,3,3,3,1,5,4,16,0,1,1,0,0,5,1,5,0,1,0,0,0,0,10,7,1,1,0,1,0,0,5,0,18,3,6,1,1,9,9,9,9,9,5,9,1,9,9,9,2,1,1952,5,5,5,5,8,2,2,48000,4,21,1997,1,0,60,29700,33300,1,29700,30600,5,30600,31200,3,31200,32400,4,32400,32700,2,32700,33300,55800,1,1,41700,42600,2,41700,42600,3,42600,45600,10,45900,47400,0,0,0,56700,1,4,65400,67500,1,68400,73800,5,75600,78600,0,0,0,0,0,0,1
3,789,7,5,1,1997,1,3,7.5,8,8,5,9,2,2,3,1,3,3,2,5,2,2,2,5,5,5,5,5,5,5,5,5,1,1,9,3,3,3,3,3,3,3,3,3,3,3,3,3,3,3,3,3,3,3,2,3,3,3,3,3,3,3,3,3,3,3,0,5,5,9,0,0,0,0,0,1,5,5,0,1,0,0,0,0,5,4,0,0,1,0,0,0,5,0,96,3,6,5,1,5,5,5,5,9,5,5,5,5,5,9,2,1,1950,5,5,5,1,18,1,5,8000,4,28,1997,1,0,15,30600,32400,1,30600,32100,0,0,0,0,0,0,0,0,0,0,0,0,55800,5,0,0,0,0,0,0,0,0,0,0,0,0,0,0,0,56700,1,1,66600,68400,0,0,0,0,0,0,0,0,0,0,0,0,1
3,315,4,99,99,9999,3,5,12.5,6,6,2,6,2,2,3,1,1,2,1,5,2,2,2,5,5,1,5,5,5,1,1,5,1,1,9,3,3,3,2,3,2,3,2,2,2,3,2,3,3,3,2,2,3,3,2,3,3,3,3,3,3,2,2,2,2,3,0,1,4,5,0,0,1,0,0,5,1,1,2,1,0,0,0,0,1,5,0,0,1,0,1,0,1,4,24,3,4,1,5,5,5,1,5,5,5,1,5,5,5,5,2,1,1970,5,5,5,5,28,2,3,10720,5,1,1997,4,0,40,26700,29700,3,26400,27900,8,27900,28800,1,28800,29700,10,29700,31800,0,0,0,38700,1,4,38700,39000,5,39000,39600,2,39600,40500,3,40500,41400,0,0,0,41400,1,1,68400,72000,0,0,0,0,0,0,0,0,0,0,0,0,1
3,2028,3,12,20,1997,1,9,99,99,99,0,4,1,1,1,1,1,1,1,1,0,0,0,0,0,0,0,0,0,0,0,0,0,0,0,0,0,0,0,0,0,0,0,0,0,0,0,0,0,0,0,0,0,0,0,0,0,0,0,0,0,0,0,0,0,0,0,0,0,4,0,0,0,0,0,1,9,5,0,9,99,99,99,99,99,99,99,1,0,0,0,0,1,2,24,3,3,5,5,5,5,5,5,1,9,9,9,9,9,9,2,1,1954,5,9,9,9,99,1,1,99999,12,19,1997,5,1,0,23400,23400,99,99999,99999,0,0,0,0,0,0,0,0,0,0,0,0,99999,9,99,99999,99999,0,0,0,0,0,0,0,0,0,0,0,0,99999,9,9,99999,99999,0,0,0,0,0,0,0,0,0,0,0,0,9
3,2028,4,12,20,1997,1,9,99,99,99,0,4,1,1,1,1,1,1,1,1,0,0,0,0,0,0,0,0,0,0,0,0,0,0,0,0,0,0,0,0,0,0,0,0,0,0,0,0,0,0,0,0,0,0,0,0,0,0,0,0,0,0,0,0,0,0,0,0,0,4,0,0,0,0,0,2,9,5,0,9,99,99,99,99,99,99,99,1,0,0,0,0,1,2,2,3,3,5,5,5,5,5,5,5,9,9,9,9,9,9,2,1,1954,5,9,9,9,99,1,1,99999,12,19,1997,5,1,0,23400,23400,99,99999,99999,0,0,0,0,0,0,0,0,0,0,0,0,99999,9,99,99999,99999,0,0,0,0,0,0,0,0,0,0,0,0,99999,9,9,99999,99999,0,0,0,0,0,0,0,0,0,0,0,0,9
3,724,3,5,2,1997,1,5,9,5,5,3,5,9,9,9,9,9,9,9,1,0,0,0,0,0,0,0,0,0,0,0,0,0,0,0,0,0,0,0,0,0,0,0,0,0,0,0,0,0,0,0,0,0,0,0,0,0,0,0,0,0,0,0,0,0,0,0,0,0,5,0,0,0,0,0,1,1,5,0,1,1,2,1,1,0,0,0,1,0,0,0,0,1,2,6,3,3,5,5,5,5,5,5,1,5,9,9,1,9,9,2,1,1954,5,1,1,1,55,1,1,99999,5,2,1997,5,0,30,21600,23400,1,21600,23400,3,32400,36000,4,23400,24000,7,43200,45000,0,0,0,63000,5,0,0,0,0,0,0,0,0,0,0,0,0,0,0,0,63000,1,1,66600,68400,0,0,0,0,0,0,0,0,0,0,0,0,1
3,3646,3,5,13,1997,9,5,45,2,24,1,14,1,1,3,8,2,1,8,1,0,0,0,0,0,0,0,0,0,0,0,0,0,0,0,0,0,0,0,0,0,0,0,0,0,0,0,0,0,0,0,0,0,0,0,0,0,0,0,0,0,0,0,0,0,0,0,0,0,12,0,0,0,1,1,1,5,5,0,1,0,0,14,0,0,0,0,2,0,0,0,1,1,5,12,3,2,1,5,5,5,5,5,5,5,1,5,5,5,5,2,1,1959,5,5,1,1,39.5,1,1,99999,5,13,1997,2,0,15,30600,23400,99,99999,99999,0,0,0,0,0,0,0,0,0,0,0,0,64800,5,0,0,0,0,0,0,0,0,0,0,0,0,0,0,0,63000,1,1,66600,70200,0,0,0,0,0,0,0,0,0,0,0,0,1
3,2326,5,5,30,1997,3,4,2.5,9,9,0,16,3,2,2,2,2,1,1,5,2,2,2,5,5,5,5,5,5,1,5,1,5,5,9,3,3,3,3,3,3,2,3,3,3,3,3,2,3,3,3,2,3,3,3,3,3,3,3,3,3,3,3,3,3,2,0,5,5,15,1,0,0,0,0,1,1,5,0,1,0,0,0,0,10,6,0,1,0,1,0,0,1,2,84,3,6,1,1,1,5,1,5,9,1,1,9,9,1,9,2,1,1939,5,5,5,5,9,2,3,43000,5,30,1997,5,0,35,29700,32400,1,29700,30600,4,30600,32100,2,32100,32700,99,99999,99999,0,0,0,54000,1,5,54000,54600,2,54900,55800,7,56100,61200,3,61200,63900,1,64800,70200,71100,1,1,76500,79200,3,79200,82800,0,0,0,0,0,0,0,0,0,1
3,4874,4,6,18,1997,1,5,8,9,9,99,12,1,1,2,2,1,1,1,5,1,1,1,5,5,5,5,5,5,5,5,5,5,5,5,3,3,3,3,3,3,3,3,3,3,3,3,3,3,3,3,3,3,3,3,3,3,3,3,3,3,3,3,3,3,3,0,5,5,12,0,0,0,0,0,1,1,5,0,1,0,0,0,0,12,0,0,1,0,0,0,0,5,0,11,1,2,5,5,5,5,5,5,5,5,5,5,5,5,5,2,1,9999,5,1,1,1,35,9,9,99999,6,18,1997,9,9,99,27000,28800,99,99999,99999,0,0,0,0,0,0,0,0,0,0,0,0,64800,5,0,0,0,0,0,0,0,0,0,0,0,0,0,0,0,52200,1,9,99999,99999,0,0,0,0,0,0,0,0,0,0,0,0,9
3,2852,4,4,29,1997,1,2,8,8,8,0,20,2,9,3,1,3,1,1,5,9,9,9,9,9,9,9,9,9,9,9,9,9,9,9,9,9,9,9,9,9,9,9,9,9,9,9,9,9,9,9,9,9,9,9,9,9,9,9,9,9,9,9,9,9,9,9,9,9,19,0,0,1,0,0,5,1,1,2,1,0,0,0,20,0,0,0,2,0,0,0,0,9,9,144,3,7,1,9,9,9,9,9,9,5,5,5,5,5,9,2,1,1962,9,5,5,1,30,2,3,19500,4,29,1997,2,0,15,30600,31500,1,30900,31500,3,31500,32400,4,32400,33300,7,32400,33300,7,33600,34200,43200,1,2,43200,44100,4,44100,45000,0,0,0,0,0,0,0,0,0,45000,5,0,0,0,0,0,0,0,0,0,0,0,0,0,0,0,1
3,3179,4,6,10,1997,1,2,6,10,10,0,20,1,1,3,2,1,1,2,5,2,3,2,5,5,5,5,5,5,5,5,5,5,5,9,3,3,3,3,3,3,3,3,3,3,3,2,3,3,3,3,3,3,3,3,2,3,2,3,3,3,3,3,3,3,3,0,5,5,18,0,0,1,0,0,1,1,5,0,1,0,0,0,5,15,0,0,2,0,0,0,0,5,0,144,3,7,1,9,9,9,9,9,9,5,9,1,9,9,9,2,1,1962,5,5,5,1,40,4,3,19500,6,10,1997,2,0,15,30600,32400,1,30600,31200,7,31200,31500,4,31500,32400,99,99999,99999,0,0,0,43200,1,1,43200,44400,4,44400,45000,99,99999,99999,0,0,0,0,0,0,45000,5,0,0,0,0,0,0,0,0,0,0,0,0,0,0,0,1
3,2289,4,6,19,1997,1,3,12,9,9,0,12,1,8,3,3,3,3,3,5,2,2,2,5,5,5,5,5,5,5,5,5,5,5,9,1,3,1,3,3,2,2,3,3,2,1,2,2,3,3,3,3,2,3,3,2,2,2,2,3,3,3,3,3,3,3,0,5,5,12,0,0,0,0,0,3,1,1,2,1,0,0,0,4,8,0,0,1,0,1,0,0,5,0,9,3,6,5,5,5,5,5,5,5,5,5,5,5,1,9,2,1,1968,5,5,5,5,18,2,2,3150,6,19,1997,1,0,30,30600,32400,1,30600,31200,3,31200,31800,5,31800,32400,99,99999,99999,0,0,0,43200,5,0,0,0,0,0,0,0,0,0,0,0,0,0,0,0,43800,5,0,0,0,0,0,0,0,0,0,0,0,0,0,0,0,1
3,2979,5,4,16,1997,1,5,40,8,30,4,10,2,2,3,3,3,1,2,5,1,1,1,5,5,5,5,5,5,5,5,5,5,5,5,3,3,3,3,3,3,3,3,3,3,3,3,3,3,3,3,3,3,3,3,3,3,3,3,3,3,3,3,3,3,3,0,5,5,10,0,0,0,0,0,1,5,5,0,1,0,0,0,2,8,0,0,1,0,0,0,0,1,1,60,7,5,5,5,5,5,5,5,5,1,1,9,9,9,1,2,1,1966,5,1,1,1,40,1,2,13500,4,17,1997,4,0,10,22500,23400,9,23400,30600,4,23400,30600,5,23400,30600,1,30600,32400,3,30600,32400,63000,5,0,0,0,0,0,0,0,0,0,0,0,0,0,0,0,55800,1,1,68700,71100,6,73800,78600,0,0,0,0,0,0,0,0,0,1
3,1858,2,5,22,1997,1,4,32,2.5,99,99,16,1,3,3,1,2,1,3,5,2,1,2,5,5,5,5,5,5,1,5,5,5,5,5,2,3,3,3,3,3,3,3,3,3,3,3,3,3,3,3,3,3,3,3,3,3,3,3,3,3,3,3,3,3,3,0,5,5,6,2,6,1,0,0,1,5,5,0,1,0,0,0,2,9,3,2,2,0,0,0,0,1,2,48,3,9,1,9,9,9,9,9,9,5,5,5,5,5,1,2,3,1956,1,1,1,1,40,1,1,13052,5,22,1997,4,0,10,21300,21600,10,21300,21600,10,21600,22500,99,99999,99999,0,0,0,0,0,0,64800,5,0,0,0,0,0,0,0,0,0,0,0,0,0,0,0,56700,5,0,0,0,0,0,0,0,0,0,0,0,0,0,0,0,1
3,3077,4,4,25,1997,1,2,5,8,8,0,13,2,1,3,3,2,1,1,5,2,2,2,5,5,5,5,5,5,1,5,5,1,1,9,2,3,3,3,2,3,2,3,3,3,3,3,3,3,3,3,3,1,2,3,2,3,2,3,3,3,3,3,2,2,3,0,5,5,13,0,0,0,0,0,3,1,5,0,1,0,0,0,7,6,0,0,1,0,1,0,0,5,0,120,3,6,5,5,5,5,5,5,5,5,5,5,5,5,9,2,1,1952,5,5,5,1,25,2,4,13000,4,25,1997,5,0,15,31500,32400,1,31500,31800,5,31800,32100,4,32100,32400,99,99999,99999,0,0,0,41400,1,10,41400,41700,1,41700,42000,10,42000,43800,10,43800,53100,0,0,0,53100,5,0,0,0,0,0,0,0,0,0,0,0,0,0,0,0,1
3,4826,4,5,27,1997,5,4,16,99,99,99,12,9,9,9,9,9,9,9,5,2,2,1,5,5,5,5,5,5,5,5,5,5,5,9,2,3,3,2,3,3,3,3,2,2,3,2,3,3,3,3,3,3,3,3,2,3,3,3,3,3,2,3,3,3,3,0,5,5,7,0,2,0,3,0,7,5,5,0,5,0,2,2,2,1,0,5,1,0,0,0,0,1,4,18,7,3,5,5,5,5,5,5,5,5,5,5,1,1,9,2,1,1958,5,1,1,1,65,1,1,99999,5,28,1997,3,9,99,17400,18000,99,99999,99999,0,0,0,0,0,0,0,0,0,0,0,0,64800,1,99,99999,99999,0,0,0,0,0,0,0,0,0,0,0,0,99999,1,9,99999,99999,0,0,0,0,0,0,0,0,0,0,0,0,1
3,1717,3,6,30,1997,1,5,10,18,18,2,16,9,9,9,9,9,9,9,1,0,0,0,0,0,0,0,0,0,0,0,0,0,0,0,0,0,0,0,0,0,0,0,0,0,0,0,0,0,0,0,0,0,0,0,0,0,0,0,0,0,0,0,0,0,0,0,0,0,10,2,0,0,0,0,7,1,5,0,1,4,12,0,0,0,0,0,4,3,0,0,0,5,0,96,3,2,5,5,5,5,5,5,5,5,9,9,1,9,9,2,1,1935,5,1,1,1,37.5,2,2,10400,7,9,1997,3,0,10,25200,23400,10,25200,30600,10,30600,35100,10,35100,37800,10,37800,40500,10,40500,50400,66600,5,0,0,0,0,0,0,0,0,0,0,0,0,0,0,0,52200,5,0,0,0,0,0,0,0,0,0,0,0,0,0,0,0,1
3,4939,3,12,10,1997,3,5,11.25,13.5,13.5,0,7,2,9,3,3,2,9,1,5,4,3,4,5,1,1,1,5,5,1,1,5,8,1,9,1,9,3,3,3,2,1,3,2,2,1,2,2,9,3,2,2,1,2,3,3,3,3,3,3,3,9,3,3,3,2,2,5,4,7,0,1,0,0,0,5,1,5,0,1,0,0,0,1,5,1,1,1,1,2,0,0,5,0,36,3,6,1,1,5,5,5,5,1,5,5,5,5,5,5,2,1,1952,5,5,5,1,15,2,4,17000,12,10,1997,4,0,15,29400,32400,1,29400,30600,10,30600,31800,5,31800,32400,4,32400,33000,0,0,0,40500,1,2,40800,41400,5,41400,42300,10,42300,43200,0,0,0,0,0,0,43200,1,5,50400,53100,7,72000,73800,0,0,0,0,0,0,0,0,0,1
3,3514,4,9,26,1997,1,3,7.5,1,1,0,12,3,1,3,2,2,9,9,5,1,1,2,5,5,5,5,5,5,5,5,5,5,5,9,2,3,3,3,3,3,3,3,3,3,3,3,3,3,3,3,2,3,3,3,3,3,3,3,3,3,3,3,3,3,3,0,5,5,12,0,0,0,0,0,1,5,5,0,1,0,0,0,6,6,0,0,2,0,0,0,0,1,1,240,3,6,5,5,5,5,5,5,5,1,5,5,1,5,5,2,1,1937,5,1,1,1,16,3,3,8000,9,24,1997,3,0,15,30600,34200,1,30600,32400,3,32400,33300,8,33300,34200,0,0,0,0,0,0,43200,5,0,0,0,0,0,0,0,0,0,0,0,0,0,0,0,44100,1,1,68400,72000,0,0,0,0,0,0,0,0,0,0,0,0,1
3,3578,2,6,2,1997,1,3,9,9,9,0,9,1,1,3,2,2,2,1,5,2,2,2,5,5,5,5,5,5,5,5,5,5,5,9,3,3,3,3,3,3,3,3,3,3,3,3,3,3,3,3,3,3,3,3,3,3,3,3,3,3,3,3,3,3,3,1,5,3,9,0,0,0,0,0,1,1,5,0,1,0,0,0,0,8,0,1,1,0,0,1,0,5,0,84,7,2,5,5,5,5,5,5,9,5,5,5,5,5,9,2,1,1958,5,1,1,1,25,2,2,6750,5,21,1997,3,0,12,28800,30600,5,28800,29400,10,29400,30600,99,99999,99999,0,0,0,0,0,0,41400,1,10,42300,43200,10,43200,45000,10,45000,46800,99,99999,99999,0,0,0,46800,5,0,0,0,0,0,0,0,0,0,0,0,0,0,0,0,1
3,3235,4,5,29,1997,1,5,2.5,9,24,0,20,2,9,3,3,2,2,2,5,1,1,2,5,5,5,5,5,5,5,5,5,5,5,5,2,3,3,3,3,3,3,3,3,3,3,3,3,3,3,3,3,3,3,3,3,3,3,3,3,3,3,3,3,3,3,0,5,5,20,0,0,0,0,0,6,5,5,0,1,0,0,0,2,18,0,0,1,0,1,0,0,1,3,60,3,6,9,9,9,1,9,9,9,5,5,5,5,1,5,2,1,1951,1,1,1,1,20,2,2,10000,5,28,1997,3,0,10,30000,32400,1,30000,30900,7,30900,31200,3,31200,31500,5,31500,32100,4,32100,32700,41400,1,1,41400,42000,2,42000,42300,3,42300,43200,5,43200,43800,0,0,0,44100,1,4,61200,62400,1,72600,76800,0,0,0,0,0,0,0,0,0,1
3,4725,3,4,30,1997,1,5,40,24,24,0,28,3,9,3,3,3,3,3,1,0,0,0,0,0,0,0,0,0,0,0,0,0,0,0,0,0,0,0,0,0,0,0,0,0,0,0,0,0,0,0,0,0,0,0,0,0,0,0,0,0,0,0,0,0,0,0,0,0,10,12,4,4,0,0,2,1,5,0,1,0,0,28,0,0,0,0,2,2,0,3,0,5,0,60,3,5,1,5,5,5,5,5,5,1,5,5,1,1,5,2,9,1952,5,5,1,1,40,2,1,26500,4,29,1997,2,0,10,30600,20700,5,30600,30900,4,30900,31500,0,0,0,0,0,0,0,0,0,64800,5,0,0,0,0,0,0,0,0,0,0,0,0,0,0,0,63000,5,0,0,0,0,0,0,0,0,0,0,0,0,0,0,0,1
3,3672,3,4,20,1997,1,5,30,7,24,3,14,2,1,3,1,2,2,2,5,1,2,2,5,5,5,5,5,5,5,5,5,5,5,1,2,3,3,3,2,3,3,3,3,3,3,3,2,3,3,3,3,3,3,3,3,3,3,3,3,3,3,3,3,2,3,2,1,1,11,0,0,0,0,2,3,1,5,0,1,0,0,0,0,2,10,2,3,0,0,0,1,5,0,60,7,5,1,9,9,9,9,9,9,1,1,1,9,1,1,2,1,1951,5,5,1,1,50,2,2,9600,99,99,9999,3,1,0,27000,25200,1,27000,28800,4,28800,30600,5,30600,31200,9,31200,32400,10,32400,46800,64800,1,1,59400,61200,3,59400,61200,4,59400,61200,0,0,0,0,0,0,61200,1,1,66600,70200,5,70200,73800,0,0,0,0,0,0,0,0,0,1
3,3672,4,4,28,1997,1,5,25,7.5,9,0,10,2,1,3,2,1,2,2,1,0,0,0,0,0,0,0,0,0,0,0,0,0,0,0,0,0,0,0,0,0,0,0,0,0,0,0,0,0,0,0,0,0,0,0,0,0,0,0,0,0,0,0,0,0,0,0,0,0,9,0,0,0,1,0,6,1,5,0,1,0,0,6,4,0,0,0,0,3,0,0,0,5,0,12,3,4,5,5,5,5,5,5,5,5,5,5,5,5,5,2,1,1968,5,1,1,1,36,4,2,12000,5,2,1997,5,0,12,27000,25200,1,27300,27900,0,0,0,0,0,0,0,0,0,0,0,0,64800,5,0,0,0,0,0,0,0,0,0,0,0,0,0,0,0,65100,5,0,0,0,0,0,0,0,0,0,0,0,0,0,0,0,1
3,2735,5,5,19,1997,1,5,45,2,12,2,18,8,8,3,8,8,8,8,5,2,2,2,5,5,5,5,5,5,5,5,5,5,5,9,1,2,1,2,2,2,2,3,2,2,2,2,2,3,3,1,1,2,2,3,3,2,2,3,2,3,3,2,3,3,1,0,5,5,17,0,0,1,0,0,1,5,1,1,1,0,0,0,0,12,6,0,2,1,0,0,0,1,5,2,3,3,5,5,5,5,5,5,5,5,5,5,5,5,5,2,1,1957,5,5,1,1,27,2,2,8400,5,19,1997,1,0,10,27000,32400,10,27000,32400,0,0,0,0,0,0,0,0,0,0,0,0,45000,5,0,0,0,0,0,0,0,0,0,0,0,0,0,0,0,47700,1,7,77400,81000,0,0,0,0,0,0,0,0,0,0,0,0,1
3,6325,3,10,10,1997,1,5,40,5,18,7,10,1,1,3,2,2,2,2,1,0,0,0,0,0,0,0,0,0,0,0,0,0,0,0,0,0,0,0,0,0,0,0,0,0,0,0,0,0,0,0,0,0,0,0,0,0,0,0,0,0,0,0,0,0,0,0,0,0,9,1,0,0,0,0,1,1,5,0,1,0,10,0,0,0,0,0,1,2,0,0,0,5,0,48,3,2,5,5,5,5,5,5,1,5,5,5,1,1,1,2,1,1975,5,1,1,1,40,5,2,11000,10,9,1997,4,0,10,27000,32400,10,27000,32400,3,27000,32400,0,0,0,0,0,0,0,0,0,64800,1,3,57600,59400,0,0,0,0,0,0,0,0,0,0,0,0,59400,5,0,0,0,0,0,0,0,0,0,0,0,0,0,0,0,1
3,5501,3,10,7,1997,1,5,50,2,2,5,24,1,1,3,1,2,2,1,5,1,1,1,5,5,5,5,5,5,5,5,5,5,5,5,3,3,3,3,3,3,3,3,3,3,3,3,3,3,3,3,3,3,3,3,3,3,3,3,3,3,3,3,3,3,3,0,5,5,19,3,0,0,0,2,7,5,5,0,1,0,0,0,0,18,6,0,1,0,1,2,0,1,3,6,7,6,5,5,5,5,9,5,1,5,1,5,5,1,5,2,1,1972,1,1,1,1,40,4,4,12000,10,6,1997,1,0,10,28200,32400,5,28200,28800,10,28800,31800,4,28800,31800,9,28800,31800,10,31800,32400,64800,5,0,0,0,0,0,0,0,0,0,0,0,0,0,0,0,62100,1,3,67500,69000,7,69000,73800,0,0,0,0,0,0,0,0,0,1
3,1350,5,6,4,1997,1,2,5.5,9,9,0,12,1,1,3,2,3,2,9,5,1,1,1,5,5,5,5,5,5,5,5,5,5,5,5,3,3,3,3,3,3,3,3,3,3,3,3,3,3,3,3,3,3,3,3,3,3,3,3,3,3,3,3,3,3,3,2,5,1,11,0,1,0,0,0,5,1,5,0,1,0,0,0,0,10,2,0,1,0,1,0,0,1,1,108,1,3,5,5,5,5,5,5,5,5,5,5,5,1,1,2,1,1950,5,5,5,1,38,2,2,11586,5,16,1997,2,0,8,27000,30600,3,27000,27900,10,27900,30000,9,30000,30600,99,99999,99999,0,0,0,40500,1,4,40500,41400,9,40500,42300,5,42300,45000,3,45000,46800,0,0,0,46800,5,0,0,0,0,0,0,0,0,0,0,0,0,0,0,0,1
3,3432,3,5,28,1997,1,5,30,24,24,2,14,2,1,1,1,2,3,1,5,1,9,1,5,5,5,5,5,5,1,5,1,1,1,9,3,3,3,3,3,3,3,3,3,3,3,3,3,3,3,3,3,3,3,3,3,3,3,3,3,3,3,2,2,3,3,0,5,5,14,0,0,0,0,0,2,1,9,9,1,0,0,0,14,0,0,0,1,0,0,1,0,9,9,6,1,3,5,5,5,5,5,5,5,5,5,5,1,1,9,2,1,1975,9,5,1,1,40,2,2,7894,5,28,1997,3,0,10,21600,21600,10,29700,30600,10,30600,31500,10,32700,33600,7,33600,34200,10,34200,35100,63000,9,99,99999,99999,0,0,0,0,0,0,0,0,0,0,0,0,54000,5,0,0,0,0,0,0,0,0,0,0,0,0,0,0,0,1
3,3432,4,5,15,1997,1,5,10,5,99,0,9,1,1,1,1,1,1,1,1,0,0,0,0,0,0,0,0,0,0,0,0,0,0,0,0,0,0,0,0,0,0,0,0,0,0,0,0,0,0,0,0,0,0,0,0,0,0,0,0,0,0,0,0,0,0,0,0,0,9,0,0,0,0,0,7,1,5,0,1,0,9,0,0,0,0,0,1,0,0,0,0,5,0,12,7,2,5,5,5,5,5,5,5,5,5,5,5,5,5,2,1,1946,5,1,1,1,40,2,2,99999,5,15,1997,4,0,10,28800,21600,99,99999,99999,0,0,0,0,0,0,0,0,0,0,0,0,63000,9,99,99999,99999,0,0,0,0,0,0,0,0,0,0,0,0,61200,5,0,0,0,0,0,0,0,0,0,0,0,0,0,0,0,1
3,455,3,4,15,1997,1,5,14,7,7,0,25,2,8,3,2,2,1,1,5,2,2,2,5,5,5,5,5,5,5,5,5,5,5,9,3,3,2,2,3,2,2,2,2,2,3,2,2,3,2,3,2,3,3,3,3,3,3,3,2,3,2,2,3,3,2,3,5,3,25,0,0,0,0,0,1,1,1,2,1,0,0,0,0,0,0,25,1,0,1,0,0,1,1,120,7,6,9,1,9,9,9,9,9,5,5,5,5,1,9,2,1,1955,5,1,1,1,42,3,3,99999,4,15,1997,2,0,4,27900,28800,1,27900,28200,5,28200,28500,3,28500,28800,0,0,0,0,0,0,39600,1,10,39600,42300,10,42300,44100,10,44100,54000,10,54000,55500,8,55500,58800,59100,1,4,68400,70200,0,0,0,0,0,0,0,0,0,0,0,0,1
3,1151,4,10,7,1997,1,4,28,5,12,0,12,2,2,3,3,3,2,2,5,2,2,1,5,5,5,5,5,1,1,5,5,1,1,9,2,3,3,3,3,2,3,3,3,2,2,2,3,3,3,2,3,3,3,3,3,3,3,3,3,3,3,3,3,3,3,0,5,5,11,1,0,0,0,0,7,1,5,0,1,0,0,0,4,6,2,0,2,1,0,0,0,1,5,60,3,5,5,5,5,5,5,5,5,1,1,9,1,1,5,2,1,1961,5,5,5,5,45,1,2,21000,10,7,1997,9,0,30,27000,30600,1,27300,29400,10,29400,30000,4,30000,30900,0,0,0,0,0,0,55800,1,4,55800,56400,10,56400,57000,5,57000,57600,7,57600,58500,0,0,0,58500,1,6,66600,77400,7,78600,80400,0,0,0,0,0,0,0,0,0,1
3,5579,3,10,14,1997,5,4,4,48,48,0,10,1,1,2,1,1,2,2,5,2,2,2,5,5,5,5,5,5,5,5,5,5,5,5,3,3,3,3,3,3,3,3,2,2,2,2,2,3,3,3,2,2,2,3,3,3,3,2,3,3,3,3,3,3,3,0,5,5,7,1,1,1,0,0,7,1,1,2,1,0,0,0,3,6,1,0,2,1,0,0,0,1,2,132,3,6,5,5,5,1,5,5,5,9,5,1,5,1,5,2,1,1943,5,5,5,1,50,1,1,30000,10,14,1997,2,0,25,27900,23400,10,27900,30000,5,30000,30600,0,0,0,0,0,0,0,0,0,66600,1,4,66600,67500,1,67500,69300,0,0,0,0,0,0,0,0,0,69300,5,0,0,0,0,0,0,0,0,0,0,0,0,0,0,0,1
3,5579,4,10,14,1997,5,4,14,1,1,0,10,1,1,2,1,1,1,1,1,0,0,0,0,0,0,0,0,0,0,0,0,0,0,0,0,0,0,0,0,0,0,0,0,0,0,0,0,0,0,0,0,0,0,0,0,0,0,0,0,0,0,0,0,0,0,0,0,0,4,1,3,0,2,0,7,1,5,0,1,0,5,5,0,0,0,0,1,1,1,0,0,5,0,132,3,6,5,5,5,1,5,5,5,5,5,1,5,1,5,2,1,1943,5,5,5,1,50,1,1,99999,5,20,1997,2,0,25,27900,23400,10,27900,30000,5,30000,30600,0,0,0,0,0,0,0,0,0,99999,9,99,99999,99999,0,0,0,0,0,0,0,0,0,0,0,0,99999,9,9,99999,99999,0,0,0,0,0,0,0,0,0,0,0,0,1
3,3677,4,6,8,1997,1,4,2.5,9,24,0,20,1,2,2,1,3,3,1,5,2,2,2,5,5,5,5,5,5,5,5,5,5,5,9,2,3,2,3,2,3,3,2,3,3,3,3,2,3,3,3,2,2,3,2,2,3,1,2,2,2,3,3,3,3,2,1,5,1,19,1,0,0,0,0,1,1,5,0,1,0,0,0,9,9,2,0,1,0,0,1,0,1,2,24,3,6,9,1,9,9,9,9,9,5,5,5,5,5,5,2,1,1965,5,5,5,5,32.5,2,3,9000,6,8,1997,5,0,25,28200,28800,1,28200,28500,3,28500,28800,99,99999,99999,0,0,0,0,0,0,52200,1,1,52200,52800,5,52800,53100,2,53100,53400,0,0,0,0,0,0,53400,1,7,53400,54900,1,57900,59400,0,0,0,0,0,0,0,0,0,5
3,2196,3,4,29,1997,1,2,5,4,8,0,12,2,8,3,3,2,3,3,5,2,2,2,5,5,5,5,5,5,5,5,5,5,5,9,9,3,3,3,2,3,2,3,3,2,3,9,9,9,3,9,9,9,9,3,9,3,1,3,9,9,9,3,9,9,3,0,5,5,12,0,0,0,0,0,5,9,5,0,1,0,0,1,11,0,0,0,0,1,0,1,0,1,1,4,3,3,5,5,5,5,5,5,9,5,1,9,9,1,9,2,1,1974,5,1,1,1,17.5,3,4,5850,4,29,1997,2,0,8,30600,32400,1,30600,31560,3,31560,31980,7,31980,32100,4,32100,32400,99,99999,99999,41400,1,4,41400,42300,3,42300,42600,7,42600,42900,1,42900,43200,99,99999,99999,43500,1,1,68400,72000,7,72000,77400,0,0,0,0,0,0,0,0,0,1
3,2257,2,6,30,1997,1,5,40,12,48,0,20,2,3,3,2,3,2,3,5,2,2,2,5,5,5,5,5,5,5,5,5,5,5,9,3,3,3,3,3,3,2,3,3,2,3,3,2,3,3,3,2,3,3,3,3,3,3,3,3,3,3,3,3,3,3,0,5,4,0,20,0,0,0,0,7,1,5,0,1,0,0,0,0,0,20,0,1,0,1,0,0,1,3,12,3,5,1,5,5,5,5,5,9,1,1,5,5,5,9,2,2,1942,5,5,1,1,40,2,1,99999,6,23,1997,1,0,45,25200,21600,10,21600,23400,10,23400,27000,10,27000,28800,10,28800,32400,10,32400,33300,63900,1,3,57600,59400,5,57600,59400,9,59400,63900,99,99999,99999,0,0,0,66600,1,1,72000,79200,6,68400,78300,0,0,0,0,0,0,0,0,0,1
3,2257,3,6,24,1997,1,5,8,24,99,2,16,2,3,3,2,2,1,2,5,3,3,3,5,5,5,5,5,5,5,5,5,5,5,9,1,3,1,3,2,3,2,1,3,3,3,2,3,3,3,3,3,1,2,1,1,3,2,3,1,3,2,3,3,1,3,0,5,5,0,15,0,0,0,0,7,1,5,0,1,0,1,14,1,0,0,0,3,2,0,0,0,1,2,96,3,3,1,5,5,5,5,5,5,1,5,5,1,1,9,2,2,1961,5,5,1,1,9.5,3,2,11000,6,23,1997,1,0,30,32400,23400,10,33300,35400,10,34200,36000,10,36000,37800,10,37800,39600,10,39600,41400,63900,5,0,0,0,0,0,0,0,0,0,0,0,0,0,0,0,63900,5,0,0,0,0,0,0,0,0,0,0,0,0,0,0,0,1
3,2950,3,6,3,1997,5,4,17,3,3,0,2,9,9,9,9,9,9,9,1,0,0,0,0,0,0,0,0,0,0,0,0,0,0,0,0,0,0,0,0,0,0,0,0,0,0,0,0,0,0,0,0,0,0,0,0,0,0,0,0,0,0,0,0,0,0,0,0,0,2,0,0,0,0,0,1,5,5,0,1,2,0,0,0,0,0,0,9,9,9,9,9,1,2,999,9,2,5,5,5,5,5,5,5,5,5,5,5,5,5,2,1,1953,5,1,1,1,17,1,1,99999,6,3,1997,2,9,99,21600,21600,99,99999,99999,0,0,0,0,0,0,0,0,0,0,0,0,50400,1,99,99999,99999,0,0,0,0,0,0,0,0,0,0,0,0,99999,9,9,99999,99999,0,0,0,0,0,0,0,0,0,0,0,0,1
3,2950,4,6,3,1997,5,4,17,3,3,0,2,9,9,9,9,9,9,9,1,0,0,0,0,0,0,0,0,0,0,0,0,0,0,0,0,0,0,0,0,0,0,0,0,0,0,0,0,0,0,0,0,0,0,0,0,0,0,0,0,0,0,0,0,0,0,0,0,0,2,0,0,0,0,0,1,5,5,0,1,2,0,0,0,0,0,0,9,9,9,9,9,1,2,999,9,2,5,5,5,5,5,5,5,5,5,5,5,5,5,2,1,1953,5,1,1,1,17,1,1,99999,6,3,1997,2,9,99,21600,21600,99,99999,99999,0,0,0,0,0,0,0,0,0,0,0,0,50400,1,99,99999,99999,0,0,0,0,0,0,0,0,0,0,0,0,99999,9,9,99999,99999,0,0,0,0,0,0,0,0,0,0,0,0,1
3,1498,4,3,24,1997,1,3,7.5,15,15,1,18,2,2,8,2,8,8,2,5,1,1,2,5,5,5,5,5,5,5,5,5,1,1,5,2,3,3,2,3,2,3,3,2,2,2,3,2,3,3,3,3,3,3,3,3,3,3,3,3,3,3,3,3,3,2,0,5,5,17,0,1,0,0,0,5,1,1,1,1,0,0,0,0,9,9,0,0,2,0,0,0,5,0,168,3,6,1,1,5,5,5,5,5,5,5,1,5,5,9,2,1,1946,5,5,5,1,18,4,2,13000,3,24,1997,1,0,15,30000,32400,1,30000,32400,10,32400,34200,10,34200,36000,10,36000,37800,10,37800,43200,41400,1,1,41700,42300,3,42300,42720,5,42720,43200,4,43200,43800,1,43800,44400,44400,1,7,57900,59700,0,0,0,0,0,0,0,0,0,0,0,0,1
3,1210,4,3,27,1997,2,5,50,7,20,1,13,8,8,8,8,8,8,8,1,0,0,0,0,0,0,0,0,0,0,0,0,0,0,0,0,0,0,0,0,0,0,0,0,0,0,0,0,0,0,0,0,0,0,0,0,0,0,0,0,0,0,0,0,0,0,0,0,0,99,99,99,99,9,9,1,5,5,0,1,0,0,7,7,0,0,0,2,0,0,1,0,5,0,24,3,3,5,5,5,5,5,5,5,5,5,5,5,1,5,2,1,1973,5,5,5,5,40,9,9,99999,3,27,1997,4,0,15,31500,23400,3,34200,34500,4,34500,34800,5,34800,36000,99,99999,99999,0,0,0,63900,5,0,0,0,0,0,0,0,0,0,0,0,0,0,0,0,63000,5,0,0,0,0,0,0,0,0,0,0,0,0,0,0,0,1
3,2099,2,4,10,1997,1,5,6.5,8,8,99,22,2,1,3,1,1,1,1,5,2,3,2,5,5,5,5,1,5,1,5,5,5,5,9,1,2,2,2,2,1,2,2,1,1,2,1,1,2,2,3,2,1,1,2,3,3,2,2,2,3,2,3,3,2,1,1,5,1,0,20,2,0,0,0,4,1,1,2,1,0,0,0,0,0,0,22,1,0,0,0,0,1,3,180,7,7,9,1,1,9,9,9,1,5,9,1,9,1,9,2,1,1953,5,1,1,1,7.5,3,3,32000,4,10,1997,4,0,30,17100,28800,3,27900,28200,4,28200,28500,5,28500,28680,0,0,0,0,0,0,51900,1,10,51900,53100,1,53100,53700,3,53700,54300,7,54300,54900,5,54900,55800,55800,1,1,60000,63600,0,0,0,0,0,0,0,0,0,0,0,0,1
3,2099,3,4,22,1997,1,5,37,9,9,0,16,2,1,2,2,1,1,1,5,2,3,2,5,5,5,5,1,5,1,5,5,5,5,5,1,2,2,2,3,1,3,3,1,1,1,2,1,3,2,2,1,1,1,2,3,3,3,3,1,3,2,2,3,3,1,1,1,2,0,11,5,0,0,0,5,1,1,2,1,0,0,0,0,5,11,0,1,0,1,0,0,1,2,9,7,6,1,1,5,5,5,5,1,5,5,5,5,1,5,2,1,1967,5,5,1,1,40,2,4,27000,4,22,1997,2,0,20,27000,29400,1,27000,27600,5,27600,27900,9,27900,29100,4,29100,29400,0,0,0,51900,1,10,51900,52800,5,52800,53100,3,53100,54900,1,54900,55200,2,55200,55800,55800,5,0,0,0,0,0,0,0,0,0,0,0,0,0,0,0,1
3,2324,4,99,99,9999,1,5,35,1,1,0,15,1,1,3,1,2,1,1,5,2,1,1,5,5,5,5,5,5,5,5,5,5,5,9,3,3,3,3,3,2,3,3,3,3,3,3,3,3,3,3,3,3,3,3,3,3,2,3,2,3,3,3,3,3,3,3,1,1,2,11,1,1,0,0,7,1,9,9,1,0,0,0,0,11,4,0,1,1,0,0,0,5,0,9,1,3,5,5,5,5,5,5,9,5,5,5,5,1,9,2,2,1970,5,1,1,1,40,9,9,99999,5,14,1997,3,0,5,28800,23400,4,28800,29700,7,29700,30600,3,30600,34200,6,34200,36000,10,36000,39600,66600,5,0,0,0,0,0,0,0,0,0,0,0,0,0,0,0,57600,5,0,0,0,0,0,0,0,0,0,0,0,0,0,0,0,1
3,285,4,10,7,1997,1,3,2.5,1,1,0,15,1,1,3,2,2,1,1,5,2,2,2,5,5,5,5,5,5,9,5,5,5,1,9,3,3,2,3,3,3,3,3,3,3,3,3,3,3,3,2,2,3,3,3,3,3,3,3,3,3,3,3,3,3,3,1,1,2,13,1,0,0,0,1,1,1,5,0,1,0,0,0,0,13,2,0,1,0,0,1,0,1,2,48,3,3,5,5,5,5,5,5,5,5,5,5,5,5,5,2,1,1962,5,5,1,1,38,3,3,11000,10,6,1997,1,0,7,28500,34200,1,28500,31200,3,31200,32100,2,32100,33300,5,33300,33900,4,33900,34500,55800,1,4,55800,56400,1,56400,56700,0,0,0,0,0,0,0,0,0,56700,1,4,69300,69600,3,73800,82800,0,0,0,0,0,0,0,0,0,1
3,578,4,3,19,1997,1,4,40,6,24,6,14,1,9,9,9,9,9,9,5,2,1,1,9,5,5,5,5,5,5,5,5,5,5,5,3,3,3,3,3,3,3,3,3,3,3,3,3,3,3,3,3,2,3,3,3,3,3,3,3,3,3,3,3,3,3,0,5,3,14,0,0,0,0,0,3,1,5,0,1,98,98,98,10,12,2,6,1,0,0,1,0,1,1,3,1,3,5,5,5,5,5,5,5,5,5,1,5,1,9,2,1,1975,5,1,1,1,45,3,5,10400,3,24,1997,1,0,10,27000,21600,10,27000,30600,2,30600,31200,3,31200,31500,10,31500,34200,99,31200,31500,64800,1,6,46800,48600,10,48600,50400,10,52200,53100,10,53100,54000,10,54000,64800,64800,1,1,70200,73800,0,0,0,0,0,0,0,0,0,0,0,0,1
3,3757,5,7,17,1997,2,5,17.5,10,10,2,22,2,1,3,2,3,2,2,5,1,1,1,5,5,5,5,5,5,5,5,5,5,5,5,3,3,2,3,3,3,3,3,3,3,3,3,3,3,3,3,3,3,3,3,3,3,3,3,3,3,3,3,3,3,3,0,5,5,20,0,0,2,0,0,5,1,5,0,1,0,0,2,4,10,4,2,1,0,1,0,0,5,0,72,9,6,5,5,5,5,5,5,1,5,5,5,5,1,1,2,1,1964,5,5,1,1,30,4,5,10000,7,17,1997,5,0,11,28800,30600,1,28800,29700,7,29700,30000,5,30000,30600,99,99999,99999,0,0,0,43200,1,10,43200,44100,10,44100,45000,10,45000,46800,0,0,0,0,0,0,46800,5,0,0,0,0,0,0,0,0,0,0,0,0,0,0,0,1
3,459,4,99,99,9999,1,5,30,8,8,5,12,2,1,3,1,1,1,1,5,2,2,2,5,5,5,5,5,5,5,5,5,5,5,5,3,3,3,3,3,3,3,3,3,3,3,3,3,3,3,3,3,3,3,3,3,3,2,3,3,3,3,3,2,3,3,0,5,5,0,12,0,0,0,0,1,1,5,0,1,0,0,0,11,11,0,0,2,0,0,0,0,5,0,168,3,3,1,5,5,5,9,9,1,5,5,5,5,1,5,2,2,1953,5,5,5,1,32,4,1,11000,99,99,9999,5,5,30,32400,33600,1,32400,33000,3,33000,33600,0,0,0,0,0,0,0,0,0,99999,9,99,99999,99999,0,0,0,0,0,0,0,0,0,0,0,0,99999,9,9,99999,99999,0,0,0,0,0,0,0,0,0,0,0,0,9
3,715,4,4,23,1997,1,2,4,8,8,0,19,1,1,2,1,1,1,2,5,2,2,2,5,5,5,5,5,5,5,5,5,5,5,5,3,3,3,3,3,3,3,3,3,3,3,3,3,2,3,3,3,3,3,2,2,3,3,3,3,3,3,3,3,2,3,0,5,5,19,0,0,0,0,0,1,5,5,0,1,0,0,0,4,9,5,0,1,0,1,0,0,1,1,84,3,6,9,1,9,9,9,9,9,5,9,9,9,9,1,2,1,1946,5,5,1,1,25,4,5,99999,4,23,1997,3,0,9,30300,33900,10,30300,33300,5,33300,33900,0,0,0,5,33300,33900,99,99999,99999,50400,1,1,50700,51000,2,51000,51120,5,51120,51300,0,0,0,0,0,0,51300,1,3,70200,72000,1,72000,72900,0,0,0,0,0,0,0,0,0,1
3,2525,6,4,22,1997,1,3,15,5,24,5,27,1,1,2,1,1,1,1,5,9,9,9,9,9,9,9,9,9,9,9,9,9,9,9,9,9,9,9,9,9,9,9,9,9,9,9,9,9,9,9,9,9,9,9,9,9,9,9,9,9,9,9,9,9,9,9,9,9,25,0,0,2,0,0,1,5,5,0,1,0,0,4,10,4,8,1,3,0,0,0,1,1,3,60,3,4,5,5,5,5,5,5,9,1,1,5,5,5,1,2,1,1965,5,5,5,1,35,3,3,14000,4,21,1997,1,0,20,30600,32400,7,30600,32400,0,0,0,0,0,0,0,0,0,0,0,0,64800,1,1,63000,64800,4,57600,64800,0,0,0,0,0,0,0,0,0,64800,1,5,64800,68400,0,0,0,0,0,0,0,0,0,0,0,0,1
3,1633,3,5,15,1997,5,4,38,12,12,0,5,3,3,3,1,2,1,1,1,0,0,0,0,0,0,0,0,0,0,0,0,0,0,0,0,0,0,0,0,0,0,0,0,0,0,0,0,0,0,0,0,0,0,0,0,0,0,0,0,0,0,0,0,0,0,0,0,0,5,0,0,0,0,0,7,5,5,0,5,0,0,3,1,0,0,1,1,0,0,0,0,5,0,9,1,3,5,5,5,5,5,5,9,5,5,5,5,5,9,2,1,1959,5,1,1,1,40,5,4,99999,5,15,1997,4,9,99,25200,27000,99,99999,99999,0,0,0,0,0,0,0,0,0,0,0,0,64800,1,99,99999,99999,0,0,0,0,0,0,0,0,0,0,0,0,99999,9,9,99999,99999,0,0,0,0,0,0,0,0,0,0,0,0,5
3,297,3,5,7,1997,1,5,8,8,36,5,16,1,8,3,2,2,2,2,5,2,2,2,5,5,5,5,5,5,5,5,5,5,5,9,1,3,2,2,2,2,2,3,2,1,2,2,3,3,3,3,2,1,1,3,3,2,1,1,1,2,2,3,2,3,2,0,5,5,15,1,0,0,0,0,1,1,5,0,1,0,0,0,16,0,0,0,1,2,0,0,1,5,0,36,3,6,1,1,5,5,5,5,9,1,5,5,5,1,5,2,1,1972,1,5,5,1,40,3,5,14500,5,7,1997,1,0,20,28800,25200,1,28800,29400,4,29400,31200,5,31200,31500,10,31500,32100,10,32100,33600,64800,5,0,0,0,0,0,0,0,0,0,0,0,0,0,0,0,59400,1,1,68400,72000,0,0,0,0,0,0,0,0,0,0,0,0,1
3,10019,4,5,12,1997,1,5,30,9,9,0,26,2,1,1,2,1,1,2,5,1,1,1,5,5,5,5,5,5,5,5,5,5,5,9,3,3,3,3,3,3,3,3,3,3,3,3,3,3,3,3,3,3,3,3,3,3,3,3,3,3,3,3,3,3,3,0,5,5,2,6,11,2,0,5,1,1,5,0,1,0,0,0,0,0,0,26,1,0,0,0,0,1,4,9,3,7,5,1,5,5,5,5,9,5,5,5,5,1,9,2,1,1972,5,5,1,1,40,3,2,30000,5,12,1997,2,0,40,27000,29700,1,27000,28800,2,28800,29400,5,29400,29700,99,99999,99999,0,0,0,99999,9,99,99999,99999,0,0,0,0,0,0,0,0,0,0,0,0,99999,9,9,99999,99999,0,0,0,0,0,0,0,0,0,0,0,0,9
3,10111,4,10,13,1997,1,7,10,3.5,3.5,5,8,2,1,3,1,2,1,1,1,0,0,0,0,0,0,0,0,0,0,0,0,0,0,0,0,0,0,0,0,0,0,0,0,0,0,0,0,0,0,0,0,0,0,0,0,0,0,0,0,0,0,0,0,0,0,0,0,0,6,0,1,1,0,0,1,1,5,0,1,15,3,8,15,9,0,0,1,1,0,0,0,5,0,78,3,2,5,5,5,5,5,5,5,5,5,5,5,1,5,2,1,1949,5,5,5,1,42,1,1,15000,99,99,9999,9,0,20,26400,25200,99,99999,99999,0,0,0,0,0,0,0,0,0,0,0,0,64800,5,0,0,0,0,0,0,0,0,0,0,0,0,0,0,0,64800,5,0,0,0,0,0,0,0,0,0,0,0,0,0,0,0,1
3,10429,3,11,26,1997,1,3,9,2.5,2.5,2,12,1,1,3,2,1,1,2,5,2,3,2,5,5,5,5,5,5,5,5,5,5,5,5,3,3,3,3,3,3,1,1,3,3,3,2,2,3,3,3,3,3,3,3,3,3,3,3,3,3,3,3,3,3,3,0,1,5,6,1,2,3,0,0,1,5,5,0,1,0,0,0,12,0,0,0,1,0,0,0,0,1,2,2.5,3,4,5,5,5,5,5,5,9,5,5,5,5,1,9,2,1,1953,5,5,5,1,25,2,2,11237,11,26,1997,3,0,15,27900,32400,1,28200,29100,10,29100,30600,5,30600,30900,10,30900,32400,0,0,0,43200,1,2,43200,45000,5,45000,46800,10,46800,48600,10,48600,49500,10,49500,50400,50400,1,1,61200,66600,0,0,0,0,0,0,0,0,0,0,0,0,5
3,10174,4,12,4,1997,1,2,8,18,18,0,25,2,2,3,3,3,2,3,5,2,2,2,5,5,5,5,5,5,5,5,5,5,5,5,3,3,3,3,3,3,3,3,3,3,3,3,3,3,3,3,3,3,3,3,3,3,3,3,3,3,3,3,3,3,3,0,5,5,15,1,4,5,0,0,7,1,5,0,1,0,0,0,11,14,0,0,2,0,0,3,0,5,0,36,3,7,1,5,5,5,5,5,5,5,1,5,5,5,1,2,1,1967,5,5,5,1,30,4,3,30000,12,4,1997,4,0,30,30600,32400,1,30600,32400,4,32400,34200,0,0,0,0,0,0,0,0,0,46800,1,5,46800,50400,1,46800,50400,0,0,0,0,0,0,0,0,0,50400,5,0,0,0,0,0,0,0,0,0,0,0,0,0,0,0,1
3,10189,3,99,99,9999,1,3,10,1.5,1.5,99,34,2,2,3,2,3,2,2,5,2,2,2,5,5,5,5,5,5,1,5,5,1,1,9,3,3,3,3,3,3,3,3,3,3,3,3,3,3,3,3,3,3,3,3,3,3,3,3,3,3,3,3,3,3,3,0,5,5,27,1,3,3,0,1,2,5,5,0,1,0,0,4,12,12,6,0,1,1,0,0,6,5,0,216,3,9,1,5,5,5,5,5,5,5,5,1,5,1,5,2,1,1960,5,5,1,1,40,2,2,35000,12,3,1997,3,0,15,28800,32400,1,28980,29400,10,29400,29700,5,29700,30600,4,30600,32400,0,0,0,61200,1,4,43200,43500,10,43500,45900,4,45900,46800,2,46800,55800,10,55800,99999,55800,5,0,0,0,0,0,0,0,0,0,0,0,0,0,0,0,1
3,10080,5,11,11,1997,1,5,31.25,2,2,2,16,2,2,1,2,1,1,1,5,2,2,2,5,5,5,5,5,5,1,1,8,1,1,9,3,3,3,3,3,3,3,3,3,3,3,3,3,3,3,3,3,3,3,3,3,3,3,3,3,3,3,3,3,3,3,1,1,2,2,6,6,1,0,1,4,5,5,0,1,0,0,0,2,12,2,0,1,0,1,0,0,1,5,2,3,6,1,5,5,5,5,5,5,5,5,5,5,1,9,2,1,1971,5,5,1,1,40,1,2,24500,11,18,1997,2,0,40,28200,31800,5,28320,28440,1,28680,29400,3,29400,99999,2,99999,99999,0,0,0,54000,1,10,54300,55800,10,55800,57900,0,0,0,0,0,0,0,0,0,57900,1,3,77400,80100,0,0,0,0,0,0,0,0,0,0,0,0,1
3,10367,3,12,27,1997,1,5,12.5,3,3,2,18,2,1,2,2,2,2,1,5,3,3,3,5,5,5,5,5,5,1,5,5,1,1,9,3,3,3,3,3,3,2,2,3,2,2,2,2,3,2,2,2,3,3,3,2,2,3,3,2,3,3,3,3,3,3,0,5,5,0,2,8,2,0,6,1,5,1,1,1,0,0,0,0,18,0,0,1,0,1,0,0,1,3,36,3,6,1,1,5,5,5,5,5,5,5,5,5,5,1,2,1,1955,5,1,1,1,35,2,2,29000,12,22,1997,9,0,15,27000,30600,1,27000,29700,5,29700,30600,0,0,0,0,0,0,0,0,0,39600,1,4,54000,54600,5,54600,55200,1,55200,59400,0,0,0,0,0,0,59400,1,1,68400,72000,1,99999,99999,0,0,0,0,0,0,0,0,0,1
3,10206,6,12,18,1997,1,5,6.5,6,6,0,21,2,1,2,2,1,1,1,5,2,1,2,5,5,1,5,5,5,5,5,5,5,5,5,2,3,2,2,2,3,2,3,2,3,2,3,2,3,3,2,2,2,3,3,3,3,3,3,3,3,3,3,2,2,3,0,1,3,5,5,11,0,0,0,5,1,5,0,1,0,0,0,0,0,0,21,1,0,0,2,0,1,4,48,9,6,1,1,5,5,9,5,5,5,5,5,5,1,5,1,1,1953,5,1,5,1,50,2,2,24500,12,18,1997,4,0,30,25800,27900,1,25800,27900,10,37500,40500,10,40500,42900,10,43500,47100,10,47100,51600,51600,1,2,51600,53100,4,52200,53100,7,53100,54900,5,54000,55800,0,0,0,57600,1,1,63000,66600,5,75600,77400,0,0,0,0,0,0,0,0,0,1
3,10202,5,2,6,1998,1,4,14,5,5,2,18,1,1,2,1,1,1,1,5,1,2,1,1,1,5,5,1,1,1,1,5,5,1,9,3,3,3,3,3,3,3,3,3,3,3,3,3,3,3,3,3,3,3,3,3,3,3,3,3,3,3,3,3,3,3,0,5,5,4,1,11,0,0,0,4,1,5,0,1,0,0,0,3,12,1,0,2,0,0,0,0,1,3,60,3,4,1,5,5,5,5,5,5,1,1,5,5,5,5,2,1,1959,5,5,1,1,40,1,4,21000,99,99,9999,9,0,15,28800,28800,10,28800,30600,10,30600,32400,10,32400,39600,10,39600,41400,10,41400,57600,57600,1,10,41400,50400,10,50400,54000,8,54000,57600,0,0,0,0,0,0,57600,1,1,68400,72000,5,72000,75600,3,75600,77400,0,0,0,0,0,0,1
3,4789,2,7,9,1997,1,3,27,12,12,0,13,1,1,2,1,1,1,1,1,0,0,0,0,0,0,0,0,0,0,0,0,0,0,0,0,0,0,0,0,0,0,0,0,0,0,0,0,0,0,0,0,0,0,0,0,0,0,0,0,0,0,0,0,0,0,0,0,0,6,5,0,0,0,2,7,1,5,0,1,0,6,7,0,0,0,0,3,0,0,0,0,5,0,60,9,6,9,9,9,9,9,9,9,5,5,5,5,5,1,2,1,1940,5,5,5,5,40,1,3,18000,7,9,1997,3,0,50,31800,24300,1,31800,32400,0,0,0,0,0,0,0,0,0,0,0,0,64800,1,4,62100,63000,10,63000,63600,10,63600,64200,99,99999,99999,0,0,0,64800,5,0,0,0,0,0,0,0,0,0,0,0,0,0,0,0,1
3,2158,3,99,99,9999,9,5,6,10,24,0,8,2,9,3,2,3,2,2,5,2,2,2,5,9,1,1,5,5,1,5,5,1,1,9,2,3,3,3,3,2,2,3,3,3,2,3,2,3,3,2,1,2,2,3,3,3,2,2,2,3,3,3,3,3,2,6,1,3,2,7,0,0,0,0,7,5,5,0,1,0,0,0,3,5,0,1,1,0,1,0,0,1,2,30,3,7,9,9,9,9,9,9,1,1,9,9,9,9,1,2,1,1967,5,5,5,1,99,3,6,99999,6,2,1997,1,0,4,29700,31500,1,29700,30600,3,30600,31200,5,31200,31500,99,99999,99999,0,0,0,54000,1,10,54000,55200,3,55200,56400,2,56400,56700,5,56700,57600,0,0,0,57600,5,0,0,0,0,0,0,0,0,0,0,0,0,0,0,0,1
3,1053,3,3,24,1997,3,5,35,24,24,0,12,2,1,3,1,1,1,1,5,2,3,2,5,1,5,5,5,5,1,5,5,1,1,9,2,3,3,3,2,3,1,3,3,3,3,3,3,2,3,3,2,3,3,2,1,3,3,3,3,3,3,3,3,3,3,1,1,5,5,3,4,0,0,0,1,1,5,0,1,0,0,0,4,5,2,1,1,0,1,1,0,1,2,252,3,6,1,1,1,5,1,5,9,5,5,5,5,1,1,2,1,1950,5,5,1,1,40,8,4,35000,3,25,1997,2,0,5,27300,28200,10,27300,27420,10,27420,27900,5,27900,28200,2,28200,29400,10,29400,30600,54000,1,5,54600,55500,1,55500,56100,3,56100,56700,0,0,0,0,0,0,56700,5,0,0,0,0,0,0,0,0,0,0,0,0,0,0,0,1
3,4400,3,6,17,1997,1,5,45,5,3,2,20,2,2,3,2,1,2,2,5,2,2,1,5,5,5,5,5,5,5,5,5,5,5,9,3,3,3,3,3,3,2,3,3,3,3,3,3,3,3,3,2,3,3,3,3,3,2,3,2,3,3,3,3,3,2,1,5,4,10,10,0,0,0,0,1,1,5,0,1,0,0,4,13,3,0,0,1,1,1,1,0,1,1,48,3,3,1,5,5,5,5,5,5,5,1,5,5,1,9,2,1,1974,1,5,5,5,40,3,4,13000,6,17,1997,2,0,20,33300,23400,1,33300,33600,5,33600,33900,4,33900,34500,99,99999,99999,0,0,0,66600,1,1,66900,67500,5,67500,68400,99,99999,99999,0,0,0,0,0,0,68400,1,1,71100,72000,1,72000,73200,1,73200,73800,0,0,0,0,0,0,1
3,2167,4,5,23,1997,1,5,35,9,9,5,19,3,3,3,3,3,3,3,5,2,2,2,5,1,5,5,1,1,1,5,1,1,1,9,2,3,3,3,3,3,2,3,3,3,3,3,3,3,3,3,3,3,3,3,3,3,3,3,3,3,3,3,3,2,3,1,1,2,0,20,0,0,0,0,2,1,5,0,1,0,0,0,8,7,5,0,2,0,0,0,0,5,0,228,1,9,5,5,5,5,5,5,9,5,1,9,9,1,9,2,2,1953,5,5,5,1,35,1,1,12000,5,23,1997,5,0,20,28200,28800,10,28800,32400,10,32400,37800,10,38100,40800,10,41400,48900,10,48900,52200,54000,1,3,52200,52800,1,52800,54000,8,52200,54000,0,0,0,0,0,0,54000,1,1,59400,61200,4,62100,63300,0,0,0,0,0,0,0,0,0,1
3,1890,4,12,4,1997,1,5,30,4,4,0,20,3,3,2,3,2,2,2,5,1,2,1,5,5,5,5,1,1,1,1,1,1,1,9,3,3,3,3,3,3,3,3,3,3,3,3,3,3,3,3,3,3,3,3,3,3,3,3,3,3,3,3,3,3,3,1,1,1,4,16,0,0,0,0,3,1,5,0,1,0,0,0,4,13,3,0,1,0,1,0,0,5,0,48,1,6,5,5,5,5,5,5,5,1,1,1,1,1,9,2,2,1963,5,5,5,5,35,2,1,99999,12,4,1997,4,0,25,28200,28800,1,28200,28800,4,28800,29700,3,29700,30600,10,30600,99999,0,0,0,61200,1,10,52500,54000,0,0,0,0,0,0,0,0,0,0,0,0,54000,1,7,99999,99999,1,99999,99999,0,0,0,0,0,0,0,0,0,9
3,254,8,4,15,1997,1,5,15,7,7,0,13,2,1,1,2,1,1,1,5,2,2,2,5,5,5,5,5,5,1,5,5,5,1,5,3,3,3,3,3,3,3,3,3,3,3,3,3,3,3,3,3,3,3,3,3,3,3,3,3,3,3,3,3,3,3,3,1,2,4,8,0,1,0,0,5,1,5,0,1,0,0,0,0,0,13,0,1,0,1,0,0,1,5,24,3,6,1,1,1,1,5,5,9,5,1,5,5,5,5,2,1,1950,5,5,5,5,45,2,1,30000,4,16,1997,2,0,35,28800,32400,8,28800,31200,1,31200,32400,0,0,0,0,0,0,0,0,0,56700,1,10,54900,56700,1,56700,57600,5,56700,57600,0,0,0,0,0,0,58200,1,1,66600,68400,7,68400,79200,0,0,0,0,0,0,0,0,0,1
3,553,3,4,25,1997,1,5,30,12,18,4,20,2,9,9,2,9,2,9,5,2,1,1,9,9,9,9,1,1,1,9,9,9,1,9,2,3,3,3,3,2,2,3,3,3,3,2,2,3,3,2,2,1,3,3,3,3,3,3,3,3,3,3,3,3,3,1,1,1,0,20,0,0,0,0,3,1,9,9,1,98,98,98,98,98,98,98,1,0,1,0,0,9,9,120,3,5,1,9,9,9,9,9,9,1,1,9,9,9,9,2,2,1957,9,5,1,1,35,1,1,1121,4,18,1997,5,0,30,28500,28800,99,99999,99999,0,0,0,0,0,0,0,0,0,0,0,0,52200,1,1,52200,54000,4,46800,50400,10,50400,52200,5,54000,54900,10,52500,54000,54000,5,0,0,0,0,0,0,0,0,0,0,0,0,0,0,0,1
3,5886,3,12,29,1997,1,5,40,5,5,9,7,1,9,3,2,1,1,1,1,0,0,0,0,0,0,0,0,0,0,0,0,0,0,0,0,0,0,0,0,0,0,0,0,0,0,0,0,0,0,0,0,0,0,0,0,0,0,0,0,0,0,0,0,0,0,0,0,0,0,7,0,0,0,0,1,5,5,0,1,0,7,0,0,0,0,0,2,0,0,0,0,1,2,24,3,2,5,5,5,5,5,5,5,5,5,1,5,5,5,2,2,1969,5,5,1,5,40,2,2,9000,12,23,1997,2,0,20,21600,21600,99,99999,99999,0,0,0,0,0,0,0,0,0,0,0,0,64800,5,0,0,0,0,0,0,0,0,0,0,0,0,0,0,0,54000,5,0,0,0,0,0,0,0,0,0,0,0,0,0,0,0,1
3,4809,2,5,25,1997,1,5,36,2,2,6,6,2,1,3,2,1,1,8,1,0,0,0,0,0,0,0,0,0,0,0,0,0,0,0,0,0,0,0,0,0,0,0,0,0,0,0,0,0,0,0,0,0,0,0,0,0,0,0,0,0,0,0,0,0,0,0,0,0,5,1,0,0,0,0,7,1,5,0,1,1,5,0,0,0,0,0,1,0,0,0,0,1,1,3.5,3,3,5,5,5,5,5,5,9,1,1,1,1,1,9,2,1,1975,1,5,1,1,40,2,1,99999,5,19,1997,1,0,18,28800,23400,1,28800,29400,4,29400,30000,3,30000,30300,2,30300,30600,10,30600,31500,63000,1,1,55800,56400,4,56400,56700,10,56700,57000,10,57000,57120,10,57120,57600,57720,1,1,64800,68520,0,0,0,0,0,0,0,0,0,0,0,0,1
3,4820,2,6,2,1997,1,5,6,9,9,3,20,2,8,3,2,3,3,2,5,2,1,2,5,5,5,5,1,1,1,5,5,1,1,9,2,3,3,3,3,3,2,3,2,2,3,2,2,3,3,3,2,2,3,2,2,3,2,3,2,2,3,3,3,3,2,1,1,1,0,20,0,0,0,0,4,1,1,1,1,0,0,0,6,4,10,0,1,0,1,0,0,1,3,72,3,5,5,5,5,5,5,5,5,1,5,5,5,1,5,2,2,1965,5,1,1,1,35,2,2,11556,5,28,1997,3,0,10,28200,28800,1,28800,29400,3,29400,29700,2,29700,30000,5,30000,30600,99,99999,99999,57600,1,2,55500,52200,8,52200,54000,99,99999,99999,0,0,0,0,0,0,54000,5,0,0,0,0,0,0,0,0,0,0,0,0,0,0,0,1
3,1398,4,4,8,1997,1,5,99,8,99,99,22,9,9,9,9,9,9,9,5,1,1,1,5,5,5,5,5,5,5,5,5,5,5,9,2,3,3,3,3,3,3,3,3,3,3,3,3,3,3,3,3,3,3,2,3,3,3,3,3,3,3,3,3,3,3,0,5,5,99,99,99,99,9,9,1,1,5,0,1,0,0,0,0,13,9,0,1,0,1,0,0,1,2,24,1,3,1,1,9,9,9,9,9,1,9,9,9,9,9,2,2,1969,5,1,1,1,40,2,3,11000,3,7,1997,1,9,99,25200,32400,1,25500,25800,10,27000,31500,10,31500,32400,10,32700,33000,10,33000,33900,61200,1,99,99999,99999,0,0,0,0,0,0,0,0,0,0,0,0,61200,1,1,64800,66600,2,66600,68400,0,0,0,0,0,0,0,0,0,1
3,758,3,4,28,1997,2,5,8,2,99,0,19,1,1,2,2,1,1,1,5,9,9,9,9,9,9,9,9,9,9,9,9,9,9,9,9,9,9,9,9,9,9,9,9,9,9,9,9,9,9,9,9,9,9,9,9,9,9,9,9,9,9,9,9,9,9,9,9,9,2,17,1,0,0,0,1,1,5,0,1,0,0,0,0,6,13,0,2,1,0,0,0,5,0,12,3,3,1,5,5,5,5,5,9,5,5,5,5,1,9,2,2,1971,5,5,1,1,40,1,2,99999,4,24,1997,4,0,30,27000,25200,10,30600,32400,3,34200,36000,10,36000,42300,10,42300,45000,10,46800,54000,63000,1,99,99999,99999,0,0,0,0,0,0,0,0,0,0,0,0,61200,5,0,0,0,0,0,0,0,0,0,0,0,0,0,0,0,1
3,1794,3,4,10,1997,1,4,32,24,24,6,12,9,9,3,9,9,9,9,1,0,0,0,0,0,0,0,0,0,0,0,0,0,0,0,0,0,0,0,0,0,0,0,0,0,0,0,0,0,0,0,0,0,0,0,0,0,0,0,0,0,0,0,0,0,0,0,0,0,0,12,0,0,0,0,7,5,5,0,1,2,2,3,4,1,0,0,1,0,1,0,0,1,9,84,3,2,5,5,5,5,5,5,9,5,9,9,9,9,1,2,2,1959,5,1,1,1,50,2,9,99999,4,7,1997,1,0,0,99999,25200,1,25200,25800,4,25800,31500,0,0,0,0,0,0,0,0,0,63000,1,99,99999,99999,0,0,0,0,0,0,0,0,0,0,0,0,99999,9,9,99999,99999,0,0,0,0,0,0,0,0,0,0,0,0,1
3,3658,2,4,29,1997,5,5,28.15,7,7,1,12,2,8,2,2,2,1,1,5,2,2,1,5,5,1,5,5,5,1,5,5,5,1,9,3,3,3,3,3,3,3,3,2,2,3,3,2,3,3,3,2,3,3,3,2,3,3,3,3,3,3,3,2,3,3,1,5,1,6,6,0,0,0,0,3,1,5,0,1,0,0,0,0,6,4,2,1,0,2,1,0,1,4,14,3,7,1,5,1,5,5,5,1,5,5,1,5,5,1,2,1,1953,5,5,5,1,42,2,2,27192,4,29,1997,2,0,25,26400,27900,5,26400,27000,2,27000,27300,3,27300,27900,9,27900,28500,7,28500,28800,50400,1,5,50400,51000,10,51000,51300,7,51300,54000,2,51300,54000,1,51300,54000,54000,1,1,59400,64800,0,0,0,0,0,0,0,0,0,0,0,0,1
3,4685,3,6,20,1997,1,4,25,18,18,4,11,3,3,3,3,2,1,1,1,0,0,0,0,0,0,0,0,0,0,0,0,0,0,0,0,0,0,0,0,0,0,0,0,0,0,0,0,0,0,0,0,0,0,0,0,0,0,0,0,0,0,0,0,0,0,0,0,0,0,11,0,0,0,0,3,5,5,0,1,2,2,2,2,2,2,0,1,0,1,1,1,1,4,84,3,4,1,1,5,5,1,5,5,5,5,5,1,1,5,2,2,1954,5,5,1,1,40,1,1,99999,6,20,1997,5,0,5,28800,22500,10,22500,28800,10,28800,32400,10,33000,38700,10,39600,49500,10,50400,61200,63000,1,99,99999,99999,0,0,0,0,0,0,0,0,0,0,0,0,63000,1,1,72000,74700,5,77400,81000,0,0,0,0,0,0,0,0,0,1
3,4187,3,11,19,1997,1,5,9,7,99,9,15,1,1,3,3,2,1,3,5,1,1,1,5,5,5,5,5,5,5,5,5,1,1,5,2,9,2,3,3,3,3,3,2,2,3,2,2,3,3,3,3,2,3,3,3,3,2,2,2,2,3,2,3,3,3,6,1,3,8,7,0,0,0,0,2,1,5,0,1,0,0,0,13,2,0,0,1,2,0,1,0,1,2,12,1,3,5,5,5,5,5,5,5,1,5,5,1,1,5,2,2,1974,5,5,1,1,35,2,3,9120,11,19,1997,3,0,15,24900,21600,5,24900,25440,3,25500,25800,10,25800,27600,10,27900,29700,10,30000,31500,64800,5,0,0,0,0,0,0,0,0,0,0,0,0,0,0,0,51300,1,1,63900,66600,0,0,0,0,0,0,0,0,0,0,0,0,5
3,3988,2,6,27,1997,5,5,3,9,9,3,10,1,1,1,1,1,1,1,5,9,9,9,9,9,9,9,9,9,9,9,9,9,9,9,9,9,9,9,9,9,9,9,9,9,9,9,9,9,9,9,9,9,9,9,9,9,9,9,9,9,9,9,9,9,9,9,9,9,99,99,99,99,9,9,9,9,9,9,9,99,99,99,99,99,99,99,9,9,9,9,9,9,9,999,9,9,9,9,9,9,9,9,9,9,9,9,9,9,9,9,9,9999,9,9,9,9,99,9,9,99999,6,27,1997,9,9,99,99999,99999,99,99999,99999,0,0,0,0,0,0,0,0,0,0,0,0,99999,9,99,99999,99999,0,0,0,0,0,0,0,0,0,0,0,0,99999,9,9,99999,99999,0,0,0,0,0,0,0,0,0,0,0,0,1
3,3293,2,5,14,1997,1,5,6,9,9,10,17,2,2,3,2,3,9,2,1,0,0,0,0,0,0,0,0,0,0,0,0,0,0,0,0,0,0,0,0,0,0,0,0,0,0,0,0,0,0,0,0,0,0,0,0,0,0,0,0,0,0,0,0,0,0,0,0,0,0,17,0,0,0,0,9,1,1,2,1,0,0,0,0,17,0,0,2,0,0,0,0,1,5,36,3,6,1,1,9,9,9,9,9,1,9,9,9,9,1,2,2,1949,5,5,5,1,40,3,1,25000,5,15,1997,4,0,25,27000,28800,10,27000,28800,4,27300,27600,1,27600,27900,3,27900,28200,7,28200,28500,50400,1,10,50400,55800,1,50700,51600,3,51600,54000,4,49800,51300,8,54000,55800,55800,1,1,57600,82800,3,57600,68400,4,68400,72000,5,57600,82800,6,57600,82800,1
3,666,4,4,17,1997,1,5,7,4.5,7.5,1,20,1,8,1,1,1,1,1,5,2,1,2,5,5,5,5,1,1,1,5,5,1,1,9,3,3,3,3,3,3,3,2,2,2,3,2,3,3,3,3,3,3,3,3,3,3,3,3,3,3,3,3,3,3,3,2,1,1,6,13,0,1,0,0,7,1,5,0,1,0,0,0,0,20,0,0,1,0,1,0,0,5,0,60,3,3,5,5,5,5,5,5,9,5,5,5,5,1,9,2,2,1947,5,5,1,1,36,1,1,99999,4,16,1997,3,0,20,30600,32400,3,31200,32400,1,32400,32700,5,32700,33300,4,33300,33600,10,33600,34200,57600,5,0,0,0,0,0,0,0,0,0,0,0,0,0,0,0,58800,5,0,0,0,0,0,0,0,0,0,0,0,0,0,0,0,1
3,6153,4,10,6,1997,1,5,5.5,1,1,0,20,1,1,1,2,2,1,1,1,0,0,0,0,0,0,0,0,0,0,0,0,0,0,0,0,0,0,0,0,0,0,0,0,0,0,0,0,0,0,0,0,0,0,0,0,0,0,0,0,0,0,0,0,0,0,0,0,0,0,20,0,0,0,0,7,1,9,9,1,0,0,0,5,15,0,0,2,0,0,0,0,9,9,108,3,5,9,9,9,9,9,9,9,1,9,9,9,1,9,2,2,1951,9,5,5,1,7.5,1,1,9893,10,6,1997,1,0,35,26400,27000,99,99999,99999,0,0,0,0,0,0,0,0,0,0,0,0,55800,9,99,99999,99999,0,0,0,0,0,0,0,0,0,0,0,0,54000,5,0,0,0,0,0,0,0,0,0,0,0,0,0,0,0,1
3,1935,3,7,14,1997,5,5,9,6,6,0,7,1,1,2,2,1,1,1,5,2,2,2,5,5,5,5,5,5,5,5,5,5,5,9,3,3,3,3,3,3,3,3,2,2,3,9,2,2,9,3,3,3,3,2,2,3,3,3,3,3,3,3,3,3,3,1,5,5,99,99,99,99,9,9,1,5,5,0,1,0,0,3,4,4,6,10,0,0,2,0,0,1,1,84,3,9,5,5,5,5,5,5,5,5,9,9,9,1,9,2,2,1947,5,1,1,1,10.5,1,2,9000,7,14,1997,9,0,5,25200,25200,99,99999,99999,0,0,0,0,0,0,0,0,0,0,0,0,99999,9,99,99999,99999,0,0,0,0,0,0,0,0,0,0,0,0,63000,5,0,0,0,0,0,0,0,0,0,0,0,0,0,0,0,1
3,3361,5,99,99,9999,1,5,7,2,2,0,19,3,2,3,2,2,2,2,5,3,2,2,5,5,5,5,1,1,1,5,5,1,1,9,2,3,3,3,3,3,2,3,3,2,2,3,2,3,3,3,2,2,3,3,3,3,3,3,3,3,3,2,3,2,3,1,1,3,0,19,0,0,0,0,2,1,1,1,1,99,99,99,17,99,99,99,1,0,1,0,0,1,2,48,3,6,5,5,5,5,5,5,5,5,9,9,1,1,9,2,2,1958,5,5,5,1,35,9,2,10632,10,10,1997,5,1,3,27000,28800,4,28800,30600,0,0,0,0,0,0,0,0,0,0,0,0,50400,1,1,50400,54000,99,99999,99999,0,0,0,0,0,0,0,0,0,55800,1,4,55800,57600,1,99999,99999,0,0,0,0,0,0,0,0,0,1
3,4968,5,10,7,1997,1,5,40,7,7,2,8,1,1,2,2,9,1,1,1,0,0,0,0,0,0,0,0,0,0,0,0,0,0,0,0,0,0,0,0,0,0,0,0,0,0,0,0,0,0,0,0,0,0,0,0,0,0,0,0,0,0,0,0,0,0,0,0,0,6,2,0,0,0,0,2,1,5,0,1,4,4,0,0,0,0,0,3,1,0,0,0,1,2,12,7,2,1,9,9,9,9,9,9,1,9,9,9,1,9,2,2,1970,5,5,5,1,40,2,2,8000,10,6,1997,1,0,30,21600,21600,1,21600,24300,3,21600,24300,10,21600,24300,10,21600,24300,4,21600,99999,66600,5,0,0,0,0,0,0,0,0,0,0,0,0,0,0,0,54000,5,0,0,0,0,0,0,0,0,0,0,0,0,0,0,0,1
3,5999,3,11,25,1997,1,5,40,2,4,2,12,1,8,3,2,2,2,2,5,2,2,2,5,5,5,5,5,5,5,5,1,5,1,9,3,3,2,2,3,2,1,2,2,2,3,2,2,3,3,3,1,3,3,3,2,3,3,3,3,3,3,2,3,3,3,0,5,2,0,12,0,0,0,0,1,1,5,0,1,0,0,0,12,0,0,0,3,0,0,0,0,1,1,10,3,3,5,5,5,5,5,5,5,5,5,5,5,1,5,2,2,1975,5,1,1,1,40,2,3,99998,11,25,1997,2,0,20,28800,23400,5,28800,29400,10,29400,29700,10,29700,30600,10,30600,30900,0,0,0,66600,5,0,0,0,0,0,0,0,0,0,0,0,0,0,0,0,65100,5,0,0,0,0,0,0,0,0,0,0,0,0,0,0,0,1
3,2687,2,4,99,1997,1,5,20,4,4,6,16,9,1,2,2,3,3,2,5,2,2,2,9,9,9,9,9,9,9,9,9,9,9,9,3,3,3,3,3,3,3,3,2,3,3,2,3,3,3,3,3,3,3,3,3,3,3,3,3,3,3,3,3,3,3,1,1,1,2,14,0,0,0,0,7,9,9,9,9,0,0,0,0,11,4,1,1,0,1,0,0,5,0,24,3,6,1,1,9,9,9,9,9,5,9,9,9,1,9,2,2,1971,5,5,1,1,40,3,8,22000,5,1,1997,4,0,20,25200,26100,1,25200,27000,2,27000,27900,3,27900,28800,10,28800,29700,10,29700,31500,45000,1,10,99999,99999,2,99999,99999,3,99999,99999,5,99999,99999,4,99999,99999,55800,5,0,0,0,0,0,0,0,0,0,0,0,0,0,0,0,1
3,2679,6,5,27,1997,1,5,30,9,9,5,14,2,8,2,2,2,3,2,5,2,2,2,5,5,5,5,5,5,5,5,5,5,5,5,2,3,3,3,3,3,3,3,3,3,3,3,2,3,3,3,3,3,3,3,3,3,3,2,3,3,3,3,3,3,3,0,5,5,10,3,1,0,0,0,2,1,5,0,1,0,0,0,6,8,0,0,1,0,1,0,0,5,0,72,3,5,5,5,5,5,5,5,5,1,1,9,9,9,9,2,1,1956,5,1,1,1,40,1,1,9000,5,27,1997,2,0,10,28800,28800,10,29400,30900,7,30900,31500,10,31500,32400,10,32400,34200,10,34200,36000,61200,1,10,54000,55200,3,55200,56700,7,56700,57600,0,0,0,0,0,0,57600,1,1,72000,77400,0,0,0,0,0,0,0,0,0,0,0,0,1
3,6234,2,9,18,1997,1,5,32.5,1,1,0,20,3,3,3,2,2,1,1,5,2,1,1,5,5,5,5,5,5,5,5,5,5,5,9,3,3,3,3,3,3,3,3,3,3,3,3,3,3,3,3,3,3,3,3,3,3,3,3,3,3,3,3,3,3,3,1,1,1,0,19,0,0,0,1,5,1,5,0,1,0,0,0,0,19,1,0,1,0,1,0,0,1,3,48,8,7,1,5,5,5,5,5,5,5,9,9,9,1,1,2,2,1972,5,5,1,1,9,5,1,34000,9,19,1997,5,0,15,26100,28800,10,26100,27000,10,27000,27900,10,27900,28800,0,0,0,0,0,0,54000,1,10,54000,64800,0,0,0,0,0,0,0,0,0,0,0,0,65100,5,0,0,0,0,0,0,0,0,0,0,0,0,0,0,0,1
3,627,2,4,25,1997,1,4,12,24,24,0,17,2,1,2,1,2,1,3,5,1,1,1,5,5,5,5,5,5,1,5,5,5,5,9,3,3,3,3,3,3,3,3,3,3,3,3,3,3,3,3,3,3,3,2,3,3,2,3,3,3,3,3,3,3,3,2,5,1,8,9,0,0,0,0,5,1,5,0,1,0,0,0,2,9,6,0,1,0,2,0,0,1,2,48,7,6,9,9,9,9,1,9,9,5,5,5,5,5,9,2,1,1967,5,5,1,1,40,1,2,25000,4,23,1997,3,0,30,30600,32400,1,30600,30900,3,30900,31500,5,31500,32400,0,0,0,0,0,0,57600,5,0,0,0,0,0,0,0,0,0,0,0,0,0,0,0,58200,5,0,0,0,0,0,0,0,0,0,0,0,0,0,0,0,1
3,4769,7,5,20,1997,3,5,38,9,12,0,14,2,1,3,2,1,1,1,5,9,1,2,5,5,1,5,5,5,1,5,1,1,1,9,3,3,3,2,3,2,3,3,3,2,2,3,2,3,3,3,3,3,3,3,3,3,3,3,3,3,3,3,3,3,2,1,1,2,3,11,0,0,0,0,5,1,1,1,1,0,0,0,5,9,0,0,1,0,0,1,0,5,0,9,3,6,5,1,1,9,1,9,9,5,9,9,9,1,9,2,1,1949,5,5,5,1,40,2,2,24000,5,20,1997,2,0,25,25800,26100,3,25800,26100,9,26100,27000,99,99999,99999,0,0,0,0,0,0,54300,1,3,54300,54600,1,54600,55200,2,55200,55800,0,0,0,0,0,0,55800,5,0,0,0,0,0,0,0,0,0,0,0,0,0,0,0,5
3,3736,4,6,2,1997,1,2,8,9,18,0,12,2,8,2,2,2,3,2,5,1,2,2,5,5,5,5,5,5,5,5,5,5,5,5,3,3,3,3,3,3,3,3,3,3,3,3,3,3,3,3,3,3,3,3,3,3,3,3,3,3,3,3,3,3,3,0,5,5,11,1,0,0,0,0,6,1,5,0,1,0,0,0,12,0,0,0,2,0,0,0,0,5,0,36,3,4,5,5,5,5,5,5,5,5,5,1,5,5,9,2,1,1961,5,5,1,1,22,2,2,4000,5,7,1997,3,0,10,30600,34200,1,30600,31200,10,31200,32400,5,32400,33000,10,33000,33300,10,33600,99999,48600,1,10,48900,49200,10,49200,49800,10,49800,50100,10,50100,50400,0,0,0,50400,1,1,52200,55800,0,0,0,0,0,0,0,0,0,0,0,0,1
3,714,3,4,25,1997,1,4,3,6.5,6.5,0,17,2,1,3,1,2,2,9,5,3,3,2,5,5,5,5,5,5,1,5,5,5,1,9,1,2,1,2,3,1,1,2,2,1,1,3,1,3,3,2,2,1,1,2,1,2,3,3,1,3,2,3,2,3,1,0,5,5,2,12,3,0,0,0,4,1,1,2,1,0,0,0,6,8,3,0,1,0,1,0,0,1,3,132,3,5,1,9,9,9,9,9,9,1,5,5,1,1,9,2,1,1957,5,5,5,1,40,2,2,16986,4,25,1997,2,0,30,30600,34200,1,32400,33600,4,33600,34500,5,34500,34800,10,34800,35100,3,35100,35400,45000,1,10,45600,46200,1,46200,48600,10,59400,60600,10,60600,61200,10,48600,61200,61200,1,1,66600,70200,3,70200,74700,6,75600,79200,6,80100,86400,0,0,0,1
3,44,3,4,24,1997,1,5,40,7,24,8,23,2,1,2,2,2,3,3,5,2,2,2,5,5,5,5,5,5,5,5,5,5,5,5,2,3,3,3,3,3,3,3,3,3,3,3,3,3,3,3,3,3,3,3,3,3,3,3,3,3,3,3,3,3,3,0,1,2,0,23,0,0,0,0,1,1,5,0,1,0,0,0,23,0,0,0,1,0,1,0,0,1,3,36,1,6,9,9,9,1,9,9,9,5,9,9,9,1,9,2,2,1943,5,1,1,1,40,4,2,15000,4,24,1997,5,2,0,30600,28800,99,99999,99999,0,0,0,0,0,0,0,0,0,0,0,0,63900,1,99,99999,99999,0,0,0,0,0,0,0,0,0,0,0,0,64800,5,0,0,0,0,0,0,0,0,0,0,0,0,0,0,0,1
3,6313,2,10,14,1997,1,5,9,2,99,2,40,1,8,3,8,2,1,1,5,2,2,2,5,5,5,5,5,5,5,5,5,1,1,9,3,3,3,3,3,3,3,3,3,3,3,3,3,3,3,3,3,3,3,3,3,3,3,3,3,3,3,3,3,3,3,0,5,5,0,40,0,0,0,0,1,1,5,0,1,0,0,0,38,2,0,0,4,1,0,0,0,1,2,84,3,3,5,5,5,5,5,5,9,1,1,5,5,1,5,2,2,1966,5,1,1,1,50,3,3,15600,10,16,1997,4,0,5,23400,23400,1,23400,25200,4,23400,32400,10,28800,32400,10,32400,34200,10,34200,36000,64800,5,0,0,0,0,0,0,0,0,0,0,0,0,0,0,0,62100,1,7,66600,68400,0,0,0,0,0,0,0,0,0,0,0,0,1
3,6313,4,10,16,1997,4,5,8,2,24,3,11,1,1,1,1,2,1,1,1,0,0,0,0,0,0,0,0,0,0,0,0,0,0,0,0,0,0,0,0,0,0,0,0,0,0,0,0,0,0,0,0,0,0,0,0,0,0,0,0,0,0,0,0,0,0,0,0,0,0,11,0,0,0,0,2,1,5,0,1,0,0,11,0,0,0,0,2,1,1,0,2,5,0,24,1,2,5,5,5,5,5,5,5,1,5,5,5,1,5,2,2,1967,5,5,1,1,10,2,2,13000,10,15,1997,3,0,45,21600,21600,99,99999,99999,0,0,0,0,0,0,0,0,0,0,0,0,64800,5,0,0,0,0,0,0,0,0,0,0,0,0,0,0,0,63000,5,0,0,0,0,0,0,0,0,0,0,0,0,0,0,0,5
3,3603,4,4,99,1997,3,5,6,4,4,99,9,2,1,3,2,2,2,2,5,1,1,1,5,1,5,5,5,5,1,5,5,1,1,9,3,3,3,3,3,3,3,3,3,3,3,3,3,3,3,3,3,3,3,3,3,3,3,3,3,3,3,3,3,3,3,1,1,3,2,7,0,0,0,0,7,1,5,0,1,0,0,0,7,1,1,0,1,0,1,0,0,1,2,36,7,7,1,5,5,5,1,5,9,5,1,5,5,5,1,2,1,1965,5,5,1,1,40,2,4,22000,4,24,1997,4,0,5,27000,27900,10,27000,27300,1,27300,27900,3,27900,28200,0,0,0,0,0,0,50400,1,10,50400,51300,3,51300,53100,7,51300,53100,1,53100,54000,0,0,0,54000,1,7,74700,79200,0,0,0,0,0,0,0,0,0,0,0,0,1
3,5150,3,6,19,1997,1,5,40,5,6.5,1,6,1,2,8,1,2,1,1,1,0,0,0,0,0,0,0,0,0,0,0,0,0,0,0,0,0,0,0,0,0,0,0,0,0,0,0,0,0,0,0,0,0,0,0,0,0,0,0,0,0,0,0,0,0,0,0,0,0,0,6,0,0,0,0,7,5,5,0,1,0,0,6,0,0,0,0,1,0,0,2,0,5,0,5,3,5,5,5,5,5,5,5,1,1,5,5,5,5,1,2,2,1975,5,1,1,1,40,2,2,12500,6,19,1997,4,0,30,30600,21600,4,30900,31500,7,31500,31800,9,31800,32400,99,99999,99999,0,0,0,64800,5,0,0,0,0,0,0,0,0,0,0,0,0,0,0,0,59400,1,1,62100,65700,0,0,0,0,0,0,0,0,0,0,0,0,5
3,5150,4,6,19,1997,1,5,40,5,6.5,1,6,1,2,8,1,2,1,1,1,0,0,0,0,0,0,0,0,0,0,0,0,0,0,0,0,0,0,0,0,0,0,0,0,0,0,0,0,0,0,0,0,0,0,0,0,0,0,0,0,0,0,0,0,0,0,0,0,0,0,6,0,0,0,0,7,5,5,0,1,0,0,6,0,0,0,0,1,0,0,2,0,5,0,5,3,5,5,5,5,5,5,5,1,1,5,5,5,5,1,2,2,1975,5,1,1,1,40,2,2,12500,6,19,1997,4,0,30,30600,21600,4,30900,31500,7,31500,31800,9,35400,32400,99,99999,99999,0,0,0,64800,5,0,0,0,0,0,0,0,0,0,0,0,0,0,0,0,59400,1,1,62100,65700,0,0,0,0,0,0,0,0,0,0,0,0,5
3,5361,3,99,99,9999,1,5,6,9,9,0,13,2,2,3,3,2,1,3,5,1,2,2,5,5,5,5,5,5,5,5,5,1,1,9,2,2,3,3,3,3,3,3,3,3,2,2,3,3,2,3,3,2,3,2,2,3,3,3,2,3,3,3,2,2,3,1,5,5,0,13,0,0,0,0,3,1,5,0,1,0,0,0,2,11,0,0,1,0,1,0,0,1,5,156,3,6,9,9,9,9,1,9,9,1,5,5,5,5,5,2,2,1927,5,5,1,1,15,1,1,12000,99,99,9999,1,0,35,30300,25200,99,99999,99999,0,0,0,0,0,0,0,0,0,0,0,0,61200,5,0,0,0,0,0,0,0,0,0,0,0,0,0,0,0,99999,9,1,99999,99999,0,0,0,0,0,0,0,0,0,0,0,0,1
3,54,3,99,99,9999,1,5,9,2,2,99,12,9,9,3,9,9,1,9,5,3,2,2,5,5,5,5,5,5,5,5,5,5,5,5,9,9,9,3,3,3,2,3,9,1,3,1,2,3,3,9,2,1,3,3,3,3,3,1,3,3,3,3,3,3,1,0,5,5,6,6,0,0,0,0,1,5,5,0,1,99,99,99,99,11,99,99,8,0,0,0,0,1,2,12,3,6,5,1,5,5,5,5,5,9,1,5,5,5,5,2,1,1939,5,5,5,1,47.5,1,1,99999,11,12,1997,3,0,15,25200,30600,10,25200,30600,0,0,0,0,0,0,0,0,0,0,0,0,63000,1,10,62100,63900,3,62100,63900,0,0,0,0,0,0,0,0,0,63900,5,0,0,0,0,0,0,0,0,0,0,0,0,0,0,0,1
3,6210,3,11,5,1997,1,5,6,2,12,0,19,9,9,9,2,9,9,9,5,3,3,9,5,5,1,5,5,5,1,5,5,5,1,1,3,3,2,3,2,3,1,1,2,2,2,2,2,9,3,2,3,3,3,3,3,3,3,3,3,3,3,3,3,9,3,1,1,2,99,99,0,0,0,9,5,1,5,0,1,0,0,0,0,0,0,19,1,0,1,0,0,1,5,8,3,7,1,5,5,5,5,5,5,5,1,5,5,1,1,2,1,1947,5,5,1,1,75,2,2,39000,11,5,1997,4,0,30,28800,33000,2,29400,30300,5,30300,31200,1,31200,32100,10,32100,32700,10,32700,33000,54000,1,2,54900,56100,1,56100,57300,3,57300,62100,5,62100,63000,10,63000,64800,64800,1,7,68700,72000,0,0,0,0,0,0,0,0,0,0,0,0,1
3,4557,3,4,21,1998,5,5,38,24,24,1,4,3,8,3,8,9,1,1,5,2,2,1,5,5,5,5,5,5,8,8,5,1,1,9,2,3,2,2,2,3,2,3,3,2,3,3,2,3,3,3,2,2,3,3,2,3,3,3,3,3,3,3,3,3,3,0,5,5,0,4,0,0,0,0,7,1,5,0,1,1,0,2,1,0,0,0,1,0,0,0,0,5,0,204,3,3,5,5,5,5,5,5,1,5,5,1,1,1,5,2,2,1949,5,5,1,1,50,1,3,16000,4,20,1998,1,0,0,27000,27000,99,99999,99999,0,0,0,0,0,0,0,0,0,0,0,0,61200,1,1,58500,60300,4,59400,61500,3,59400,61200,0,0,0,0,0,0,99999,1,5,99999,99999,6,99999,99999,3,99999,99999,0,0,0,0,0,0,1
3,4927,4,6,27,1997,3,5,3,9,9,99,5,3,2,3,2,3,2,2,5,2,2,2,5,5,1,5,5,5,5,5,5,5,5,9,2,2,2,9,9,9,2,2,9,9,9,2,2,9,9,9,2,2,3,2,2,3,2,2,2,2,9,9,9,9,2,1,9,1,0,5,0,0,0,0,2,1,5,0,1,0,0,0,0,0,0,5,3,0,2,2,4,5,0,1,3,7,9,1,1,9,1,9,9,5,5,5,5,1,9,2,1,1949,5,1,1,1,40,2,1,31450,6,27,1997,2,0,4,30000,30600,10,30000,31500,0,0,0,0,0,0,0,0,0,0,0,0,41400,5,0,0,0,0,0,0,0,0,0,0,0,0,0,0,0,42300,5,0,0,0,0,0,0,0,0,0,0,0,0,0,0,0,1
3,5405,4,6,4,1997,5,5,10,12,12,0,9,2,3,2,3,2,3,2,5,2,2,2,5,5,5,5,5,5,5,5,1,1,1,9,2,3,2,3,2,3,2,2,3,3,3,3,2,3,3,2,3,3,3,3,3,3,3,3,2,3,3,3,9,2,3,0,5,5,0,9,0,0,0,0,7,1,5,0,1,0,2,6,0,0,0,0,1,0,1,0,0,5,0,36,9,6,1,1,9,9,9,9,9,1,1,9,1,9,9,2,2,1955,5,1,1,1,50,4,2,99999,6,4,1997,3,0,20,25200,25200,1,25200,27000,4,27000,28800,5,28800,29700,3,34200,43200,2,46800,50400,64800,5,0,0,0,0,0,0,0,0,0,0,0,0,0,0,0,61200,1,7,64800,67200,1,72000,75600,0,0,0,0,0,0,0,0,0,1
3,3399,6,6,9,1997,1,2,24,24,24,18,21,1,1,1,1,1,1,2,5,2,1,1,9,5,5,5,5,5,5,5,5,5,5,9,3,3,3,3,3,3,3,3,3,3,3,3,3,3,3,3,3,3,3,3,2,3,3,3,3,3,3,3,3,3,3,0,5,5,0,28,0,0,0,0,2,5,5,0,1,1,3,12,1,0,1,0,1,0,0,1,0,1,4,120,3,3,1,9,9,9,9,9,9,5,9,9,1,9,9,2,2,1938,5,1,1,1,55,1,1,8660,6,6,1997,5,2,30,23400,23400,99,99999,99999,0,0,0,0,0,0,0,0,0,0,0,0,63000,1,1,63000,64800,3,64800,65700,0,0,0,0,0,0,0,0,0,65700,5,0,0,0,0,0,0,0,0,0,0,0,0,0,0,0,1
3,1279,3,4,7,1997,1,5,99,2,2,3,10,2,9,2,2,2,2,2,5,2,1,2,5,5,5,5,5,5,5,5,5,1,1,9,3,3,3,3,3,3,3,3,3,3,3,3,3,3,3,3,3,3,3,3,3,3,3,3,3,3,3,3,3,3,3,0,5,5,3,5,1,1,0,0,1,1,9,9,1,0,0,0,0,10,0,0,1,0,0,0,0,1,3,48,3,3,5,5,5,5,5,5,9,5,5,1,5,5,5,2,2,1965,1,5,1,1,40,2,2,15000,4,7,1997,1,1,0,23400,23400,10,23400,30600,10,30600,34200,10,34200,37800,10,39600,41400,10,42300,54000,66600,1,1,65700,66600,10,66600,67500,0,0,0,0,0,0,0,0,0,68400,1,7,70200,73800,0,0,0,0,0,0,0,0,0,0,0,0,1
